16:22:36 INFO MainThread ================================================================
16:22:36 INFO MainThread SC Lock Radio module imported. pid=16072 python=3.12.4
16:22:36 INFO MainThread Script=C:\Users\Duke\Downloads\SCLockRadio\SCLockRadio.py
16:22:37 INFO MainThread --- process exiting cleanly via atexit ---
16:24:40 INFO MainThread ================================================================
16:24:40 INFO MainThread SC Lock Radio module imported. pid=29068 python=3.12.4
16:24:40 INFO MainThread Script=c:\Users\Duke\Downloads\SCLockRadio\SCLockRadio.py
16:24:40 INFO MainThread === SC Lock Radio start. cwd=c:\Users\Duke\Downloads\SCLockRadio pid=29068 ===
16:24:40 INFO MainThread Running as admin: True
16:24:46 INFO Thread-1 Detector thread starting. Region={'left': 896, 'top': 504, 'width': 768, 'height': 432} mon=(2560x1440)
16:24:46 INFO Thread-1 Keyboard hook installed for T
16:24:46 DEBUG Thread-1 scan t_age=None bright=0/34 A=False B=False playing=False
16:24:48 DEBUG Thread-1 scan t_age=None bright=0/34 A=False B=False playing=False
16:24:50 DEBUG Thread-1 scan t_age=None bright=0/34 A=False B=False playing=False
16:24:52 DEBUG Thread-1 scan t_age=None bright=0/34 A=False B=False playing=False
16:24:54 DEBUG Thread-1 scan t_age=None bright=0/34 A=False B=False playing=False
16:24:56 DEBUG Thread-1 scan t_age=None bright=0/34 A=False B=False playing=False
16:24:58 DEBUG Thread-1 scan t_age=None bright=0/34 A=False B=False playing=False
16:25:00 DEBUG Thread-1 scan t_age=None bright=0/34 A=False B=False playing=False
16:25:02 DEBUG Thread-1 scan t_age=None bright=0/34 A=False B=False playing=False
16:25:04 DEBUG Thread-1 scan t_age=None bright=0/34 A=False B=False playing=False
16:25:06 DEBUG Thread-1 scan t_age=None bright=0/34 A=False B=False playing=False
16:25:07 INFO Thread-3 (process) T pressed (event scan_code=20 name=t)
16:25:08 DEBUG Thread-1 scan t_age=1.97 bright=0/34 A=True B=False playing=False
16:25:11 DEBUG Thread-1 scan t_age=4.00 bright=0/34 A=False B=False playing=False
16:25:13 DEBUG Thread-1 scan t_age=6.03 bright=0/34 A=False B=False playing=False
16:25:15 DEBUG Thread-1 scan t_age=8.05 bright=0/34 A=False B=False playing=False
16:25:17 DEBUG Thread-1 scan t_age=10.08 bright=0/34 A=False B=False playing=False
16:25:19 DEBUG Thread-1 scan t_age=12.11 bright=0/34 A=False B=False playing=False
16:25:21 DEBUG Thread-1 scan t_age=14.16 bright=0/34 A=False B=False playing=False
16:25:23 DEBUG Thread-1 scan t_age=16.19 bright=0/34 A=False B=False playing=False
16:25:25 DEBUG Thread-1 scan t_age=18.23 bright=0/34 A=False B=False playing=False
16:25:27 DEBUG Thread-1 scan t_age=20.27 bright=0/34 A=False B=False playing=False
16:25:29 DEBUG Thread-1 scan t_age=22.31 bright=0/34 A=False B=False playing=False
16:25:31 DEBUG Thread-1 scan t_age=24.34 bright=0/34 A=False B=False playing=False
16:25:33 DEBUG Thread-1 scan t_age=26.38 bright=0/34 A=False B=False playing=False
16:25:34 INFO Thread-3 (process) T pressed (event scan_code=20 name=t)
16:25:34 INFO Thread-3 (process) T pressed (event scan_code=20 name=t)
16:25:35 INFO Thread-3 (process) T pressed (event scan_code=20 name=t)
16:25:35 INFO Thread-3 (process) T pressed (event scan_code=20 name=t)
16:25:35 INFO Thread-3 (process) T pressed (event scan_code=20 name=t)
16:25:35 DEBUG Thread-1 scan t_age=0.04 bright=0/34 A=True B=False playing=False
16:25:35 INFO Thread-3 (process) T pressed (event scan_code=20 name=t)
16:25:35 INFO Thread-3 (process) T pressed (event scan_code=20 name=t)
16:25:35 INFO Thread-3 (process) T pressed (event scan_code=20 name=t)
16:25:36 INFO Thread-3 (process) T pressed (event scan_code=20 name=t)
16:25:36 INFO Thread-3 (process) T pressed (event scan_code=20 name=t)
16:25:36 INFO Thread-3 (process) T pressed (event scan_code=20 name=t)
16:25:37 INFO Thread-3 (process) T pressed (event scan_code=20 name=t)
16:25:37 INFO Thread-3 (process) T pressed (event scan_code=20 name=t)
16:25:37 DEBUG Thread-1 scan t_age=0.05 bright=0/34 A=True B=False playing=False
16:25:37 INFO Thread-3 (process) T pressed (event scan_code=20 name=t)
16:25:37 INFO Thread-3 (process) T pressed (event scan_code=20 name=t)
16:25:38 INFO Thread-3 (process) T pressed (event scan_code=20 name=t)
16:25:38 INFO Thread-3 (process) T pressed (event scan_code=20 name=t)
16:25:39 DEBUG Thread-1 scan t_age=1.12 bright=0/34 A=True B=False playing=False
16:25:40 INFO MainThread === mainloop exited normally ===
16:25:40 INFO MainThread --- process exiting cleanly via atexit ---
16:27:40 INFO MainThread ================================================================
16:27:40 INFO MainThread SC Lock Radio module imported. pid=16188 python=3.12.4
16:27:40 INFO MainThread Script=c:\Users\Duke\Downloads\SCLockRadio\SCLockRadio.py
16:27:40 INFO MainThread === SC Lock Radio start. cwd=c:\Users\Duke\Downloads\SCLockRadio pid=16188 ===
16:27:40 INFO MainThread Running as admin: True
16:27:43 INFO Thread-1 Detector thread starting. Region={'left': 896, 'top': 504, 'width': 768, 'height': 432} mon=(2560x1440)
16:27:43 INFO Thread-1 Keyboard hook installed for T
16:27:43 DEBUG Thread-1 scan t_age=None bright=0/34 A=False B=False playing=False
16:27:45 DEBUG Thread-1 scan t_age=None bright=0/34 A=False B=False playing=False
16:27:47 DEBUG Thread-1 scan t_age=None bright=0/34 A=False B=False playing=False
16:27:49 DEBUG Thread-1 scan t_age=None bright=0/34 A=False B=False playing=False
16:27:51 INFO Thread-3 (process) T pressed (event scan_code=20 name=t)
16:27:51 DEBUG Thread-1 scan t_age=0.34 bright=0/34 A=True B=False playing=False
16:27:53 DEBUG Thread-1 scan t_age=2.37 bright=0/34 A=False B=False playing=False
16:27:54 INFO Thread-3 (process) T pressed (event scan_code=20 name=t)
16:27:55 DEBUG Thread-1 scan t_age=0.89 bright=0/34 A=True B=False playing=False
16:27:57 DEBUG Thread-1 scan t_age=2.93 bright=0/34 A=False B=False playing=False
16:27:59 DEBUG Thread-1 scan t_age=4.97 bright=0/34 A=False B=False playing=False
16:28:01 DEBUG Thread-1 scan t_age=7.01 bright=0/34 A=False B=False playing=False
16:28:03 DEBUG Thread-1 scan t_age=9.06 bright=0/34 A=False B=False playing=False
16:28:05 DEBUG Thread-1 scan t_age=11.10 bright=0/34 A=False B=False playing=False
16:28:07 DEBUG Thread-1 scan t_age=13.14 bright=0/34 A=False B=False playing=False
16:28:09 DEBUG Thread-1 scan t_age=15.18 bright=0/34 A=False B=False playing=False
16:28:11 DEBUG Thread-1 scan t_age=17.22 bright=0/34 A=False B=False playing=False
16:28:13 DEBUG Thread-1 scan t_age=19.26 bright=0/34 A=False B=False playing=False
16:28:15 INFO Thread-3 (process) T pressed (event scan_code=20 name=t)
16:28:15 INFO Thread-3 (process) T pressed (event scan_code=20 name=t)
16:28:15 INFO Thread-3 (process) T pressed (event scan_code=20 name=t)
16:28:16 DEBUG Thread-1 scan t_age=0.03 bright=0/34 A=True B=False playing=False
16:28:16 INFO Thread-3 (process) T pressed (event scan_code=20 name=t)
16:28:16 INFO Thread-3 (process) T pressed (event scan_code=20 name=t)
16:28:16 INFO Thread-3 (process) T pressed (event scan_code=20 name=t)
16:28:18 DEBUG Thread-1 scan t_age=1.53 bright=0/34 A=True B=False playing=False
16:28:20 DEBUG Thread-1 scan t_age=3.57 bright=0/34 A=False B=False playing=False
16:28:22 DEBUG Thread-1 scan t_age=5.61 bright=0/34 A=False B=False playing=False
16:28:24 DEBUG Thread-1 scan t_age=7.65 bright=0/34 A=False B=False playing=False
16:28:26 DEBUG Thread-1 scan t_age=9.69 bright=0/34 A=False B=False playing=False
16:28:28 DEBUG Thread-1 scan t_age=11.73 bright=0/34 A=False B=False playing=False
16:28:30 DEBUG Thread-1 scan t_age=13.77 bright=0/34 A=False B=False playing=False
16:28:32 DEBUG Thread-1 scan t_age=15.81 bright=0/34 A=False B=False playing=False
16:28:34 DEBUG Thread-1 scan t_age=17.86 bright=0/34 A=False B=False playing=False
16:28:36 DEBUG Thread-1 scan t_age=19.90 bright=0/34 A=False B=False playing=False
16:28:38 DEBUG Thread-1 scan t_age=21.94 bright=0/34 A=False B=False playing=False
16:28:40 DEBUG Thread-1 scan t_age=23.98 bright=0/34 A=False B=False playing=False
16:28:42 INFO Thread-3 (process) T pressed (event scan_code=20 name=t)
16:28:42 DEBUG Thread-1 scan t_age=0.27 bright=0/34 A=True B=False playing=False
16:28:44 DEBUG Thread-1 scan t_age=2.31 bright=0/34 A=False B=False playing=False
16:28:46 DEBUG Thread-1 scan t_age=4.35 bright=0/34 A=False B=False playing=False
16:28:48 DEBUG Thread-1 scan t_age=6.38 bright=0/34 A=False B=False playing=False
16:28:50 DEBUG Thread-1 scan t_age=8.40 bright=0/34 A=False B=False playing=False
16:28:52 DEBUG Thread-1 scan t_age=10.44 bright=0/34 A=False B=False playing=False
16:28:54 DEBUG Thread-1 scan t_age=12.47 bright=0/34 A=False B=False playing=False
16:28:56 DEBUG Thread-1 scan t_age=14.52 bright=0/34 A=False B=False playing=False
16:28:58 DEBUG Thread-1 scan t_age=16.56 bright=0/34 A=False B=False playing=False
16:29:00 DEBUG Thread-1 scan t_age=18.60 bright=0/34 A=False B=False playing=False
16:29:02 DEBUG Thread-1 scan t_age=20.64 bright=0/34 A=False B=False playing=False
16:29:04 DEBUG Thread-1 scan t_age=22.68 bright=0/34 A=False B=False playing=False
16:29:07 DEBUG Thread-1 scan t_age=24.72 bright=0/34 A=False B=False playing=False
16:29:09 DEBUG Thread-1 scan t_age=26.77 bright=0/34 A=False B=False playing=False
16:29:11 DEBUG Thread-1 scan t_age=28.81 bright=0/34 A=False B=False playing=False
16:29:12 INFO Thread-3 (process) T pressed (event scan_code=20 name=t)
16:29:13 INFO Thread-3 (process) T pressed (event scan_code=20 name=t)
16:29:13 DEBUG Thread-1 scan t_age=0.06 bright=0/34 A=True B=False playing=False
16:29:14 INFO Thread-3 (process) T pressed (event scan_code=20 name=t)
16:29:15 DEBUG Thread-1 scan t_age=0.82 bright=0/34 A=True B=False playing=False
16:29:15 INFO Thread-3 (process) T pressed (event scan_code=20 name=t)
16:29:16 INFO Thread-3 (process) T pressed (event scan_code=20 name=t)
16:29:17 DEBUG Thread-1 scan t_age=0.73 bright=0/34 A=True B=False playing=False
16:29:18 INFO Thread-3 (process) T pressed (event scan_code=20 name=t)
16:29:19 DEBUG Thread-1 scan t_age=0.42 bright=0/34 A=True B=False playing=False
16:29:21 DEBUG Thread-1 scan t_age=2.46 bright=0/34 A=False B=False playing=False
16:29:22 INFO Thread-3 (process) T pressed (event scan_code=20 name=t)
16:29:23 DEBUG Thread-1 scan t_age=0.46 bright=0/34 A=True B=False playing=False
16:29:25 DEBUG Thread-1 scan t_age=2.50 bright=0/34 A=False B=False playing=False
16:29:27 DEBUG Thread-1 scan t_age=4.54 bright=0/34 A=False B=False playing=False
16:29:29 DEBUG Thread-1 scan t_age=6.58 bright=0/34 A=False B=False playing=False
16:29:31 DEBUG Thread-1 scan t_age=8.62 bright=0/34 A=False B=False playing=False
16:29:33 DEBUG Thread-1 scan t_age=10.65 bright=0/34 A=False B=False playing=False
16:29:35 DEBUG Thread-1 scan t_age=12.69 bright=0/34 A=False B=False playing=False
16:29:36 INFO Thread-3 (process) T pressed (event scan_code=20 name=t)
16:29:37 DEBUG Thread-1 scan t_age=1.45 bright=0/34 A=True B=False playing=False
16:31:30 INFO MainThread ================================================================
16:31:30 INFO MainThread SC Lock Radio module imported. pid=40748 python=3.12.4
16:31:30 INFO MainThread Script=c:\Users\Duke\Downloads\SCLockRadio\SCLockRadio.py
16:31:30 INFO MainThread === SC Lock Radio start. cwd=c:\Users\Duke\Downloads\SCLockRadio pid=40748 ===
16:31:30 INFO MainThread Running as admin: True
16:31:34 INFO Thread-1 Detector thread starting. Region={'left': 896, 'top': 504, 'width': 768, 'height': 432} mon=(2560x1440)
16:31:34 INFO Thread-1 Keyboard hook installed for T
16:31:34 DEBUG Thread-1 scan t_age=None bright=0/34 A=False B=False playing=False
16:31:36 DEBUG Thread-1 scan t_age=None bright=0/34 A=False B=False playing=False
16:31:37 INFO Thread-3 (process) T pressed (event scan_code=20 name=t)
16:31:38 INFO Thread-3 (process) T pressed (event scan_code=20 name=t)
16:31:38 DEBUG Thread-1 scan t_age=0.01 bright=0/34 A=True B=False playing=False
16:31:38 INFO Thread-3 (process) T pressed (event scan_code=20 name=t)
16:31:39 INFO Thread-3 (process) T pressed (event scan_code=20 name=t)
16:31:40 INFO Thread-3 (process) T pressed (event scan_code=20 name=t)
16:31:40 DEBUG Thread-1 scan t_age=0.01 bright=0/34 A=True B=False playing=False
16:31:40 INFO Thread-3 (process) T pressed (event scan_code=20 name=t)
16:31:41 INFO Thread-3 (process) T pressed (event scan_code=20 name=t)
16:31:41 INFO Thread-3 (process) T pressed (event scan_code=20 name=t)
16:31:42 INFO Thread-3 (process) T pressed (event scan_code=20 name=t)
16:31:42 DEBUG Thread-1 scan t_age=0.34 bright=0/34 A=True B=False playing=False
16:31:44 DEBUG Thread-1 scan t_age=2.37 bright=0/34 A=False B=False playing=False
16:31:46 DEBUG Thread-1 scan t_age=4.41 bright=0/34 A=False B=False playing=False
16:31:48 DEBUG Thread-1 scan t_age=6.45 bright=0/34 A=False B=False playing=False
16:31:50 DEBUG Thread-1 scan t_age=8.49 bright=0/34 A=False B=False playing=False
16:31:51 INFO Thread-3 (process) T pressed (event scan_code=20 name=t)
16:31:51 INFO Thread-3 (process) T pressed (event scan_code=20 name=t)
16:31:52 INFO Thread-3 (process) T pressed (event scan_code=20 name=t)
16:31:52 INFO Thread-3 (process) T pressed (event scan_code=20 name=t)
16:31:52 DEBUG Thread-1 scan t_age=0.32 bright=0/34 A=True B=False playing=False
16:31:53 INFO Thread-3 (process) T pressed (event scan_code=20 name=t)
16:31:53 INFO Thread-3 (process) T pressed (event scan_code=20 name=t)
16:31:53 INFO Thread-3 (process) T pressed (event scan_code=20 name=t)
16:31:53 INFO Thread-3 (process) T pressed (event scan_code=20 name=t)
16:31:53 INFO Thread-3 (process) T pressed (event scan_code=20 name=t)
16:31:53 INFO Thread-3 (process) T pressed (event scan_code=20 name=t)
16:31:54 INFO Thread-3 (process) T pressed (event scan_code=20 name=t)
16:31:54 INFO Thread-3 (process) T pressed (event scan_code=20 name=t)
16:31:54 DEBUG Thread-1 scan t_age=0.37 bright=0/34 A=True B=False playing=False
16:31:55 INFO Thread-3 (process) T pressed (event scan_code=20 name=t)
16:31:56 INFO Thread-3 (process) T pressed (event scan_code=20 name=t)
16:31:57 DEBUG Thread-1 scan t_age=0.86 bright=0/34 A=True B=False playing=False
16:31:57 INFO Thread-3 (process) T pressed (event scan_code=20 name=t)
16:31:57 INFO Thread-3 (process) T pressed (event scan_code=20 name=t)
16:31:58 INFO Thread-3 (process) T pressed (event scan_code=20 name=t)
16:31:59 DEBUG Thread-1 scan t_age=0.43 bright=0/34 A=True B=False playing=False
16:31:59 INFO Thread-3 (process) T pressed (event scan_code=20 name=t)
16:32:01 DEBUG Thread-1 scan t_age=1.68 bright=0/34 A=True B=False playing=False
16:32:03 DEBUG Thread-1 scan t_age=3.72 bright=0/34 A=False B=False playing=False
16:32:05 DEBUG Thread-1 scan t_age=5.76 bright=0/34 A=False B=False playing=False
16:32:07 DEBUG Thread-1 scan t_age=7.79 bright=0/34 A=False B=False playing=False
16:32:09 DEBUG Thread-1 scan t_age=9.83 bright=0/34 A=False B=False playing=False
16:32:11 DEBUG Thread-1 scan t_age=11.88 bright=0/34 A=False B=False playing=False
16:32:13 DEBUG Thread-1 scan t_age=13.92 bright=0/34 A=False B=False playing=False
16:32:13 INFO Thread-3 (process) T pressed (event scan_code=20 name=t)
16:32:14 INFO Thread-3 (process) T pressed (event scan_code=20 name=t)
16:32:15 DEBUG Thread-1 scan t_age=1.00 bright=0/34 A=True B=False playing=False
16:32:17 DEBUG Thread-1 scan t_age=3.04 bright=0/34 A=False B=False playing=False
16:32:19 DEBUG Thread-1 scan t_age=5.08 bright=0/34 A=False B=False playing=False
16:32:21 DEBUG Thread-1 scan t_age=7.12 bright=0/34 A=False B=False playing=False
16:32:23 DEBUG Thread-1 scan t_age=9.16 bright=0/34 A=False B=False playing=False
16:32:25 DEBUG Thread-1 scan t_age=11.20 bright=0/34 A=False B=False playing=False
16:32:26 INFO Thread-3 (process) T pressed (event scan_code=20 name=t)
16:32:27 DEBUG Thread-1 scan t_age=0.93 bright=0/34 A=True B=False playing=False
16:32:29 DEBUG Thread-1 scan t_age=2.97 bright=0/34 A=False B=False playing=False
16:32:31 DEBUG Thread-1 scan t_age=5.01 bright=0/34 A=False B=False playing=False
16:32:33 DEBUG Thread-1 scan t_age=7.05 bright=0/34 A=False B=False playing=False
16:32:35 DEBUG Thread-1 scan t_age=9.09 bright=0/34 A=False B=False playing=False
16:32:37 DEBUG Thread-1 scan t_age=11.14 bright=0/34 A=False B=False playing=False
16:32:39 DEBUG Thread-1 scan t_age=13.17 bright=0/34 A=False B=False playing=False
16:32:41 DEBUG Thread-1 scan t_age=15.21 bright=0/34 A=False B=False playing=False
16:32:43 DEBUG Thread-1 scan t_age=17.25 bright=0/34 A=False B=False playing=False
16:32:46 DEBUG Thread-1 scan t_age=19.29 bright=0/34 A=False B=False playing=False
16:32:48 DEBUG Thread-1 scan t_age=21.33 bright=0/34 A=False B=False playing=False
16:32:50 DEBUG Thread-1 scan t_age=23.37 bright=0/34 A=False B=False playing=False
16:32:52 DEBUG Thread-1 scan t_age=25.41 bright=0/34 A=False B=False playing=False
16:32:54 DEBUG Thread-1 scan t_age=27.44 bright=0/34 A=False B=False playing=False
16:32:56 DEBUG Thread-1 scan t_age=29.48 bright=0/34 A=False B=False playing=False
16:32:58 DEBUG Thread-1 scan t_age=31.51 bright=0/34 A=False B=False playing=False
16:33:00 DEBUG Thread-1 scan t_age=33.54 bright=0/34 A=False B=False playing=False
16:33:02 DEBUG Thread-1 scan t_age=35.58 bright=0/34 A=False B=False playing=False
16:33:04 INFO MainThread === mainloop exited normally ===
16:33:04 INFO MainThread --- process exiting cleanly via atexit ---
16:33:34 INFO MainThread ================================================================
16:33:34 INFO MainThread SC Lock Radio module imported. pid=440 python=3.12.4
16:33:34 INFO MainThread Script=c:\Users\Duke\Downloads\SCLockRadio\SCLockRadio.py
16:33:34 INFO MainThread === SC Lock Radio start. cwd=c:\Users\Duke\Downloads\SCLockRadio pid=440 ===
16:33:34 INFO MainThread Running as admin: True
16:33:37 INFO Thread-1 Detector thread starting. Region={'left': 896, 'top': 504, 'width': 768, 'height': 432} mon=(2560x1440)
16:33:37 INFO Thread-1 Keyboard hook installed for T
16:33:37 DEBUG Thread-1 scan t_age=None bright=0/34 A=False B=False playing=False
16:33:39 DEBUG Thread-1 scan t_age=None bright=0/34 A=False B=False playing=False
16:33:41 DEBUG Thread-1 scan t_age=None bright=0/34 A=False B=False playing=False
16:33:43 DEBUG Thread-1 scan t_age=None bright=0/34 A=False B=False playing=False
16:33:45 DEBUG Thread-1 scan t_age=None bright=0/34 A=False B=False playing=False
16:33:47 DEBUG Thread-1 scan t_age=None bright=1905/34 A=False B=True playing=False
16:33:48 INFO Thread-3 (process) T pressed (event scan_code=20 name=t)
16:33:49 DEBUG Thread-1 scan t_age=1.23 bright=2112/34 A=True B=True playing=False
16:33:49 INFO Thread-1 LOCK TRIGGER: starting music
16:33:51 DEBUG Thread-1 scan t_age=3.28 bright=1887/34 A=False B=True playing=True
16:33:51 INFO Thread-3 (process) T pressed (event scan_code=20 name=t)
16:33:53 DEBUG Thread-1 scan t_age=1.81 bright=2320/34 A=True B=True playing=True
16:33:55 DEBUG Thread-1 scan t_age=3.85 bright=368/34 A=False B=True playing=True
16:33:57 DEBUG Thread-1 scan t_age=5.90 bright=196/34 A=False B=True playing=True
16:33:59 DEBUG Thread-1 scan t_age=7.94 bright=14420/34 A=False B=True playing=True
16:34:01 DEBUG Thread-1 scan t_age=9.99 bright=14422/34 A=False B=True playing=True
16:34:03 DEBUG Thread-1 scan t_age=12.04 bright=14420/34 A=False B=True playing=True
16:34:05 DEBUG Thread-1 scan t_age=14.08 bright=288/34 A=False B=True playing=True
16:34:07 DEBUG Thread-1 scan t_age=16.13 bright=0/34 A=False B=False playing=True
16:34:09 DEBUG Thread-1 scan t_age=18.18 bright=0/34 A=False B=False playing=True
16:34:11 DEBUG Thread-1 scan t_age=20.22 bright=0/34 A=False B=False playing=True
16:34:13 DEBUG Thread-1 scan t_age=22.26 bright=0/34 A=False B=False playing=True
16:34:14 INFO Thread-3 (process) T pressed (event scan_code=20 name=t)
16:34:14 INFO Thread-3 (process) T pressed (event scan_code=20 name=t)
16:34:15 INFO Thread-3 (process) T pressed (event scan_code=20 name=t)
16:34:15 INFO Thread-3 (process) T pressed (event scan_code=20 name=t)
16:34:15 DEBUG Thread-1 scan t_age=0.37 bright=0/34 A=True B=False playing=True
16:34:16 INFO Thread-3 (process) T pressed (event scan_code=20 name=t)
16:34:17 DEBUG Thread-1 scan t_age=1.65 bright=0/34 A=True B=False playing=True
16:34:20 DEBUG Thread-1 scan t_age=3.68 bright=0/34 A=False B=False playing=True
16:34:22 DEBUG Thread-1 scan t_age=5.72 bright=0/34 A=False B=False playing=True
16:34:24 DEBUG Thread-1 scan t_age=7.76 bright=0/34 A=False B=False playing=True
16:34:26 DEBUG Thread-1 scan t_age=9.80 bright=0/34 A=False B=False playing=True
16:34:28 DEBUG Thread-1 scan t_age=11.84 bright=0/34 A=False B=False playing=True
16:34:30 DEBUG Thread-1 scan t_age=13.88 bright=0/34 A=False B=False playing=False
16:34:32 DEBUG Thread-1 scan t_age=15.93 bright=0/34 A=False B=False playing=False
16:34:34 DEBUG Thread-1 scan t_age=17.97 bright=0/34 A=False B=False playing=False
16:34:36 DEBUG Thread-1 scan t_age=20.01 bright=0/34 A=False B=False playing=False
16:34:38 DEBUG Thread-1 scan t_age=22.05 bright=0/34 A=False B=False playing=False
16:34:40 DEBUG Thread-1 scan t_age=24.09 bright=0/34 A=False B=False playing=False
16:34:42 DEBUG Thread-1 scan t_age=26.13 bright=0/34 A=False B=False playing=False
16:34:44 DEBUG Thread-1 scan t_age=28.17 bright=0/34 A=False B=False playing=False
16:34:46 DEBUG Thread-1 scan t_age=30.21 bright=0/34 A=False B=False playing=False
16:34:48 DEBUG Thread-1 scan t_age=32.25 bright=0/34 A=False B=False playing=False
16:34:50 DEBUG Thread-1 scan t_age=34.29 bright=0/34 A=False B=False playing=False
16:34:52 DEBUG Thread-1 scan t_age=36.34 bright=0/34 A=False B=False playing=False
16:34:54 DEBUG Thread-1 scan t_age=38.38 bright=0/34 A=False B=False playing=False
16:34:56 DEBUG Thread-1 scan t_age=40.42 bright=0/34 A=False B=False playing=False
16:34:58 DEBUG Thread-1 scan t_age=42.46 bright=0/34 A=False B=False playing=False
16:35:00 DEBUG Thread-1 scan t_age=44.50 bright=0/34 A=False B=False playing=False
16:35:02 DEBUG Thread-1 scan t_age=46.54 bright=0/34 A=False B=False playing=False
16:35:04 DEBUG Thread-1 scan t_age=48.58 bright=845/34 A=False B=True playing=False
16:35:06 DEBUG Thread-1 scan t_age=50.62 bright=682/34 A=False B=True playing=False
16:35:09 DEBUG Thread-1 scan t_age=52.66 bright=1020/34 A=False B=True playing=False
16:35:11 DEBUG Thread-1 scan t_age=54.71 bright=0/34 A=False B=False playing=False
16:35:13 DEBUG Thread-1 scan t_age=56.75 bright=0/34 A=False B=False playing=False
16:36:02 INFO MainThread === mainloop exited normally ===
16:36:02 INFO MainThread --- process exiting cleanly via atexit ---
16:36:24 INFO MainThread ================================================================
16:36:24 INFO MainThread SC Lock Radio module imported. pid=34184 python=3.12.4
16:36:24 INFO MainThread Script=C:\Users\Duke\Downloads\SCLockRadio\SCLockRadio.py
16:36:24 INFO Thread-1 Detector thread starting. Region={'left': 896, 'top': 504, 'width': 768, 'height': 432} mon=(2560x1440)
16:36:25 INFO Thread-1 Keyboard hook installed for T
16:36:25 DEBUG Thread-1 scan t_age=None bright=380/34 A=False B=True playing=False
16:36:25 INFO Thread-4 Detector thread starting. Region={'left': 896, 'top': 504, 'width': 768, 'height': 432} mon=(2560x1440)
16:36:25 INFO Thread-4 Keyboard hook installed for T
16:36:25 DEBUG Thread-4 scan t_age=None bright=377/34 A=False B=True playing=False
16:36:26 INFO MainThread --- process exiting cleanly via atexit ---
16:37:16 INFO MainThread ================================================================
16:37:16 INFO MainThread SC Lock Radio module imported. pid=19164 python=3.12.4
16:37:16 INFO MainThread Script=c:\Users\Duke\Downloads\SCLockRadio\SCLockRadio.py
16:37:16 INFO MainThread === SC Lock Radio start. cwd=c:\Users\Duke\Downloads\SCLockRadio pid=19164 ===
16:37:16 INFO MainThread Running as admin: True
16:37:25 INFO Thread-1 Detector thread starting. Region={'left': 896, 'top': 504, 'width': 768, 'height': 432} mon=(2560x1440)
16:37:25 INFO Thread-1 Keyboard hook installed for T
16:37:25 DEBUG Thread-1 scan t_age=None bright=0/34 A=False B=False playing=False
16:37:27 DEBUG Thread-1 scan t_age=None bright=0/34 A=False B=False playing=False
16:37:29 DEBUG Thread-1 scan t_age=None bright=0/34 A=False B=False playing=False
16:37:31 INFO Thread-3 (process) T pressed (event scan_code=20 name=t)
16:37:31 DEBUG Thread-1 scan t_age=0.32 bright=365/34 A=True B=True playing=False
16:37:31 INFO Thread-1 LOCK TRIGGER: starting music
16:37:31 INFO Thread-1 Music started: NA - Scar Symmetry - Chaosweaver
16:37:33 DEBUG Thread-1 scan t_age=2.36 bright=1429/34 A=False B=True playing=True
16:37:35 DEBUG Thread-1 scan t_age=4.41 bright=610/34 A=False B=True playing=True
16:37:37 DEBUG Thread-1 scan t_age=6.46 bright=285/34 A=False B=True playing=True
16:37:39 DEBUG Thread-1 scan t_age=8.50 bright=373/34 A=False B=True playing=True
16:37:41 DEBUG Thread-1 scan t_age=10.55 bright=420/34 A=False B=True playing=True
16:37:44 DEBUG Thread-1 scan t_age=12.59 bright=425/34 A=False B=True playing=True
16:37:46 DEBUG Thread-1 scan t_age=14.64 bright=358/34 A=False B=True playing=True
16:37:48 DEBUG Thread-1 scan t_age=16.68 bright=450/34 A=False B=True playing=True
16:37:50 DEBUG Thread-1 scan t_age=18.73 bright=1102/34 A=False B=True playing=True
16:37:52 DEBUG Thread-1 scan t_age=20.78 bright=8517/34 A=False B=True playing=True
16:37:53 INFO Thread-3 (process) T pressed (event scan_code=20 name=t)
16:37:54 DEBUG Thread-1 scan t_age=0.45 bright=1332/34 A=True B=True playing=True
16:37:54 INFO Thread-3 (process) T pressed (event scan_code=20 name=t)
16:37:54 INFO Thread-3 (process) T pressed (event scan_code=20 name=t)
16:37:55 INFO Thread-3 (process) T pressed (event scan_code=20 name=t)
16:37:56 DEBUG Thread-1 scan t_age=1.00 bright=965/34 A=True B=True playing=True
16:37:58 DEBUG Thread-1 scan t_age=3.04 bright=417/34 A=False B=True playing=True
16:38:00 DEBUG Thread-1 scan t_age=5.09 bright=831/34 A=False B=True playing=True
16:38:02 DEBUG Thread-1 scan t_age=7.13 bright=189/34 A=False B=True playing=True
16:38:04 DEBUG Thread-1 scan t_age=9.17 bright=488/34 A=False B=True playing=True
16:38:06 DEBUG Thread-1 scan t_age=11.22 bright=8521/34 A=False B=True playing=True
16:38:08 DEBUG Thread-1 scan t_age=13.27 bright=8592/34 A=False B=True playing=True
16:38:10 DEBUG Thread-1 scan t_age=15.31 bright=8521/34 A=False B=True playing=True
16:38:12 DEBUG Thread-1 scan t_age=17.35 bright=8521/34 A=False B=True playing=True
16:38:14 DEBUG Thread-1 scan t_age=19.39 bright=8521/34 A=False B=True playing=True
16:38:16 DEBUG Thread-1 scan t_age=21.44 bright=8521/34 A=False B=True playing=True
16:38:18 DEBUG Thread-1 scan t_age=23.48 bright=8521/34 A=False B=True playing=True
16:38:20 DEBUG Thread-1 scan t_age=25.52 bright=12593/34 A=False B=True playing=True
16:38:22 DEBUG Thread-1 scan t_age=27.56 bright=0/34 A=False B=False playing=True
16:38:24 DEBUG Thread-1 scan t_age=29.60 bright=0/34 A=False B=False playing=True
16:38:25 INFO Thread-3 (process) T pressed (event scan_code=20 name=t)
16:38:25 INFO Thread-3 (process) T pressed (event scan_code=20 name=t)
16:38:26 INFO Thread-3 (process) T pressed (event scan_code=20 name=t)
16:38:26 DEBUG Thread-1 scan t_age=0.56 bright=0/34 A=True B=False playing=True
16:38:28 DEBUG Thread-1 scan t_age=2.60 bright=0/34 A=False B=False playing=True
16:38:31 DEBUG Thread-1 scan t_age=4.64 bright=0/34 A=False B=False playing=False
16:38:33 DEBUG Thread-1 scan t_age=6.68 bright=0/34 A=False B=False playing=False
16:38:33 INFO Thread-3 (process) T pressed (event scan_code=20 name=t)
16:38:34 INFO Thread-3 (process) T pressed (event scan_code=20 name=t)
16:38:34 INFO Thread-3 (process) T pressed (event scan_code=20 name=t)
16:38:35 DEBUG Thread-1 scan t_age=0.80 bright=0/34 A=True B=False playing=False
16:38:36 INFO Thread-3 (process) T pressed (event scan_code=20 name=t)
16:38:37 INFO Thread-3 (process) T pressed (event scan_code=20 name=t)
16:38:37 DEBUG Thread-1 scan t_age=0.02 bright=0/34 A=True B=False playing=False
16:38:39 DEBUG Thread-1 scan t_age=2.06 bright=0/34 A=False B=False playing=False
16:38:41 DEBUG Thread-1 scan t_age=4.10 bright=0/34 A=False B=False playing=False
16:38:42 INFO Thread-3 (process) T pressed (event scan_code=20 name=t)
16:38:43 DEBUG Thread-1 scan t_age=1.16 bright=0/34 A=True B=False playing=False
16:38:45 DEBUG Thread-1 scan t_age=3.20 bright=0/34 A=False B=False playing=False
16:38:47 DEBUG Thread-1 scan t_age=5.24 bright=0/34 A=False B=False playing=False
16:38:49 DEBUG Thread-1 scan t_age=7.29 bright=0/34 A=False B=False playing=False
16:38:51 DEBUG Thread-1 scan t_age=9.33 bright=0/34 A=False B=False playing=False
16:38:52 INFO Thread-3 (process) T pressed (event scan_code=20 name=t)
16:38:52 INFO Thread-3 (process) T pressed (event scan_code=20 name=t)
16:38:53 DEBUG Thread-1 scan t_age=0.67 bright=0/34 A=True B=False playing=False
16:38:55 DEBUG Thread-1 scan t_age=2.72 bright=0/34 A=False B=False playing=False
16:38:57 DEBUG Thread-1 scan t_age=4.75 bright=0/34 A=False B=False playing=False
16:38:59 DEBUG Thread-1 scan t_age=6.79 bright=0/171 A=False B=False playing=False
16:39:01 INFO Thread-4 Detector thread starting. Region={'left': 896, 'top': 504, 'width': 768, 'height': 432} mon=(2560x1440)
16:39:01 INFO Thread-4 Keyboard hook installed for T
16:39:01 DEBUG Thread-4 scan t_age=None bright=0/171 A=False B=False playing=False
16:39:03 DEBUG Thread-4 scan t_age=None bright=0/171 A=False B=False playing=False
16:39:05 DEBUG Thread-4 scan t_age=None bright=8597/171 A=False B=True playing=False
16:39:07 DEBUG Thread-4 scan t_age=None bright=197/171 A=False B=True playing=False
16:39:09 DEBUG Thread-4 scan t_age=None bright=841/171 A=False B=True playing=False
16:39:10 INFO Thread-3 (process) T pressed (event scan_code=20 name=t)
16:39:11 DEBUG Thread-4 scan t_age=0.59 bright=2124/171 A=True B=True playing=False
16:39:11 INFO Thread-4 LOCK TRIGGER: starting music
16:39:11 INFO Thread-4 Music started: NA - Scar Symmetry - Chaosweaver
16:39:13 DEBUG Thread-4 scan t_age=2.65 bright=787/171 A=False B=True playing=True
16:39:15 DEBUG Thread-4 scan t_age=4.69 bright=698/171 A=False B=True playing=True
16:39:17 DEBUG Thread-4 scan t_age=6.73 bright=391/171 A=False B=True playing=True
16:39:19 DEBUG Thread-4 scan t_age=8.78 bright=614/171 A=False B=True playing=True
16:39:21 DEBUG Thread-4 scan t_age=10.83 bright=566/171 A=False B=True playing=True
16:39:23 DEBUG Thread-4 scan t_age=12.87 bright=547/171 A=False B=True playing=True
16:39:25 DEBUG Thread-4 scan t_age=14.92 bright=512/171 A=False B=True playing=True
16:39:27 DEBUG Thread-4 scan t_age=16.96 bright=360/171 A=False B=True playing=True
16:39:29 DEBUG Thread-4 scan t_age=19.00 bright=314/171 A=False B=True playing=True
16:39:32 DEBUG Thread-4 scan t_age=21.04 bright=553/171 A=False B=True playing=True
16:39:34 DEBUG Thread-4 scan t_age=23.08 bright=1328/171 A=False B=True playing=True
16:39:36 DEBUG Thread-4 scan t_age=25.13 bright=1252/171 A=False B=True playing=True
16:39:38 DEBUG Thread-4 scan t_age=27.17 bright=1777/171 A=False B=True playing=True
16:39:40 DEBUG Thread-4 scan t_age=29.21 bright=402/171 A=False B=True playing=True
16:39:42 DEBUG Thread-4 scan t_age=31.26 bright=417/171 A=False B=True playing=True
16:39:44 DEBUG Thread-4 scan t_age=33.30 bright=461/171 A=False B=True playing=True
16:39:46 DEBUG Thread-4 scan t_age=35.35 bright=610/171 A=False B=True playing=True
16:39:48 DEBUG Thread-4 scan t_age=37.39 bright=1502/171 A=False B=True playing=True
16:39:50 DEBUG Thread-4 scan t_age=39.43 bright=2298/171 A=False B=True playing=True
16:39:52 DEBUG Thread-4 scan t_age=41.48 bright=386/171 A=False B=True playing=True
16:39:54 DEBUG Thread-4 scan t_age=43.53 bright=134685/171 A=False B=True playing=True
16:39:56 DEBUG Thread-4 scan t_age=45.57 bright=531/171 A=False B=True playing=True
16:39:58 DEBUG Thread-4 scan t_age=47.61 bright=995/171 A=False B=True playing=True
16:40:00 DEBUG Thread-4 scan t_age=49.65 bright=997/171 A=False B=True playing=True
16:40:02 DEBUG Thread-4 scan t_age=51.69 bright=266/171 A=False B=True playing=True
16:40:04 DEBUG Thread-4 scan t_age=53.74 bright=321/171 A=False B=True playing=True
16:40:06 DEBUG Thread-4 scan t_age=55.78 bright=287/171 A=False B=True playing=True
16:40:08 DEBUG Thread-4 scan t_age=57.82 bright=0/171 A=False B=False playing=True
16:40:10 INFO Thread-3 (process) T pressed (event scan_code=20 name=t)
16:40:10 INFO Thread-3 (process) T pressed (event scan_code=20 name=t)
16:40:10 DEBUG Thread-4 scan t_age=0.39 bright=0/171 A=True B=False playing=True
16:40:11 INFO Thread-3 (process) T pressed (event scan_code=20 name=t)
16:40:12 DEBUG Thread-4 scan t_age=1.85 bright=0/171 A=True B=False playing=True
16:40:14 DEBUG Thread-4 scan t_age=3.90 bright=0/171 A=False B=False playing=True
16:40:16 DEBUG Thread-4 scan t_age=5.94 bright=0/171 A=False B=False playing=False
16:40:18 INFO Thread-3 (process) T pressed (event scan_code=20 name=t)
16:40:18 INFO Thread-3 (process) T pressed (event scan_code=20 name=t)
16:40:18 DEBUG Thread-4 scan t_age=0.23 bright=0/171 A=True B=False playing=False
16:40:21 DEBUG Thread-4 scan t_age=2.26 bright=0/171 A=False B=False playing=False
16:40:22 INFO Thread-3 (process) T pressed (event scan_code=20 name=t)
16:40:22 INFO Thread-3 (process) T pressed (event scan_code=20 name=t)
16:40:23 DEBUG Thread-4 scan t_age=0.10 bright=0/171 A=True B=False playing=False
16:40:23 INFO Thread-3 (process) T pressed (event scan_code=20 name=t)
16:40:25 DEBUG Thread-4 scan t_age=1.20 bright=0/171 A=True B=False playing=False
16:40:27 DEBUG Thread-4 scan t_age=3.24 bright=0/171 A=False B=False playing=False
16:40:29 DEBUG Thread-4 scan t_age=5.28 bright=0/171 A=False B=False playing=False
16:40:31 DEBUG Thread-4 scan t_age=7.33 bright=0/171 A=False B=False playing=False
16:40:33 DEBUG Thread-4 scan t_age=9.37 bright=0/171 A=False B=False playing=False
16:40:35 DEBUG Thread-4 scan t_age=11.41 bright=0/171 A=False B=False playing=False
16:40:37 DEBUG Thread-4 scan t_age=13.45 bright=0/171 A=False B=False playing=False
16:40:39 DEBUG Thread-4 scan t_age=15.48 bright=0/171 A=False B=False playing=False
16:40:41 DEBUG Thread-4 scan t_age=17.52 bright=196/171 A=False B=True playing=False
16:40:43 INFO Thread-3 (process) T pressed (event scan_code=20 name=t)
16:40:43 DEBUG Thread-4 scan t_age=0.46 bright=2380/171 A=True B=True playing=False
16:40:43 INFO Thread-4 LOCK TRIGGER: starting music
16:40:43 INFO Thread-4 Music started: NA - Scar Symmetry - Chaosweaver
16:40:45 DEBUG Thread-4 scan t_age=2.51 bright=768/171 A=False B=True playing=True
16:40:47 DEBUG Thread-4 scan t_age=4.55 bright=612/171 A=False B=True playing=True
16:40:49 DEBUG Thread-4 scan t_age=6.60 bright=406/171 A=False B=True playing=True
16:40:51 DEBUG Thread-4 scan t_age=8.64 bright=510/171 A=False B=True playing=True
16:40:53 DEBUG Thread-4 scan t_age=10.68 bright=457/171 A=False B=True playing=True
16:40:55 DEBUG Thread-4 scan t_age=12.72 bright=437/171 A=False B=True playing=True
16:40:57 DEBUG Thread-4 scan t_age=14.76 bright=538/171 A=False B=True playing=True
16:40:59 DEBUG Thread-4 scan t_age=16.80 bright=1306/171 A=False B=True playing=True
16:41:01 DEBUG Thread-4 scan t_age=18.84 bright=1921/171 A=False B=True playing=True
16:41:03 DEBUG Thread-4 scan t_age=20.88 bright=245/171 A=False B=True playing=True
16:41:05 DEBUG Thread-4 scan t_age=22.93 bright=1050/171 A=False B=True playing=True
16:41:07 DEBUG Thread-4 scan t_age=24.97 bright=885/171 A=False B=True playing=True
16:41:10 DEBUG Thread-4 scan t_age=27.02 bright=680/171 A=False B=True playing=True
16:41:12 DEBUG Thread-4 scan t_age=29.06 bright=228/171 A=False B=True playing=True
16:41:14 DEBUG Thread-4 scan t_age=31.10 bright=532/171 A=False B=True playing=True
16:41:16 DEBUG Thread-4 scan t_age=33.14 bright=493/171 A=False B=True playing=True
16:41:18 DEBUG Thread-4 scan t_age=35.18 bright=401/171 A=False B=True playing=True
16:41:20 DEBUG Thread-4 scan t_age=37.22 bright=480/171 A=False B=True playing=True
16:41:22 DEBUG Thread-4 scan t_age=39.27 bright=349/171 A=False B=True playing=True
16:41:24 DEBUG Thread-4 scan t_age=41.31 bright=1217/171 A=False B=True playing=True
16:41:26 DEBUG Thread-4 scan t_age=43.35 bright=784/171 A=False B=True playing=True
16:41:28 DEBUG Thread-4 scan t_age=45.39 bright=859/171 A=False B=True playing=True
16:41:30 DEBUG Thread-4 scan t_age=47.43 bright=586/171 A=False B=True playing=True
16:41:32 DEBUG Thread-4 scan t_age=49.48 bright=0/171 A=False B=False playing=True
16:41:33 INFO Thread-3 (process) T pressed (event scan_code=20 name=T)
16:41:34 INFO Thread-3 (process) T pressed (event scan_code=20 name=t)
16:41:34 DEBUG Thread-4 scan t_age=0.42 bright=0/171 A=True B=False playing=True
16:41:34 INFO Thread-3 (process) T pressed (event scan_code=20 name=t)
16:41:36 DEBUG Thread-4 scan t_age=1.77 bright=0/171 A=True B=False playing=True
16:41:38 DEBUG Thread-4 scan t_age=3.81 bright=0/171 A=False B=False playing=True
16:41:39 INFO Thread-3 (process) T pressed (event scan_code=20 name=t)
16:41:39 INFO Thread-3 (process) T pressed (event scan_code=20 name=t)
16:41:40 DEBUG Thread-4 scan t_age=1.25 bright=0/171 A=True B=False playing=False
16:41:40 INFO Thread-3 (process) T pressed (event scan_code=20 name=t)
16:41:40 INFO Thread-3 (process) T pressed (event scan_code=20 name=t)
16:41:41 INFO Thread-3 (process) T pressed (event scan_code=20 name=t)
16:41:41 INFO Thread-3 (process) T pressed (event scan_code=20 name=t)
16:41:42 DEBUG Thread-4 scan t_age=0.86 bright=0/171 A=True B=False playing=False
16:41:44 DEBUG Thread-4 scan t_age=2.90 bright=0/171 A=False B=False playing=False
16:41:46 DEBUG Thread-4 scan t_age=4.94 bright=0/171 A=False B=False playing=False
16:41:46 INFO Thread-3 (process) T pressed (event scan_code=20 name=t)
16:41:48 DEBUG Thread-4 scan t_age=1.98 bright=0/171 A=True B=False playing=False
16:41:50 DEBUG Thread-4 scan t_age=4.03 bright=0/171 A=False B=False playing=False
16:41:52 DEBUG Thread-4 scan t_age=6.07 bright=0/171 A=False B=False playing=False
16:41:54 DEBUG Thread-4 scan t_age=8.11 bright=0/171 A=False B=False playing=False
16:41:56 INFO Thread-3 (process) T pressed (event scan_code=20 name=t)
16:41:56 DEBUG Thread-4 scan t_age=0.70 bright=0/171 A=True B=False playing=False
16:41:57 INFO Thread-3 (process) T pressed (event scan_code=20 name=t)
16:41:57 INFO Thread-3 (process) T pressed (event scan_code=20 name=t)
16:41:57 INFO Thread-3 (process) T pressed (event scan_code=20 name=t)
16:41:58 INFO Thread-3 (process) T pressed (event scan_code=20 name=t)
16:41:59 DEBUG Thread-4 scan t_age=0.68 bright=0/171 A=True B=False playing=False
16:41:59 INFO Thread-3 (process) T pressed (event scan_code=20 name=t)
16:42:01 DEBUG Thread-4 scan t_age=1.93 bright=0/171 A=True B=False playing=False
16:42:03 DEBUG Thread-4 scan t_age=3.97 bright=0/171 A=False B=False playing=False
16:42:04 INFO Thread-3 (process) T pressed (event scan_code=20 name=t)
16:42:05 INFO Thread-3 (process) T pressed (event scan_code=20 name=t)
16:42:05 DEBUG Thread-4 scan t_age=0.10 bright=0/171 A=True B=False playing=False
16:42:05 INFO Thread-3 (process) T pressed (event scan_code=20 name=t)
16:42:06 INFO Thread-3 (process) T pressed (event scan_code=20 name=t)
16:42:06 INFO Thread-3 (process) T pressed (event scan_code=20 name=t)
16:42:07 DEBUG Thread-4 scan t_age=0.36 bright=0/171 A=True B=False playing=False
16:42:09 DEBUG Thread-4 scan t_age=2.40 bright=0/171 A=False B=False playing=False
16:42:11 DEBUG Thread-4 scan t_age=4.44 bright=0/171 A=False B=False playing=False
16:42:13 DEBUG Thread-4 scan t_age=6.48 bright=0/171 A=False B=False playing=False
16:42:15 DEBUG Thread-4 scan t_age=8.52 bright=0/171 A=False B=False playing=False
16:42:17 DEBUG Thread-4 scan t_age=10.55 bright=0/171 A=False B=False playing=False
16:42:19 DEBUG Thread-4 scan t_age=12.59 bright=0/171 A=False B=False playing=False
16:42:21 DEBUG Thread-4 scan t_age=14.63 bright=0/171 A=False B=False playing=False
16:42:23 DEBUG Thread-4 scan t_age=16.68 bright=0/171 A=False B=False playing=False
16:42:25 DEBUG Thread-4 scan t_age=18.71 bright=0/171 A=False B=False playing=False
16:42:27 DEBUG Thread-4 scan t_age=20.76 bright=0/171 A=False B=False playing=False
16:42:29 DEBUG Thread-4 scan t_age=22.80 bright=0/171 A=False B=False playing=False
16:42:31 DEBUG Thread-4 scan t_age=24.84 bright=0/171 A=False B=False playing=False
16:42:33 DEBUG Thread-4 scan t_age=26.88 bright=0/171 A=False B=False playing=False
16:42:35 DEBUG Thread-4 scan t_age=28.92 bright=0/171 A=False B=False playing=False
16:42:37 DEBUG Thread-4 scan t_age=30.96 bright=0/171 A=False B=False playing=False
16:42:39 DEBUG Thread-4 scan t_age=33.01 bright=781/171 A=False B=True playing=False
16:42:41 DEBUG Thread-4 scan t_age=35.05 bright=781/171 A=False B=True playing=False
16:42:43 DEBUG Thread-4 scan t_age=37.09 bright=781/171 A=False B=True playing=False
16:42:45 DEBUG Thread-4 scan t_age=39.13 bright=781/171 A=False B=True playing=False
16:42:48 DEBUG Thread-4 scan t_age=41.17 bright=781/171 A=False B=True playing=False
16:42:50 DEBUG Thread-4 scan t_age=43.22 bright=3353/171 A=False B=True playing=False
16:42:52 DEBUG Thread-4 scan t_age=45.26 bright=3353/171 A=False B=True playing=False
16:42:54 DEBUG Thread-4 scan t_age=47.30 bright=3353/171 A=False B=True playing=False
16:42:56 DEBUG Thread-4 scan t_age=49.34 bright=3353/171 A=False B=True playing=False
16:42:58 DEBUG Thread-4 scan t_age=51.38 bright=6454/171 A=False B=True playing=False
16:43:00 DEBUG Thread-4 scan t_age=53.42 bright=6454/171 A=False B=True playing=False
16:43:02 DEBUG Thread-4 scan t_age=55.46 bright=6454/171 A=False B=True playing=False
16:43:04 DEBUG Thread-4 scan t_age=57.50 bright=3335/171 A=False B=True playing=False
16:43:06 DEBUG Thread-4 scan t_age=59.54 bright=3335/171 A=False B=True playing=False
16:43:08 DEBUG Thread-4 scan t_age=61.58 bright=3335/171 A=False B=True playing=False
16:43:10 DEBUG Thread-4 scan t_age=63.62 bright=3762/171 A=False B=True playing=False
16:43:12 DEBUG Thread-4 scan t_age=65.66 bright=2363/171 A=False B=True playing=False
16:43:14 DEBUG Thread-4 scan t_age=67.71 bright=1190/171 A=False B=True playing=False
16:43:15 INFO Thread-3 (process) T pressed (event scan_code=20 name=t)
16:43:16 DEBUG Thread-4 scan t_age=1.51 bright=1190/171 A=True B=True playing=False
16:43:16 INFO Thread-4 LOCK TRIGGER: starting music
16:43:16 INFO Thread-4 Music started: NA - Scar Symmetry - Chaosweaver
16:43:17 INFO Thread-3 (process) T pressed (event scan_code=20 name=t)
16:43:17 INFO Thread-3 (process) T pressed (event scan_code=20 name=t)
16:43:18 DEBUG Thread-4 scan t_age=0.69 bright=0/171 A=True B=False playing=True
16:43:18 INFO Thread-3 (process) T pressed (event scan_code=20 name=t)
16:43:18 INFO Thread-3 (process) T pressed (event scan_code=20 name=t)
16:43:20 DEBUG Thread-4 scan t_age=1.87 bright=0/171 A=True B=False playing=True
16:43:21 INFO Thread-3 (process) T pressed (event scan_code=20 name=t)
16:43:21 INFO Thread-3 (process) T pressed (event scan_code=20 name=t)
16:43:22 DEBUG Thread-4 scan t_age=0.92 bright=0/171 A=True B=False playing=True
16:43:23 INFO Thread-3 (process) T pressed (event scan_code=20 name=t)
16:43:23 INFO Thread-3 (process) T pressed (event scan_code=20 name=t)
16:43:24 INFO Thread-3 (process) T pressed (event scan_code=20 name=t)
16:43:24 DEBUG Thread-4 scan t_age=0.19 bright=0/171 A=True B=False playing=True
16:43:26 DEBUG Thread-4 scan t_age=2.23 bright=0/171 A=False B=False playing=False
16:43:28 DEBUG Thread-4 scan t_age=4.27 bright=0/171 A=False B=False playing=False
16:43:30 DEBUG Thread-4 scan t_age=6.31 bright=0/171 A=False B=False playing=False
16:43:32 DEBUG Thread-4 scan t_age=8.35 bright=0/171 A=False B=False playing=False
16:43:34 DEBUG Thread-4 scan t_age=10.39 bright=0/171 A=False B=False playing=False
16:43:36 DEBUG Thread-4 scan t_age=12.43 bright=0/171 A=False B=False playing=False
16:43:39 DEBUG Thread-4 scan t_age=14.47 bright=0/171 A=False B=False playing=False
16:43:41 DEBUG Thread-4 scan t_age=16.51 bright=0/171 A=False B=False playing=False
16:43:43 DEBUG Thread-4 scan t_age=18.54 bright=0/171 A=False B=False playing=False
16:43:45 DEBUG Thread-4 scan t_age=20.58 bright=0/171 A=False B=False playing=False
16:43:47 DEBUG Thread-4 scan t_age=22.62 bright=0/171 A=False B=False playing=False
16:43:49 DEBUG Thread-4 scan t_age=24.66 bright=0/171 A=False B=False playing=False
16:43:51 DEBUG Thread-4 scan t_age=26.70 bright=0/171 A=False B=False playing=False
16:43:53 DEBUG Thread-4 scan t_age=28.74 bright=0/171 A=False B=False playing=False
16:43:55 DEBUG Thread-4 scan t_age=30.78 bright=0/171 A=False B=False playing=False
16:43:57 DEBUG Thread-4 scan t_age=32.82 bright=0/171 A=False B=False playing=False
16:43:59 DEBUG Thread-4 scan t_age=34.87 bright=0/171 A=False B=False playing=False
16:44:01 DEBUG Thread-4 scan t_age=36.91 bright=0/171 A=False B=False playing=False
16:44:03 DEBUG Thread-4 scan t_age=38.95 bright=0/171 A=False B=False playing=False
16:44:05 DEBUG Thread-4 scan t_age=40.99 bright=0/171 A=False B=False playing=False
16:44:07 DEBUG Thread-4 scan t_age=43.03 bright=1742/171 A=False B=True playing=False
16:44:09 DEBUG Thread-4 scan t_age=45.07 bright=1742/171 A=False B=True playing=False
16:44:11 DEBUG Thread-4 scan t_age=47.12 bright=1742/171 A=False B=True playing=False
16:44:13 DEBUG Thread-4 scan t_age=49.15 bright=1742/171 A=False B=True playing=False
16:44:15 DEBUG Thread-4 scan t_age=51.19 bright=1742/171 A=False B=True playing=False
16:44:17 DEBUG Thread-4 scan t_age=53.23 bright=3677/171 A=False B=True playing=False
16:44:19 DEBUG Thread-4 scan t_age=55.27 bright=1935/171 A=False B=True playing=False
16:44:21 DEBUG Thread-4 scan t_age=57.31 bright=1935/171 A=False B=True playing=False
16:44:23 DEBUG Thread-4 scan t_age=59.35 bright=0/171 A=False B=False playing=False
16:44:25 DEBUG Thread-4 scan t_age=61.38 bright=0/171 A=False B=False playing=False
16:44:27 DEBUG Thread-4 scan t_age=63.42 bright=0/171 A=False B=False playing=False
16:44:30 DEBUG Thread-4 scan t_age=65.47 bright=0/171 A=False B=False playing=False
16:44:32 DEBUG Thread-4 scan t_age=67.50 bright=0/171 A=False B=False playing=False
16:44:33 INFO MainThread === mainloop exited normally ===
16:44:33 INFO MainThread --- process exiting cleanly via atexit ---
16:44:36 INFO MainThread ================================================================
16:44:36 INFO MainThread SC Lock Radio module imported. pid=30872 python=3.12.4
16:44:36 INFO MainThread Script=c:\Users\Duke\Downloads\SCLockRadio\SCLockRadio.py
16:44:36 INFO MainThread === SC Lock Radio start. cwd=c:\Users\Duke\Downloads\SCLockRadio pid=30872 ===
16:44:36 INFO MainThread Running as admin: True
16:44:39 INFO Thread-1 Detector thread starting. Region={'left': 1216, 'top': 684, 'width': 128, 'height': 72} mon=(2560x1440)
16:44:39 INFO Thread-1 Keyboard hook installed for T
16:44:39 DEBUG Thread-1 scan t_age=None bright=0/171 A=False B=False playing=False
16:44:41 DEBUG Thread-1 scan t_age=None bright=0/171 A=False B=False playing=False
16:44:43 DEBUG Thread-1 scan t_age=None bright=0/171 A=False B=False playing=False
16:44:45 DEBUG Thread-1 scan t_age=None bright=0/171 A=False B=False playing=False
16:44:47 DEBUG Thread-1 scan t_age=None bright=0/171 A=False B=False playing=False
16:44:49 INFO Thread-3 (process) T pressed (event scan_code=20 name=t)
16:44:49 DEBUG Thread-1 scan t_age=0.16 bright=0/171 A=True B=False playing=False
16:44:51 DEBUG Thread-1 scan t_age=2.19 bright=42/171 A=False B=False playing=False
16:44:53 DEBUG Thread-1 scan t_age=4.23 bright=0/171 A=False B=False playing=False
16:44:55 DEBUG Thread-1 scan t_age=6.26 bright=0/171 A=False B=False playing=False
16:44:57 DEBUG Thread-1 scan t_age=8.30 bright=0/171 A=False B=False playing=False
16:44:59 INFO Thread-3 (process) T pressed (event scan_code=20 name=t)
16:44:59 DEBUG Thread-1 scan t_age=0.13 bright=0/171 A=True B=False playing=False
16:44:59 INFO Thread-3 (process) T pressed (event scan_code=20 name=t)
16:45:00 INFO Thread-3 (process) T pressed (event scan_code=20 name=t)
16:45:00 INFO Thread-3 (process) T pressed (event scan_code=20 name=t)
16:45:01 INFO Thread-3 (process) T pressed (event scan_code=20 name=t)
16:45:01 DEBUG Thread-1 scan t_age=0.23 bright=0/171 A=True B=False playing=False
16:45:01 INFO Thread-3 (process) T pressed (event scan_code=20 name=t)
16:45:02 INFO Thread-3 (process) T pressed (event scan_code=20 name=t)
16:45:02 INFO Thread-3 (process) T pressed (event scan_code=20 name=t)
16:45:03 DEBUG Thread-1 scan t_age=0.78 bright=0/171 A=True B=False playing=False
16:45:05 DEBUG Thread-1 scan t_age=2.81 bright=0/171 A=False B=False playing=False
16:45:07 DEBUG Thread-1 scan t_age=4.85 bright=53/171 A=False B=False playing=False
16:45:09 DEBUG Thread-1 scan t_age=6.88 bright=0/171 A=False B=False playing=False
16:45:11 INFO Thread-3 (process) T pressed (event scan_code=20 name=t)
16:45:11 DEBUG Thread-1 scan t_age=0.13 bright=0/171 A=True B=False playing=False
16:45:13 DEBUG Thread-1 scan t_age=2.16 bright=0/171 A=False B=False playing=False
16:45:15 INFO Thread-3 (process) T pressed (event scan_code=20 name=t)
16:45:15 DEBUG Thread-1 scan t_age=0.49 bright=0/171 A=True B=False playing=False
16:45:16 INFO Thread-3 (process) T pressed (event scan_code=20 name=t)
16:45:17 INFO Thread-3 (process) T pressed (event scan_code=20 name=t)
16:45:17 DEBUG Thread-1 scan t_age=0.80 bright=0/171 A=True B=False playing=False
16:45:18 INFO Thread-3 (process) T pressed (event scan_code=20 name=T)
16:45:19 DEBUG Thread-1 scan t_age=1.65 bright=0/171 A=True B=False playing=False
16:45:21 DEBUG Thread-1 scan t_age=3.68 bright=0/171 A=False B=False playing=False
16:45:24 DEBUG Thread-1 scan t_age=5.71 bright=0/171 A=False B=False playing=False
16:45:26 DEBUG Thread-1 scan t_age=7.75 bright=0/171 A=False B=False playing=False
16:45:28 DEBUG Thread-1 scan t_age=9.79 bright=0/171 A=False B=False playing=False
16:45:30 DEBUG Thread-1 scan t_age=11.82 bright=0/171 A=False B=False playing=False
16:45:32 DEBUG Thread-1 scan t_age=13.85 bright=0/171 A=False B=False playing=False
16:45:34 DEBUG Thread-1 scan t_age=15.88 bright=0/171 A=False B=False playing=False
16:45:36 DEBUG Thread-1 scan t_age=17.91 bright=0/171 A=False B=False playing=False
16:45:38 DEBUG Thread-1 scan t_age=19.94 bright=0/171 A=False B=False playing=False
16:45:40 DEBUG Thread-1 scan t_age=21.98 bright=0/171 A=False B=False playing=False
16:45:42 DEBUG Thread-1 scan t_age=24.01 bright=0/171 A=False B=False playing=False
16:45:44 DEBUG Thread-1 scan t_age=26.04 bright=0/171 A=False B=False playing=False
16:45:46 DEBUG Thread-1 scan t_age=28.07 bright=0/171 A=False B=False playing=False
16:45:48 DEBUG Thread-1 scan t_age=30.11 bright=0/171 A=False B=False playing=False
16:45:50 DEBUG Thread-1 scan t_age=32.14 bright=0/171 A=False B=False playing=False
16:45:52 DEBUG Thread-1 scan t_age=34.18 bright=0/171 A=False B=False playing=False
16:45:54 DEBUG Thread-1 scan t_age=36.22 bright=0/171 A=False B=False playing=False
16:45:56 DEBUG Thread-1 scan t_age=38.25 bright=0/171 A=False B=False playing=False
16:45:58 DEBUG Thread-1 scan t_age=40.28 bright=0/171 A=False B=False playing=False
16:46:00 DEBUG Thread-1 scan t_age=42.31 bright=0/171 A=False B=False playing=False
16:46:02 DEBUG Thread-1 scan t_age=44.34 bright=0/171 A=False B=False playing=False
16:46:04 DEBUG Thread-1 scan t_age=46.37 bright=0/171 A=False B=False playing=False
16:46:06 DEBUG Thread-1 scan t_age=48.41 bright=0/171 A=False B=False playing=False
16:46:08 DEBUG Thread-1 scan t_age=50.44 bright=0/171 A=False B=False playing=False
16:46:10 DEBUG Thread-1 scan t_age=52.48 bright=0/171 A=False B=False playing=False
16:46:12 DEBUG Thread-1 scan t_age=54.51 bright=0/171 A=False B=False playing=False
16:46:14 DEBUG Thread-1 scan t_age=56.55 bright=0/171 A=False B=False playing=False
16:46:16 DEBUG Thread-1 scan t_age=58.58 bright=0/171 A=False B=False playing=False
16:46:18 DEBUG Thread-1 scan t_age=60.61 bright=0/171 A=False B=False playing=False
16:46:20 DEBUG Thread-1 scan t_age=62.64 bright=0/171 A=False B=False playing=False
16:46:22 DEBUG Thread-1 scan t_age=64.67 bright=0/171 A=False B=False playing=False
16:46:24 DEBUG Thread-1 scan t_age=66.71 bright=0/171 A=False B=False playing=False
16:46:27 DEBUG Thread-1 scan t_age=68.74 bright=0/171 A=False B=False playing=False
16:46:29 DEBUG Thread-1 scan t_age=70.77 bright=0/171 A=False B=False playing=False
16:46:31 DEBUG Thread-1 scan t_age=72.81 bright=0/171 A=False B=False playing=False
16:46:33 DEBUG Thread-1 scan t_age=74.84 bright=0/171 A=False B=False playing=False
16:46:35 DEBUG Thread-1 scan t_age=76.88 bright=0/171 A=False B=False playing=False
16:46:37 DEBUG Thread-1 scan t_age=78.91 bright=0/171 A=False B=False playing=False
16:46:38 INFO MainThread === mainloop exited normally ===
16:46:38 INFO MainThread --- process exiting cleanly via atexit ---
16:47:19 INFO MainThread ================================================================
16:47:19 INFO MainThread SC Lock Radio module imported. pid=30380 python=3.12.4
16:47:19 INFO MainThread Script=c:\Users\Duke\Downloads\SCLockRadio\SCLockRadio.py
16:47:19 INFO MainThread === SC Lock Radio start. cwd=c:\Users\Duke\Downloads\SCLockRadio pid=30380 ===
16:47:19 INFO MainThread Running as admin: True
16:47:22 INFO Thread-1 Detector thread starting. Region={'left': 1216, 'top': 684, 'width': 128, 'height': 72} mon=(2560x1440)
16:47:22 INFO Thread-1 Keyboard hook installed for T
16:47:22 DEBUG Thread-1 scan t_age=None bright=0/171 A=False B=False playing=False
16:47:24 DEBUG Thread-1 scan t_age=None bright=0/171 A=False B=False playing=False
16:47:26 DEBUG Thread-1 scan t_age=None bright=0/171 A=False B=False playing=False
16:47:28 DEBUG Thread-1 scan t_age=None bright=0/171 A=False B=False playing=False
16:47:29 INFO Thread-3 (process) T pressed (event scan_code=20 name=t)
16:47:30 INFO Thread-3 (process) T pressed (event scan_code=20 name=t)
16:47:30 INFO Thread-1 T-snapshot #1 saved: red=0 roi=t001_164730_roi_red=0.png ctx=t001_164730_context.png
16:47:30 DEBUG Thread-1 scan t_age=0.01 bright=0/171 A=True B=False playing=False
16:47:32 DEBUG Thread-1 scan t_age=2.08 bright=104/171 A=False B=False playing=False
16:47:34 DEBUG Thread-1 scan t_age=4.12 bright=50/171 A=False B=False playing=False
16:47:36 DEBUG Thread-1 scan t_age=6.15 bright=0/171 A=False B=False playing=False
16:47:38 DEBUG Thread-1 scan t_age=8.19 bright=0/171 A=False B=False playing=False
16:47:40 INFO Thread-3 (process) T pressed (event scan_code=20 name=t)
16:47:40 INFO Thread-1 T-snapshot #2 saved: red=40 roi=t002_164740_roi_red=40.png ctx=t002_164740_context.png
16:47:40 DEBUG Thread-1 scan t_age=0.41 bright=40/171 A=True B=False playing=False
16:47:42 DEBUG Thread-1 scan t_age=2.47 bright=4/171 A=False B=False playing=False
16:47:43 INFO Thread-3 (process) T pressed (event scan_code=20 name=t)
16:47:44 INFO Thread-1 T-snapshot #3 saved: red=77 roi=t003_164744_roi_red=77.png ctx=t003_164744_context.png
16:47:44 DEBUG Thread-1 scan t_age=1.04 bright=77/171 A=True B=False playing=False
16:47:46 DEBUG Thread-1 scan t_age=3.10 bright=0/171 A=False B=False playing=False
16:47:48 DEBUG Thread-1 scan t_age=5.13 bright=0/171 A=False B=False playing=False
16:47:50 DEBUG Thread-1 scan t_age=7.17 bright=13/171 A=False B=False playing=False
16:47:52 DEBUG Thread-1 scan t_age=9.20 bright=0/171 A=False B=False playing=False
16:47:54 DEBUG Thread-1 scan t_age=11.24 bright=0/171 A=False B=False playing=False
16:47:55 INFO Thread-3 (process) T pressed (event scan_code=20 name=t)
16:47:56 INFO Thread-3 (process) T pressed (event scan_code=20 name=t)
16:47:56 INFO Thread-1 T-snapshot #4 saved: red=0 roi=t004_164756_roi_red=0.png ctx=t004_164756_context.png
16:47:56 DEBUG Thread-1 scan t_age=0.38 bright=0/171 A=True B=False playing=False
16:47:59 DEBUG Thread-1 scan t_age=2.44 bright=0/171 A=False B=False playing=False
16:48:01 DEBUG Thread-1 scan t_age=4.48 bright=0/171 A=False B=False playing=False
16:48:03 DEBUG Thread-1 scan t_age=6.51 bright=28/171 A=False B=False playing=False
16:48:05 DEBUG Thread-1 scan t_age=8.55 bright=48/171 A=False B=False playing=False
16:48:07 DEBUG Thread-1 scan t_age=10.58 bright=41/171 A=False B=False playing=False
16:48:09 DEBUG Thread-1 scan t_age=12.62 bright=31/171 A=False B=False playing=False
16:48:11 DEBUG Thread-1 scan t_age=14.65 bright=20/171 A=False B=False playing=False
16:48:13 DEBUG Thread-1 scan t_age=16.68 bright=0/171 A=False B=False playing=False
16:48:15 DEBUG Thread-1 scan t_age=18.72 bright=0/171 A=False B=False playing=False
16:48:17 DEBUG Thread-1 scan t_age=20.75 bright=0/171 A=False B=False playing=False
16:48:19 DEBUG Thread-1 scan t_age=22.79 bright=0/171 A=False B=False playing=False
16:48:21 DEBUG Thread-1 scan t_age=24.82 bright=0/171 A=False B=False playing=False
16:48:23 DEBUG Thread-1 scan t_age=26.86 bright=0/171 A=False B=False playing=False
16:48:25 DEBUG Thread-1 scan t_age=28.89 bright=0/171 A=False B=False playing=False
16:48:27 DEBUG Thread-1 scan t_age=30.92 bright=0/171 A=False B=False playing=False
16:50:33 INFO MainThread === mainloop exited normally ===
16:50:33 INFO MainThread --- process exiting cleanly via atexit ---
16:50:36 INFO MainThread ================================================================
16:50:36 INFO MainThread SC Lock Radio module imported. pid=20572 python=3.12.4
16:50:36 INFO MainThread Script=c:\Users\Duke\Downloads\SCLockRadio\SCLockRadio.py
16:50:36 INFO MainThread === SC Lock Radio start. cwd=c:\Users\Duke\Downloads\SCLockRadio pid=20572 ===
16:50:36 INFO MainThread Running as admin: True
16:50:44 INFO Thread-1 Detector thread starting. Region={'left': 1152, 'top': 648, 'width': 256, 'height': 144} mon=(2560x1440)
16:50:44 INFO Thread-1 Keyboard hook installed for T
16:50:44 DEBUG Thread-1 scan t_age=None bright=0/30 A=False B=False playing=False
16:50:46 DEBUG Thread-1 scan t_age=None bright=0/30 A=False B=False playing=False
16:50:48 DEBUG Thread-1 scan t_age=None bright=53/30 A=False B=True playing=False
16:50:50 DEBUG Thread-1 scan t_age=None bright=33/30 A=False B=True playing=False
16:50:51 INFO Thread-3 (process) T pressed (event scan_code=20 name=t)
16:50:52 INFO Thread-1 T-snapshot #1 saved: red=179 roi=t001_165052_roi_red=179.png ctx=t001_165052_context.png
16:50:52 DEBUG Thread-1 scan t_age=0.85 bright=179/30 A=True B=True playing=False
16:50:52 INFO Thread-1 LOCK TRIGGER: starting music
16:50:52 INFO Thread-1 Music started: NA - Limp Bizkit - My Way
16:50:54 DEBUG Thread-1 scan t_age=2.95 bright=80/30 A=False B=True playing=True
16:50:56 DEBUG Thread-1 scan t_age=4.99 bright=247/30 A=False B=True playing=True
16:50:58 DEBUG Thread-1 scan t_age=7.02 bright=41/30 A=False B=True playing=True
16:51:00 DEBUG Thread-1 scan t_age=9.06 bright=95/30 A=False B=True playing=True
16:51:02 DEBUG Thread-1 scan t_age=11.09 bright=19/30 A=False B=False playing=True
16:51:04 DEBUG Thread-1 scan t_age=13.12 bright=53/30 A=False B=True playing=True
16:51:06 DEBUG Thread-1 scan t_age=15.16 bright=71/30 A=False B=True playing=True
16:51:09 DEBUG Thread-1 scan t_age=17.20 bright=11/30 A=False B=False playing=True
16:51:11 DEBUG Thread-1 scan t_age=19.24 bright=52/30 A=False B=True playing=True
16:51:13 DEBUG Thread-1 scan t_age=21.27 bright=49/30 A=False B=True playing=True
16:51:15 DEBUG Thread-1 scan t_age=23.31 bright=51/30 A=False B=True playing=True
16:51:17 DEBUG Thread-1 scan t_age=25.35 bright=27/30 A=False B=False playing=True
16:51:19 DEBUG Thread-1 scan t_age=27.38 bright=0/30 A=False B=False playing=True
16:51:21 DEBUG Thread-1 scan t_age=29.42 bright=658/30 A=False B=True playing=True
16:51:23 DEBUG Thread-1 scan t_age=31.45 bright=0/30 A=False B=False playing=True
16:51:25 DEBUG Thread-1 scan t_age=33.49 bright=169/30 A=False B=True playing=True
16:51:27 DEBUG Thread-1 scan t_age=35.52 bright=50/30 A=False B=True playing=True
16:51:29 DEBUG Thread-1 scan t_age=37.56 bright=55/30 A=False B=True playing=True
16:51:31 DEBUG Thread-1 scan t_age=39.60 bright=12/30 A=False B=False playing=True
16:51:33 DEBUG Thread-1 scan t_age=41.63 bright=0/30 A=False B=False playing=True
16:51:35 DEBUG Thread-1 scan t_age=43.67 bright=50/30 A=False B=True playing=True
16:51:37 DEBUG Thread-1 scan t_age=45.71 bright=56/30 A=False B=True playing=True
16:51:39 DEBUG Thread-1 scan t_age=47.74 bright=49/30 A=False B=True playing=True
16:51:41 DEBUG Thread-1 scan t_age=49.78 bright=54/30 A=False B=True playing=True
16:51:43 DEBUG Thread-1 scan t_age=51.81 bright=50/30 A=False B=True playing=True
16:51:45 DEBUG Thread-1 scan t_age=53.85 bright=56/30 A=False B=True playing=True
16:51:47 DEBUG Thread-1 scan t_age=55.88 bright=96/30 A=False B=True playing=True
16:51:49 DEBUG Thread-1 scan t_age=57.91 bright=36/30 A=False B=True playing=True
16:51:51 DEBUG Thread-1 scan t_age=59.95 bright=49/30 A=False B=True playing=True
16:51:53 DEBUG Thread-1 scan t_age=61.98 bright=66/30 A=False B=True playing=True
16:51:55 DEBUG Thread-1 scan t_age=64.02 bright=72/30 A=False B=True playing=True
16:51:57 DEBUG Thread-1 scan t_age=66.05 bright=0/30 A=False B=False playing=True
16:51:59 DEBUG Thread-1 scan t_age=68.08 bright=0/30 A=False B=False playing=True
16:52:00 INFO Thread-3 (process) T pressed (event scan_code=20 name=t)
16:52:00 INFO Thread-3 (process) T pressed (event scan_code=20 name=t)
16:52:01 INFO Thread-3 (process) T pressed (event scan_code=20 name=t)
16:52:01 INFO Thread-1 T-snapshot #2 saved: red=0 roi=t002_165201_roi_red=0.png ctx=t002_165201_context.png
16:52:01 DEBUG Thread-1 scan t_age=0.87 bright=0/30 A=True B=False playing=True
16:52:03 DEBUG Thread-1 scan t_age=2.93 bright=0/30 A=False B=False playing=True
16:52:06 DEBUG Thread-1 scan t_age=4.96 bright=0/30 A=False B=False playing=False
16:52:08 DEBUG Thread-1 scan t_age=7.00 bright=0/30 A=False B=False playing=False
16:52:10 DEBUG Thread-1 scan t_age=9.04 bright=0/30 A=False B=False playing=False
16:52:12 DEBUG Thread-1 scan t_age=11.07 bright=0/30 A=False B=False playing=False
16:52:14 DEBUG Thread-1 scan t_age=13.10 bright=0/30 A=False B=False playing=False
16:52:16 DEBUG Thread-1 scan t_age=15.13 bright=0/30 A=False B=False playing=False
16:52:18 DEBUG Thread-1 scan t_age=17.17 bright=0/30 A=False B=False playing=False
16:52:20 DEBUG Thread-1 scan t_age=19.20 bright=0/30 A=False B=False playing=False
16:52:22 DEBUG Thread-1 scan t_age=21.23 bright=0/30 A=False B=False playing=False
16:52:24 DEBUG Thread-1 scan t_age=23.27 bright=0/30 A=False B=False playing=False
16:52:26 DEBUG Thread-1 scan t_age=25.30 bright=0/30 A=False B=False playing=False
16:52:28 DEBUG Thread-1 scan t_age=27.34 bright=0/30 A=False B=False playing=False
16:52:30 DEBUG Thread-1 scan t_age=29.37 bright=0/30 A=False B=False playing=False
16:52:32 DEBUG Thread-1 scan t_age=31.41 bright=0/30 A=False B=False playing=False
16:52:34 DEBUG Thread-1 scan t_age=33.44 bright=0/30 A=False B=False playing=False
16:52:36 DEBUG Thread-1 scan t_age=35.47 bright=0/30 A=False B=False playing=False
16:52:38 DEBUG Thread-1 scan t_age=37.50 bright=0/30 A=False B=False playing=False
16:52:40 DEBUG Thread-1 scan t_age=39.54 bright=0/30 A=False B=False playing=False
16:52:42 DEBUG Thread-1 scan t_age=41.57 bright=0/30 A=False B=False playing=False
16:52:44 DEBUG Thread-1 scan t_age=43.60 bright=0/30 A=False B=False playing=False
16:52:46 INFO Thread-3 (process) T pressed (event scan_code=20 name=t)
16:52:46 INFO Thread-1 T-snapshot #3 saved: red=0 roi=t003_165246_roi_red=0.png ctx=t003_165246_context.png
16:52:46 DEBUG Thread-1 scan t_age=0.48 bright=0/30 A=True B=False playing=False
16:52:47 INFO Thread-3 (process) T pressed (event scan_code=20 name=t)
16:52:47 INFO Thread-3 (process) T pressed (event scan_code=20 name=t)
16:52:48 INFO Thread-1 T-snapshot #4 saved: red=0 roi=t004_165248_roi_red=0.png ctx=t004_165248_context.png
16:52:48 DEBUG Thread-1 scan t_age=1.11 bright=0/30 A=True B=False playing=False
16:52:50 DEBUG Thread-1 scan t_age=3.17 bright=0/30 A=False B=False playing=False
16:52:52 INFO Thread-3 (process) T pressed (event scan_code=20 name=t)
16:52:52 INFO Thread-1 T-snapshot #5 saved: red=0 roi=t005_165252_roi_red=0.png ctx=t005_165252_context.png
16:52:52 DEBUG Thread-1 scan t_age=0.14 bright=0/30 A=True B=False playing=False
16:52:54 INFO Thread-3 (process) T pressed (event scan_code=20 name=t)
16:52:54 INFO Thread-1 T-snapshot #6 saved: red=0 roi=t006_165254_roi_red=0.png ctx=t006_165254_context.png
16:52:54 DEBUG Thread-1 scan t_age=2.20 bright=0/30 A=False B=False playing=False
16:52:56 INFO Thread-3 (process) T pressed (event scan_code=20 name=t)
16:52:56 INFO Thread-3 (process) T pressed (event scan_code=20 name=t)
16:52:56 INFO Thread-1 T-snapshot #7 saved: red=0 roi=t007_165256_roi_red=0.png ctx=t007_165256_context.png
16:52:56 DEBUG Thread-1 scan t_age=0.70 bright=0/30 A=True B=False playing=False
16:52:58 INFO Thread-3 (process) T pressed (event scan_code=20 name=t)
16:52:58 INFO Thread-3 (process) T pressed (event scan_code=20 name=t)
16:52:58 INFO Thread-3 (process) T pressed (event scan_code=20 name=t)
16:52:59 INFO Thread-1 T-snapshot #8 saved: red=0 roi=t008_165259_roi_red=0.png ctx=t008_165259_context.png
16:52:59 DEBUG Thread-1 scan t_age=0.07 bright=0/30 A=True B=False playing=False
16:53:01 DEBUG Thread-1 scan t_age=2.12 bright=0/30 A=False B=False playing=False
16:53:03 DEBUG Thread-1 scan t_age=4.15 bright=0/30 A=False B=False playing=False
16:53:05 DEBUG Thread-1 scan t_age=6.18 bright=0/30 A=False B=False playing=False
16:53:07 DEBUG Thread-1 scan t_age=8.22 bright=0/30 A=False B=False playing=False
16:53:09 DEBUG Thread-1 scan t_age=10.25 bright=0/30 A=False B=False playing=False
16:53:11 DEBUG Thread-1 scan t_age=12.29 bright=0/30 A=False B=False playing=False
16:53:13 DEBUG Thread-1 scan t_age=14.33 bright=0/30 A=False B=False playing=False
16:53:15 DEBUG Thread-1 scan t_age=16.35 bright=0/30 A=False B=False playing=False
16:53:17 DEBUG Thread-1 scan t_age=18.39 bright=0/31 A=False B=False playing=False
16:53:19 DEBUG Thread-1 scan t_age=20.42 bright=0/97 A=False B=False playing=False
16:53:21 DEBUG Thread-1 scan t_age=22.45 bright=0/97 A=False B=False playing=False
16:53:23 DEBUG Thread-1 scan t_age=24.48 bright=0/97 A=False B=False playing=False
16:53:25 DEBUG Thread-1 scan t_age=26.51 bright=0/112 A=False B=False playing=False
16:53:27 DEBUG Thread-1 scan t_age=28.54 bright=0/112 A=False B=False playing=False
16:53:29 DEBUG Thread-1 scan t_age=30.57 bright=56/112 A=False B=False playing=False
16:53:31 DEBUG Thread-1 scan t_age=32.61 bright=74/112 A=False B=False playing=False
16:53:33 DEBUG Thread-1 scan t_age=34.65 bright=15/112 A=False B=False playing=False
16:53:35 DEBUG Thread-1 scan t_age=36.68 bright=389/112 A=False B=True playing=False
16:53:37 DEBUG Thread-1 scan t_age=38.71 bright=17/112 A=False B=False playing=False
16:53:39 DEBUG Thread-1 scan t_age=40.75 bright=12/112 A=False B=False playing=False
16:53:41 DEBUG Thread-1 scan t_age=42.78 bright=539/112 A=False B=True playing=False
16:53:43 DEBUG Thread-1 scan t_age=44.81 bright=0/112 A=False B=False playing=False
16:53:44 INFO Thread-3 (process) T pressed (event scan_code=20 name=t)
16:53:45 INFO Thread-3 (process) T pressed (event scan_code=20 name=t)
16:53:45 INFO Thread-3 (process) T pressed (event scan_code=20 name=t)
16:53:45 INFO Thread-1 T-snapshot #9 saved: red=0 roi=t009_165345_roi_red=0.png ctx=t009_165345_context.png
16:53:45 DEBUG Thread-1 scan t_age=0.35 bright=0/112 A=True B=False playing=False
16:53:47 DEBUG Thread-1 scan t_age=2.41 bright=0/112 A=False B=False playing=False
16:53:49 INFO Thread-3 (process) T pressed (event scan_code=20 name=t)
16:53:49 INFO Thread-1 T-snapshot #10 saved: red=0 roi=t010_165349_roi_red=0.png ctx=t010_165349_context.png
16:53:49 DEBUG Thread-1 scan t_age=0.04 bright=0/112 A=True B=False playing=False
16:53:50 INFO Thread-3 (process) T pressed (event scan_code=20 name=t)
16:53:50 INFO Thread-3 (process) T pressed (event scan_code=20 name=t)
16:53:51 INFO Thread-1 T-snapshot #11 saved: red=0 roi=t011_165351_roi_red=0.png ctx=t011_165351_context.png
16:53:51 DEBUG Thread-1 scan t_age=1.57 bright=0/112 A=True B=False playing=False
16:53:54 DEBUG Thread-1 scan t_age=3.64 bright=0/112 A=False B=False playing=False
16:53:56 DEBUG Thread-1 scan t_age=5.67 bright=0/112 A=False B=False playing=False
16:53:58 DEBUG Thread-1 scan t_age=7.70 bright=0/112 A=False B=False playing=False
16:54:00 DEBUG Thread-1 scan t_age=9.74 bright=0/112 A=False B=False playing=False
16:54:02 DEBUG Thread-1 scan t_age=11.77 bright=0/112 A=False B=False playing=False
16:54:04 DEBUG Thread-1 scan t_age=13.80 bright=0/112 A=False B=False playing=False
16:54:06 DEBUG Thread-1 scan t_age=15.84 bright=0/112 A=False B=False playing=False
16:54:08 DEBUG Thread-1 scan t_age=17.87 bright=0/112 A=False B=False playing=False
16:54:10 DEBUG Thread-1 scan t_age=19.91 bright=0/112 A=False B=False playing=False
16:54:12 DEBUG Thread-1 scan t_age=21.94 bright=0/112 A=False B=False playing=False
16:54:14 DEBUG Thread-1 scan t_age=23.97 bright=0/112 A=False B=False playing=False
16:54:16 DEBUG Thread-1 scan t_age=26.00 bright=0/112 A=False B=False playing=False
16:54:18 DEBUG Thread-1 scan t_age=28.04 bright=0/112 A=False B=False playing=False
16:54:20 DEBUG Thread-1 scan t_age=30.07 bright=0/112 A=False B=False playing=False
16:54:22 DEBUG Thread-1 scan t_age=32.11 bright=0/112 A=False B=False playing=False
16:54:24 DEBUG Thread-1 scan t_age=34.14 bright=0/112 A=False B=False playing=False
16:54:26 DEBUG Thread-1 scan t_age=36.18 bright=0/112 A=False B=False playing=False
16:54:28 DEBUG Thread-1 scan t_age=38.21 bright=0/112 A=False B=False playing=False
16:54:30 DEBUG Thread-1 scan t_age=40.24 bright=0/112 A=False B=False playing=False
16:54:32 DEBUG Thread-1 scan t_age=42.27 bright=0/112 A=False B=False playing=False
16:54:34 DEBUG Thread-1 scan t_age=44.30 bright=0/112 A=False B=False playing=False
16:54:36 DEBUG Thread-1 scan t_age=46.34 bright=0/112 A=False B=False playing=False
16:54:38 DEBUG Thread-1 scan t_age=48.37 bright=0/112 A=False B=False playing=False
16:54:40 DEBUG Thread-1 scan t_age=50.40 bright=0/112 A=False B=False playing=False
16:54:42 DEBUG Thread-1 scan t_age=52.43 bright=0/112 A=False B=False playing=False
16:54:44 DEBUG Thread-1 scan t_age=54.47 bright=0/112 A=False B=False playing=False
16:54:46 DEBUG Thread-1 scan t_age=56.50 bright=0/112 A=False B=False playing=False
16:54:48 DEBUG Thread-1 scan t_age=58.54 bright=0/112 A=False B=False playing=False
16:54:50 DEBUG Thread-1 scan t_age=60.57 bright=0/112 A=False B=False playing=False
16:54:52 DEBUG Thread-1 scan t_age=62.61 bright=0/112 A=False B=False playing=False
16:54:55 DEBUG Thread-1 scan t_age=64.64 bright=0/112 A=False B=False playing=False
16:54:57 DEBUG Thread-1 scan t_age=66.68 bright=0/112 A=False B=False playing=False
16:54:59 DEBUG Thread-1 scan t_age=68.71 bright=0/112 A=False B=False playing=False
16:55:01 DEBUG Thread-1 scan t_age=70.75 bright=0/112 A=False B=False playing=False
16:55:03 DEBUG Thread-1 scan t_age=72.78 bright=0/112 A=False B=False playing=False
16:55:05 DEBUG Thread-1 scan t_age=74.81 bright=0/112 A=False B=False playing=False
16:55:07 DEBUG Thread-1 scan t_age=76.85 bright=0/112 A=False B=False playing=False
16:55:09 DEBUG Thread-1 scan t_age=78.89 bright=0/112 A=False B=False playing=False
16:55:11 DEBUG Thread-1 scan t_age=80.92 bright=0/112 A=False B=False playing=False
16:55:13 DEBUG Thread-1 scan t_age=82.96 bright=0/112 A=False B=False playing=False
16:55:15 DEBUG Thread-1 scan t_age=84.99 bright=0/112 A=False B=False playing=False
16:55:17 DEBUG Thread-1 scan t_age=87.02 bright=0/112 A=False B=False playing=False
16:55:19 DEBUG Thread-1 scan t_age=89.06 bright=0/112 A=False B=False playing=False
16:55:21 DEBUG Thread-1 scan t_age=91.10 bright=0/112 A=False B=False playing=False
16:55:23 DEBUG Thread-1 scan t_age=93.13 bright=0/112 A=False B=False playing=False
16:55:25 DEBUG Thread-1 scan t_age=95.16 bright=0/112 A=False B=False playing=False
16:55:27 DEBUG Thread-1 scan t_age=97.19 bright=0/112 A=False B=False playing=False
16:55:29 DEBUG Thread-1 scan t_age=99.22 bright=0/112 A=False B=False playing=False
16:55:31 DEBUG Thread-1 scan t_age=101.25 bright=0/112 A=False B=False playing=False
16:55:33 DEBUG Thread-1 scan t_age=103.29 bright=0/112 A=False B=False playing=False
16:55:35 DEBUG Thread-1 scan t_age=105.33 bright=0/112 A=False B=False playing=False
16:55:37 DEBUG Thread-1 scan t_age=107.37 bright=0/112 A=False B=False playing=False
16:55:39 DEBUG Thread-1 scan t_age=109.40 bright=0/112 A=False B=False playing=False
16:55:41 DEBUG Thread-1 scan t_age=111.43 bright=0/112 A=False B=False playing=False
16:55:43 DEBUG Thread-1 scan t_age=113.47 bright=0/112 A=False B=False playing=False
16:55:45 DEBUG Thread-1 scan t_age=115.50 bright=0/112 A=False B=False playing=False
16:55:47 DEBUG Thread-1 scan t_age=117.53 bright=0/112 A=False B=False playing=False
16:55:49 DEBUG Thread-1 scan t_age=119.57 bright=0/112 A=False B=False playing=False
16:55:51 DEBUG Thread-1 scan t_age=121.60 bright=0/112 A=False B=False playing=False
16:55:54 DEBUG Thread-1 scan t_age=123.63 bright=0/112 A=False B=False playing=False
16:55:56 DEBUG Thread-1 scan t_age=125.67 bright=0/112 A=False B=False playing=False
16:55:58 DEBUG Thread-1 scan t_age=127.70 bright=0/112 A=False B=False playing=False
16:56:00 DEBUG Thread-1 scan t_age=129.73 bright=0/112 A=False B=False playing=False
16:56:02 DEBUG Thread-1 scan t_age=131.77 bright=0/112 A=False B=False playing=False
16:56:04 DEBUG Thread-1 scan t_age=133.80 bright=0/112 A=False B=False playing=False
16:56:06 DEBUG Thread-1 scan t_age=135.84 bright=0/112 A=False B=False playing=False
16:56:08 DEBUG Thread-1 scan t_age=137.87 bright=0/112 A=False B=False playing=False
16:56:10 DEBUG Thread-1 scan t_age=139.90 bright=0/112 A=False B=False playing=False
16:56:12 DEBUG Thread-1 scan t_age=141.93 bright=0/112 A=False B=False playing=False
16:56:14 DEBUG Thread-1 scan t_age=143.96 bright=0/112 A=False B=False playing=False
16:56:16 DEBUG Thread-1 scan t_age=146.00 bright=0/112 A=False B=False playing=False
16:56:18 DEBUG Thread-1 scan t_age=148.03 bright=0/112 A=False B=False playing=False
16:56:20 DEBUG Thread-1 scan t_age=150.06 bright=0/112 A=False B=False playing=False
16:56:22 DEBUG Thread-1 scan t_age=152.09 bright=0/112 A=False B=False playing=False
16:56:24 DEBUG Thread-1 scan t_age=154.12 bright=15/112 A=False B=False playing=False
16:56:26 DEBUG Thread-1 scan t_age=156.16 bright=15/112 A=False B=False playing=False
16:56:28 DEBUG Thread-1 scan t_age=158.19 bright=1/112 A=False B=False playing=False
16:56:30 DEBUG Thread-1 scan t_age=160.21 bright=1/112 A=False B=False playing=False
16:56:32 DEBUG Thread-1 scan t_age=162.25 bright=1/112 A=False B=False playing=False
16:56:34 DEBUG Thread-1 scan t_age=164.28 bright=1/112 A=False B=False playing=False
16:56:36 DEBUG Thread-1 scan t_age=166.31 bright=1/112 A=False B=False playing=False
16:56:38 DEBUG Thread-1 scan t_age=168.34 bright=1/112 A=False B=False playing=False
16:56:40 DEBUG Thread-1 scan t_age=170.38 bright=15/112 A=False B=False playing=False
16:56:42 DEBUG Thread-1 scan t_age=172.41 bright=15/112 A=False B=False playing=False
16:56:44 DEBUG Thread-1 scan t_age=174.44 bright=1/112 A=False B=False playing=False
16:56:46 DEBUG Thread-1 scan t_age=176.48 bright=0/112 A=False B=False playing=False
16:56:48 DEBUG Thread-1 scan t_age=178.52 bright=0/112 A=False B=False playing=False
16:56:50 DEBUG Thread-1 scan t_age=180.55 bright=0/112 A=False B=False playing=False
16:56:52 DEBUG Thread-1 scan t_age=182.58 bright=0/112 A=False B=False playing=False
16:56:55 DEBUG Thread-1 scan t_age=184.62 bright=0/112 A=False B=False playing=False
16:56:57 DEBUG Thread-1 scan t_age=186.65 bright=0/112 A=False B=False playing=False
16:56:59 DEBUG Thread-1 scan t_age=188.69 bright=0/112 A=False B=False playing=False
16:57:01 DEBUG Thread-1 scan t_age=190.72 bright=0/112 A=False B=False playing=False
16:57:03 DEBUG Thread-1 scan t_age=192.76 bright=0/112 A=False B=False playing=False
16:57:05 DEBUG Thread-1 scan t_age=194.79 bright=0/112 A=False B=False playing=False
16:57:07 DEBUG Thread-1 scan t_age=196.83 bright=0/112 A=False B=False playing=False
16:57:09 DEBUG Thread-1 scan t_age=198.86 bright=0/112 A=False B=False playing=False
16:57:11 DEBUG Thread-1 scan t_age=200.90 bright=0/112 A=False B=False playing=False
16:57:13 DEBUG Thread-1 scan t_age=202.93 bright=0/112 A=False B=False playing=False
16:57:15 DEBUG Thread-1 scan t_age=204.96 bright=0/112 A=False B=False playing=False
16:57:17 DEBUG Thread-1 scan t_age=207.00 bright=0/112 A=False B=False playing=False
16:57:19 INFO MainThread ================================================================
16:57:19 INFO MainThread SC Lock Radio module imported. pid=47676 python=3.12.4
16:57:19 INFO MainThread Script=C:\Users\Duke\Downloads\SCLockRadio\SCLockRadio.py
16:57:19 DEBUG Thread-1 scan t_age=209.03 bright=0/112 A=False B=False playing=False
16:57:19 INFO Thread-1 Detector thread starting. Region={'left': 1152, 'top': 648, 'width': 256, 'height': 144} mon=(2560x1440)
16:57:19 INFO Thread-1 Keyboard hook installed for T
16:57:19 DEBUG Thread-1 scan t_age=None score=0/112 red_total=0 blob=0 aspect=0.00 A=False B=False playing=False
16:57:21 DEBUG Thread-1 scan t_age=211.06 bright=123/112 A=False B=True playing=False
16:57:21 INFO MainThread --- process exiting cleanly via atexit ---
16:57:23 DEBUG Thread-1 scan t_age=213.10 bright=123/112 A=False B=True playing=False
16:57:25 DEBUG Thread-1 scan t_age=215.13 bright=134/112 A=False B=True playing=False
16:57:27 DEBUG Thread-1 scan t_age=217.17 bright=134/112 A=False B=True playing=False
16:57:29 DEBUG Thread-1 scan t_age=219.20 bright=50/112 A=False B=False playing=False
16:57:31 DEBUG Thread-1 scan t_age=221.24 bright=40/112 A=False B=False playing=False
16:57:33 DEBUG Thread-1 scan t_age=223.27 bright=0/112 A=False B=False playing=False
16:57:35 DEBUG Thread-1 scan t_age=225.30 bright=0/112 A=False B=False playing=False
16:57:37 DEBUG Thread-1 scan t_age=227.34 bright=0/112 A=False B=False playing=False
16:57:39 DEBUG Thread-1 scan t_age=229.37 bright=0/112 A=False B=False playing=False
16:57:41 DEBUG Thread-1 scan t_age=231.40 bright=0/112 A=False B=False playing=False
16:57:43 DEBUG Thread-1 scan t_age=233.44 bright=0/112 A=False B=False playing=False
16:57:45 DEBUG Thread-1 scan t_age=235.47 bright=0/112 A=False B=False playing=False
16:57:47 DEBUG Thread-1 scan t_age=237.50 bright=0/112 A=False B=False playing=False
16:57:49 DEBUG Thread-1 scan t_age=239.53 bright=0/112 A=False B=False playing=False
16:57:51 INFO MainThread ================================================================
16:57:51 INFO MainThread SC Lock Radio module imported. pid=12412 python=3.12.4
16:57:51 INFO MainThread Script=C:\Users\Duke\Downloads\SCLockRadio\SCLockRadio.py
16:57:51 INFO Thread-1 Detector thread starting. Region={'left': 1152, 'top': 648, 'width': 256, 'height': 144} mon=(2560x1440)
16:57:51 INFO Thread-1 Keyboard hook installed for T
16:57:51 DEBUG Thread-1 scan t_age=None score=0/112 red_total=0 blob=0 aspect=0.00 fg='SC Lock Radio' sc=False A=False B=False playing=False
16:57:51 DEBUG Thread-1 scan t_age=241.57 bright=0/112 A=False B=False playing=False
16:57:53 DEBUG Thread-1 scan t_age=243.60 bright=0/112 A=False B=False playing=False
16:57:54 INFO MainThread --- process exiting cleanly via atexit ---
16:57:56 DEBUG Thread-1 scan t_age=245.64 bright=0/112 A=False B=False playing=False
16:57:58 DEBUG Thread-1 scan t_age=247.67 bright=0/112 A=False B=False playing=False
16:57:59 INFO MainThread ================================================================
16:57:59 INFO MainThread SC Lock Radio module imported. pid=26664 python=3.12.4
16:57:59 INFO MainThread Script=C:\Users\Duke\Downloads\SCLockRadio\SCLockRadio.py
16:57:59 INFO MainThread --- process exiting cleanly via atexit ---
16:58:00 DEBUG Thread-1 scan t_age=249.71 bright=0/112 A=False B=False playing=False
16:58:02 DEBUG Thread-1 scan t_age=251.74 bright=0/112 A=False B=False playing=False
16:58:04 DEBUG Thread-1 scan t_age=253.78 bright=0/112 A=False B=False playing=False
16:58:06 DEBUG Thread-1 scan t_age=255.81 bright=0/112 A=False B=False playing=False
16:58:08 DEBUG Thread-1 scan t_age=257.85 bright=0/112 A=False B=False playing=False
16:58:10 DEBUG Thread-1 scan t_age=259.88 bright=0/112 A=False B=False playing=False
16:58:12 DEBUG Thread-1 scan t_age=261.91 bright=0/112 A=False B=False playing=False
16:58:14 DEBUG Thread-1 scan t_age=263.95 bright=0/112 A=False B=False playing=False
16:58:16 DEBUG Thread-1 scan t_age=265.98 bright=0/112 A=False B=False playing=False
16:58:18 DEBUG Thread-1 scan t_age=268.02 bright=0/112 A=False B=False playing=False
16:58:20 DEBUG Thread-1 scan t_age=270.05 bright=0/112 A=False B=False playing=False
16:58:22 DEBUG Thread-1 scan t_age=272.09 bright=0/112 A=False B=False playing=False
16:58:24 DEBUG Thread-1 scan t_age=274.12 bright=0/112 A=False B=False playing=False
16:58:26 DEBUG Thread-1 scan t_age=276.15 bright=0/112 A=False B=False playing=False
16:58:28 DEBUG Thread-1 scan t_age=278.19 bright=0/112 A=False B=False playing=False
16:58:30 DEBUG Thread-1 scan t_age=280.22 bright=0/112 A=False B=False playing=False
16:58:32 DEBUG Thread-1 scan t_age=282.26 bright=0/112 A=False B=False playing=False
16:58:34 DEBUG Thread-1 scan t_age=284.29 bright=0/112 A=False B=False playing=False
16:58:36 DEBUG Thread-1 scan t_age=286.33 bright=0/112 A=False B=False playing=False
16:58:38 DEBUG Thread-1 scan t_age=288.36 bright=0/112 A=False B=False playing=False
16:58:40 DEBUG Thread-1 scan t_age=290.40 bright=0/112 A=False B=False playing=False
16:58:42 DEBUG Thread-1 scan t_age=292.43 bright=0/112 A=False B=False playing=False
16:58:44 DEBUG Thread-1 scan t_age=294.46 bright=0/112 A=False B=False playing=False
16:58:46 DEBUG Thread-1 scan t_age=296.49 bright=0/112 A=False B=False playing=False
16:58:48 DEBUG Thread-1 scan t_age=298.53 bright=0/112 A=False B=False playing=False
16:58:50 DEBUG Thread-1 scan t_age=300.56 bright=0/112 A=False B=False playing=False
16:58:52 DEBUG Thread-1 scan t_age=302.59 bright=0/112 A=False B=False playing=False
16:58:55 DEBUG Thread-1 scan t_age=304.62 bright=0/112 A=False B=False playing=False
16:58:57 DEBUG Thread-1 scan t_age=306.66 bright=0/112 A=False B=False playing=False
16:58:59 DEBUG Thread-1 scan t_age=308.69 bright=0/112 A=False B=False playing=False
16:59:01 DEBUG Thread-1 scan t_age=310.73 bright=0/112 A=False B=False playing=False
16:59:03 DEBUG Thread-1 scan t_age=312.76 bright=0/112 A=False B=False playing=False
16:59:05 DEBUG Thread-1 scan t_age=314.79 bright=0/112 A=False B=False playing=False
16:59:07 DEBUG Thread-1 scan t_age=316.82 bright=0/112 A=False B=False playing=False
16:59:09 DEBUG Thread-1 scan t_age=318.85 bright=0/112 A=False B=False playing=False
16:59:11 DEBUG Thread-1 scan t_age=320.89 bright=0/112 A=False B=False playing=False
16:59:13 DEBUG Thread-1 scan t_age=322.92 bright=0/112 A=False B=False playing=False
16:59:15 DEBUG Thread-1 scan t_age=324.95 bright=0/112 A=False B=False playing=False
16:59:17 DEBUG Thread-1 scan t_age=326.98 bright=0/112 A=False B=False playing=False
16:59:19 DEBUG Thread-1 scan t_age=329.02 bright=0/112 A=False B=False playing=False
16:59:21 DEBUG Thread-1 scan t_age=331.06 bright=0/112 A=False B=False playing=False
16:59:23 DEBUG Thread-1 scan t_age=333.09 bright=0/112 A=False B=False playing=False
16:59:25 DEBUG Thread-1 scan t_age=335.12 bright=0/112 A=False B=False playing=False
16:59:27 DEBUG Thread-1 scan t_age=337.15 bright=0/112 A=False B=False playing=False
16:59:29 DEBUG Thread-1 scan t_age=339.19 bright=0/112 A=False B=False playing=False
16:59:31 DEBUG Thread-1 scan t_age=341.22 bright=0/112 A=False B=False playing=False
16:59:33 DEBUG Thread-1 scan t_age=343.25 bright=0/112 A=False B=False playing=False
16:59:35 DEBUG Thread-1 scan t_age=345.28 bright=0/112 A=False B=False playing=False
16:59:37 DEBUG Thread-1 scan t_age=347.31 bright=0/112 A=False B=False playing=False
16:59:39 DEBUG Thread-1 scan t_age=349.35 bright=0/112 A=False B=False playing=False
16:59:41 DEBUG Thread-1 scan t_age=351.38 bright=0/112 A=False B=False playing=False
16:59:43 DEBUG Thread-1 scan t_age=353.42 bright=0/112 A=False B=False playing=False
16:59:45 DEBUG Thread-1 scan t_age=355.45 bright=0/112 A=False B=False playing=False
16:59:47 DEBUG Thread-1 scan t_age=357.48 bright=0/112 A=False B=False playing=False
16:59:49 DEBUG Thread-1 scan t_age=359.52 bright=0/112 A=False B=False playing=False
16:59:51 DEBUG Thread-1 scan t_age=361.55 bright=0/112 A=False B=False playing=False
16:59:53 DEBUG Thread-1 scan t_age=363.59 bright=0/112 A=False B=False playing=False
16:59:56 DEBUG Thread-1 scan t_age=365.62 bright=0/112 A=False B=False playing=False
16:59:58 DEBUG Thread-1 scan t_age=367.66 bright=0/112 A=False B=False playing=False
17:00:00 DEBUG Thread-1 scan t_age=369.69 bright=0/112 A=False B=False playing=False
17:00:02 DEBUG Thread-1 scan t_age=371.73 bright=0/112 A=False B=False playing=False
17:00:04 DEBUG Thread-1 scan t_age=373.76 bright=0/112 A=False B=False playing=False
17:00:06 DEBUG Thread-1 scan t_age=375.80 bright=0/112 A=False B=False playing=False
17:00:08 DEBUG Thread-1 scan t_age=377.83 bright=0/112 A=False B=False playing=False
17:00:10 DEBUG Thread-1 scan t_age=379.87 bright=0/112 A=False B=False playing=False
17:00:12 DEBUG Thread-1 scan t_age=381.90 bright=0/112 A=False B=False playing=False
17:00:14 DEBUG Thread-1 scan t_age=383.94 bright=0/112 A=False B=False playing=False
17:00:16 DEBUG Thread-1 scan t_age=385.97 bright=0/112 A=False B=False playing=False
17:00:18 DEBUG Thread-1 scan t_age=388.00 bright=0/112 A=False B=False playing=False
17:00:20 DEBUG Thread-1 scan t_age=390.04 bright=0/112 A=False B=False playing=False
17:00:22 DEBUG Thread-1 scan t_age=392.07 bright=0/112 A=False B=False playing=False
17:00:24 DEBUG Thread-1 scan t_age=394.11 bright=0/112 A=False B=False playing=False
17:00:26 DEBUG Thread-1 scan t_age=396.15 bright=0/112 A=False B=False playing=False
17:00:28 DEBUG Thread-1 scan t_age=398.18 bright=0/112 A=False B=False playing=False
17:00:30 DEBUG Thread-1 scan t_age=400.21 bright=0/112 A=False B=False playing=False
17:00:32 DEBUG Thread-1 scan t_age=402.25 bright=0/112 A=False B=False playing=False
17:00:34 DEBUG Thread-1 scan t_age=404.28 bright=0/112 A=False B=False playing=False
17:00:36 DEBUG Thread-1 scan t_age=406.31 bright=0/112 A=False B=False playing=False
17:00:38 DEBUG Thread-1 scan t_age=408.35 bright=0/112 A=False B=False playing=False
17:00:40 DEBUG Thread-1 scan t_age=410.39 bright=0/112 A=False B=False playing=False
17:00:42 DEBUG Thread-1 scan t_age=412.42 bright=0/112 A=False B=False playing=False
17:00:44 DEBUG Thread-1 scan t_age=414.46 bright=0/112 A=False B=False playing=False
17:00:46 DEBUG Thread-1 scan t_age=416.49 bright=0/112 A=False B=False playing=False
17:00:48 DEBUG Thread-1 scan t_age=418.52 bright=0/112 A=False B=False playing=False
17:00:50 DEBUG Thread-1 scan t_age=420.56 bright=0/112 A=False B=False playing=False
17:00:52 DEBUG Thread-1 scan t_age=422.59 bright=0/112 A=False B=False playing=False
17:00:55 DEBUG Thread-1 scan t_age=424.63 bright=0/112 A=False B=False playing=False
17:00:57 DEBUG Thread-1 scan t_age=426.66 bright=0/112 A=False B=False playing=False
17:00:59 DEBUG Thread-1 scan t_age=428.70 bright=0/112 A=False B=False playing=False
17:01:01 DEBUG Thread-1 scan t_age=430.73 bright=0/112 A=False B=False playing=False
17:01:03 DEBUG Thread-1 scan t_age=432.77 bright=0/112 A=False B=False playing=False
17:01:05 DEBUG Thread-1 scan t_age=434.80 bright=0/112 A=False B=False playing=False
17:01:07 DEBUG Thread-1 scan t_age=436.83 bright=0/112 A=False B=False playing=False
17:01:09 DEBUG Thread-1 scan t_age=438.86 bright=0/112 A=False B=False playing=False
17:01:11 DEBUG Thread-1 scan t_age=440.90 bright=0/112 A=False B=False playing=False
17:01:13 DEBUG Thread-1 scan t_age=442.93 bright=0/112 A=False B=False playing=False
17:01:15 DEBUG Thread-1 scan t_age=444.97 bright=0/112 A=False B=False playing=False
17:01:17 DEBUG Thread-1 scan t_age=447.00 bright=0/112 A=False B=False playing=False
17:01:19 DEBUG Thread-1 scan t_age=449.03 bright=0/112 A=False B=False playing=False
17:01:21 DEBUG Thread-1 scan t_age=451.07 bright=0/112 A=False B=False playing=False
17:01:23 DEBUG Thread-1 scan t_age=453.10 bright=0/112 A=False B=False playing=False
17:01:25 DEBUG Thread-1 scan t_age=455.13 bright=0/112 A=False B=False playing=False
17:01:27 DEBUG Thread-1 scan t_age=457.17 bright=0/112 A=False B=False playing=False
17:01:29 DEBUG Thread-1 scan t_age=459.21 bright=0/112 A=False B=False playing=False
17:01:31 DEBUG Thread-1 scan t_age=461.24 bright=0/112 A=False B=False playing=False
17:01:33 DEBUG Thread-1 scan t_age=463.27 bright=0/112 A=False B=False playing=False
17:01:35 DEBUG Thread-1 scan t_age=465.31 bright=0/112 A=False B=False playing=False
17:01:37 DEBUG Thread-1 scan t_age=467.35 bright=0/112 A=False B=False playing=False
17:01:39 DEBUG Thread-1 scan t_age=469.38 bright=0/112 A=False B=False playing=False
17:01:41 DEBUG Thread-1 scan t_age=471.41 bright=0/112 A=False B=False playing=False
17:01:43 DEBUG Thread-1 scan t_age=473.45 bright=0/112 A=False B=False playing=False
17:01:45 DEBUG Thread-1 scan t_age=475.48 bright=0/112 A=False B=False playing=False
17:01:47 DEBUG Thread-1 scan t_age=477.52 bright=0/112 A=False B=False playing=False
17:01:49 DEBUG Thread-1 scan t_age=479.55 bright=0/112 A=False B=False playing=False
17:01:51 DEBUG Thread-1 scan t_age=481.59 bright=0/112 A=False B=False playing=False
17:01:54 DEBUG Thread-1 scan t_age=483.62 bright=0/112 A=False B=False playing=False
17:01:56 DEBUG Thread-1 scan t_age=485.65 bright=0/112 A=False B=False playing=False
17:01:58 DEBUG Thread-1 scan t_age=487.69 bright=0/112 A=False B=False playing=False
17:02:00 DEBUG Thread-1 scan t_age=489.73 bright=0/112 A=False B=False playing=False
17:02:02 DEBUG Thread-1 scan t_age=491.76 bright=0/112 A=False B=False playing=False
17:02:04 DEBUG Thread-1 scan t_age=493.79 bright=0/112 A=False B=False playing=False
17:02:06 DEBUG Thread-1 scan t_age=495.83 bright=0/112 A=False B=False playing=False
17:02:08 DEBUG Thread-1 scan t_age=497.87 bright=0/112 A=False B=False playing=False
17:02:10 DEBUG Thread-1 scan t_age=499.90 bright=0/112 A=False B=False playing=False
17:02:12 DEBUG Thread-1 scan t_age=501.94 bright=0/112 A=False B=False playing=False
17:02:14 DEBUG Thread-1 scan t_age=503.97 bright=0/112 A=False B=False playing=False
17:02:16 DEBUG Thread-1 scan t_age=506.01 bright=0/112 A=False B=False playing=False
17:02:18 DEBUG Thread-1 scan t_age=508.04 bright=0/112 A=False B=False playing=False
17:02:20 DEBUG Thread-1 scan t_age=510.08 bright=0/112 A=False B=False playing=False
17:02:22 DEBUG Thread-1 scan t_age=512.11 bright=0/112 A=False B=False playing=False
17:02:24 DEBUG Thread-1 scan t_age=514.14 bright=0/112 A=False B=False playing=False
17:02:26 DEBUG Thread-1 scan t_age=516.18 bright=0/112 A=False B=False playing=False
17:02:28 DEBUG Thread-1 scan t_age=518.21 bright=0/112 A=False B=False playing=False
17:02:30 DEBUG Thread-1 scan t_age=520.24 bright=0/112 A=False B=False playing=False
17:02:32 DEBUG Thread-1 scan t_age=522.27 bright=0/112 A=False B=False playing=False
17:02:34 DEBUG Thread-1 scan t_age=524.31 bright=0/112 A=False B=False playing=False
17:02:36 DEBUG Thread-1 scan t_age=526.34 bright=0/112 A=False B=False playing=False
17:02:38 DEBUG Thread-1 scan t_age=528.37 bright=0/112 A=False B=False playing=False
17:02:40 DEBUG Thread-1 scan t_age=530.41 bright=0/112 A=False B=False playing=False
17:02:42 DEBUG Thread-1 scan t_age=532.45 bright=0/112 A=False B=False playing=False
17:02:44 DEBUG Thread-1 scan t_age=534.48 bright=0/112 A=False B=False playing=False
17:02:46 DEBUG Thread-1 scan t_age=536.52 bright=0/112 A=False B=False playing=False
17:02:48 DEBUG Thread-1 scan t_age=538.55 bright=0/112 A=False B=False playing=False
17:02:50 DEBUG Thread-1 scan t_age=540.58 bright=0/112 A=False B=False playing=False
17:02:53 DEBUG Thread-1 scan t_age=542.62 bright=0/112 A=False B=False playing=False
17:02:55 DEBUG Thread-1 scan t_age=544.66 bright=0/112 A=False B=False playing=False
17:02:57 DEBUG Thread-1 scan t_age=546.70 bright=0/112 A=False B=False playing=False
17:02:59 DEBUG Thread-1 scan t_age=548.73 bright=0/112 A=False B=False playing=False
17:03:01 DEBUG Thread-1 scan t_age=550.76 bright=0/112 A=False B=False playing=False
17:03:03 DEBUG Thread-1 scan t_age=552.79 bright=0/112 A=False B=False playing=False
17:03:05 DEBUG Thread-1 scan t_age=554.82 bright=0/112 A=False B=False playing=False
17:03:07 DEBUG Thread-1 scan t_age=556.86 bright=0/112 A=False B=False playing=False
17:03:09 DEBUG Thread-1 scan t_age=558.89 bright=0/112 A=False B=False playing=False
17:03:11 DEBUG Thread-1 scan t_age=560.92 bright=0/112 A=False B=False playing=False
17:03:13 DEBUG Thread-1 scan t_age=562.96 bright=0/112 A=False B=False playing=False
17:03:15 DEBUG Thread-1 scan t_age=564.99 bright=0/112 A=False B=False playing=False
17:03:17 DEBUG Thread-1 scan t_age=567.03 bright=0/112 A=False B=False playing=False
17:03:19 DEBUG Thread-1 scan t_age=569.07 bright=0/112 A=False B=False playing=False
17:03:21 DEBUG Thread-1 scan t_age=571.10 bright=0/112 A=False B=False playing=False
17:03:23 DEBUG Thread-1 scan t_age=573.12 bright=0/112 A=False B=False playing=False
17:03:25 DEBUG Thread-1 scan t_age=575.16 bright=0/112 A=False B=False playing=False
17:03:27 DEBUG Thread-1 scan t_age=577.19 bright=0/112 A=False B=False playing=False
17:03:29 DEBUG Thread-1 scan t_age=579.23 bright=0/112 A=False B=False playing=False
17:03:31 DEBUG Thread-1 scan t_age=581.26 bright=0/112 A=False B=False playing=False
17:03:33 DEBUG Thread-1 scan t_age=583.30 bright=0/112 A=False B=False playing=False
17:03:35 DEBUG Thread-1 scan t_age=585.33 bright=0/112 A=False B=False playing=False
17:03:37 DEBUG Thread-1 scan t_age=587.36 bright=0/112 A=False B=False playing=False
17:03:39 DEBUG Thread-1 scan t_age=589.40 bright=0/112 A=False B=False playing=False
17:03:41 DEBUG Thread-1 scan t_age=591.43 bright=0/112 A=False B=False playing=False
17:03:43 DEBUG Thread-1 scan t_age=593.46 bright=0/112 A=False B=False playing=False
17:03:45 DEBUG Thread-1 scan t_age=595.50 bright=0/112 A=False B=False playing=False
17:03:47 DEBUG Thread-1 scan t_age=597.53 bright=0/112 A=False B=False playing=False
17:03:49 DEBUG Thread-1 scan t_age=599.56 bright=0/112 A=False B=False playing=False
17:03:51 DEBUG Thread-1 scan t_age=601.60 bright=0/112 A=False B=False playing=False
17:03:54 DEBUG Thread-1 scan t_age=603.63 bright=0/112 A=False B=False playing=False
17:03:56 DEBUG Thread-1 scan t_age=605.66 bright=0/112 A=False B=False playing=False
17:03:58 DEBUG Thread-1 scan t_age=607.69 bright=0/112 A=False B=False playing=False
17:04:00 DEBUG Thread-1 scan t_age=609.73 bright=0/112 A=False B=False playing=False
17:04:02 DEBUG Thread-1 scan t_age=611.76 bright=0/112 A=False B=False playing=False
17:04:04 DEBUG Thread-1 scan t_age=613.80 bright=0/112 A=False B=False playing=False
17:04:06 DEBUG Thread-1 scan t_age=615.83 bright=0/112 A=False B=False playing=False
17:04:08 DEBUG Thread-1 scan t_age=617.87 bright=0/112 A=False B=False playing=False
17:04:10 DEBUG Thread-1 scan t_age=619.90 bright=0/112 A=False B=False playing=False
17:04:12 DEBUG Thread-1 scan t_age=621.94 bright=0/112 A=False B=False playing=False
17:04:14 DEBUG Thread-1 scan t_age=623.97 bright=0/112 A=False B=False playing=False
17:04:16 DEBUG Thread-1 scan t_age=626.00 bright=0/112 A=False B=False playing=False
17:04:18 DEBUG Thread-1 scan t_age=628.04 bright=0/112 A=False B=False playing=False
17:04:20 DEBUG Thread-1 scan t_age=630.07 bright=0/112 A=False B=False playing=False
17:04:22 DEBUG Thread-1 scan t_age=632.10 bright=0/112 A=False B=False playing=False
17:04:24 DEBUG Thread-1 scan t_age=634.14 bright=0/112 A=False B=False playing=False
17:04:26 DEBUG Thread-1 scan t_age=636.17 bright=0/112 A=False B=False playing=False
17:04:28 DEBUG Thread-1 scan t_age=638.20 bright=0/112 A=False B=False playing=False
17:04:30 DEBUG Thread-1 scan t_age=640.23 bright=0/112 A=False B=False playing=False
17:04:32 DEBUG Thread-1 scan t_age=642.26 bright=0/112 A=False B=False playing=False
17:04:34 DEBUG Thread-1 scan t_age=644.30 bright=0/112 A=False B=False playing=False
17:04:36 DEBUG Thread-1 scan t_age=646.33 bright=0/112 A=False B=False playing=False
17:04:38 DEBUG Thread-1 scan t_age=648.36 bright=0/112 A=False B=False playing=False
17:04:40 DEBUG Thread-1 scan t_age=650.40 bright=0/112 A=False B=False playing=False
17:04:42 DEBUG Thread-1 scan t_age=652.43 bright=0/112 A=False B=False playing=False
17:04:44 DEBUG Thread-1 scan t_age=654.46 bright=0/112 A=False B=False playing=False
17:04:46 DEBUG Thread-1 scan t_age=656.50 bright=0/112 A=False B=False playing=False
17:04:48 DEBUG Thread-1 scan t_age=658.53 bright=0/112 A=False B=False playing=False
17:04:50 DEBUG Thread-1 scan t_age=660.57 bright=0/112 A=False B=False playing=False
17:04:52 DEBUG Thread-1 scan t_age=662.60 bright=0/112 A=False B=False playing=False
17:04:55 DEBUG Thread-1 scan t_age=664.64 bright=0/112 A=False B=False playing=False
17:04:57 DEBUG Thread-1 scan t_age=666.66 bright=0/112 A=False B=False playing=False
17:04:59 DEBUG Thread-1 scan t_age=668.70 bright=0/112 A=False B=False playing=False
17:05:01 DEBUG Thread-1 scan t_age=670.73 bright=0/112 A=False B=False playing=False
17:05:03 DEBUG Thread-1 scan t_age=672.76 bright=0/112 A=False B=False playing=False
17:05:05 DEBUG Thread-1 scan t_age=674.80 bright=0/112 A=False B=False playing=False
17:05:07 DEBUG Thread-1 scan t_age=676.83 bright=0/112 A=False B=False playing=False
17:05:09 DEBUG Thread-1 scan t_age=678.87 bright=0/112 A=False B=False playing=False
17:05:11 DEBUG Thread-1 scan t_age=680.90 bright=0/112 A=False B=False playing=False
17:05:13 DEBUG Thread-1 scan t_age=682.93 bright=0/112 A=False B=False playing=False
17:05:15 DEBUG Thread-1 scan t_age=684.96 bright=0/112 A=False B=False playing=False
17:05:17 DEBUG Thread-1 scan t_age=687.00 bright=0/112 A=False B=False playing=False
17:05:19 DEBUG Thread-1 scan t_age=689.03 bright=0/112 A=False B=False playing=False
17:05:21 DEBUG Thread-1 scan t_age=691.07 bright=0/112 A=False B=False playing=False
17:05:23 DEBUG Thread-1 scan t_age=693.10 bright=0/112 A=False B=False playing=False
17:05:25 DEBUG Thread-1 scan t_age=695.14 bright=0/112 A=False B=False playing=False
17:05:27 DEBUG Thread-1 scan t_age=697.17 bright=0/112 A=False B=False playing=False
17:05:29 DEBUG Thread-1 scan t_age=699.20 bright=0/112 A=False B=False playing=False
17:05:31 DEBUG Thread-1 scan t_age=701.24 bright=0/112 A=False B=False playing=False
17:05:33 DEBUG Thread-1 scan t_age=703.27 bright=0/112 A=False B=False playing=False
17:05:35 DEBUG Thread-1 scan t_age=705.30 bright=0/112 A=False B=False playing=False
17:05:37 DEBUG Thread-1 scan t_age=707.34 bright=0/112 A=False B=False playing=False
17:05:39 DEBUG Thread-1 scan t_age=709.37 bright=0/112 A=False B=False playing=False
17:05:41 DEBUG Thread-1 scan t_age=711.41 bright=0/112 A=False B=False playing=False
17:05:43 DEBUG Thread-1 scan t_age=713.44 bright=0/112 A=False B=False playing=False
17:05:45 DEBUG Thread-1 scan t_age=715.48 bright=0/112 A=False B=False playing=False
17:05:47 DEBUG Thread-1 scan t_age=717.51 bright=0/112 A=False B=False playing=False
17:05:49 DEBUG Thread-1 scan t_age=719.54 bright=0/112 A=False B=False playing=False
17:05:51 DEBUG Thread-1 scan t_age=721.57 bright=0/112 A=False B=False playing=False
17:05:53 DEBUG Thread-1 scan t_age=723.60 bright=0/112 A=False B=False playing=False
17:05:56 DEBUG Thread-1 scan t_age=725.63 bright=0/112 A=False B=False playing=False
17:05:58 DEBUG Thread-1 scan t_age=727.66 bright=0/112 A=False B=False playing=False
17:06:00 DEBUG Thread-1 scan t_age=729.69 bright=0/112 A=False B=False playing=False
17:06:02 DEBUG Thread-1 scan t_age=731.73 bright=0/112 A=False B=False playing=False
17:06:04 DEBUG Thread-1 scan t_age=733.76 bright=0/112 A=False B=False playing=False
17:06:06 DEBUG Thread-1 scan t_age=735.79 bright=0/112 A=False B=False playing=False
17:06:08 DEBUG Thread-1 scan t_age=737.83 bright=0/112 A=False B=False playing=False
17:06:10 DEBUG Thread-1 scan t_age=739.87 bright=0/112 A=False B=False playing=False
17:06:12 DEBUG Thread-1 scan t_age=741.90 bright=0/112 A=False B=False playing=False
17:06:14 DEBUG Thread-1 scan t_age=743.93 bright=0/112 A=False B=False playing=False
17:06:16 DEBUG Thread-1 scan t_age=745.97 bright=0/112 A=False B=False playing=False
17:06:18 DEBUG Thread-1 scan t_age=748.00 bright=0/112 A=False B=False playing=False
17:06:20 DEBUG Thread-1 scan t_age=750.04 bright=0/112 A=False B=False playing=False
17:06:22 DEBUG Thread-1 scan t_age=752.07 bright=0/112 A=False B=False playing=False
17:06:24 DEBUG Thread-1 scan t_age=754.11 bright=0/59 A=False B=False playing=False
17:06:26 DEBUG Thread-1 scan t_age=756.14 bright=0/50 A=False B=False playing=False
17:06:28 DEBUG Thread-1 scan t_age=758.18 bright=48/50 A=False B=False playing=False
17:06:29 INFO Thread-3 (process) T pressed (event scan_code=20 name=t)
17:06:30 INFO Thread-1 T-snapshot #12 saved: red=32 roi=t012_170630_roi_red=32.png ctx=t012_170630_context.png
17:06:30 DEBUG Thread-1 scan t_age=0.77 bright=32/50 A=True B=False playing=False
17:06:32 DEBUG Thread-1 scan t_age=2.85 bright=102/50 A=False B=True playing=False
17:06:34 DEBUG Thread-1 scan t_age=4.89 bright=0/50 A=False B=False playing=False
17:06:36 INFO Thread-3 (process) T pressed (event scan_code=20 name=t)
17:06:36 INFO Thread-1 T-snapshot #13 saved: red=85 roi=t013_170636_roi_red=85.png ctx=t013_170636_context.png
17:06:36 DEBUG Thread-1 scan t_age=0.09 bright=85/50 A=True B=True playing=False
17:06:36 INFO Thread-1 LOCK TRIGGER: starting music
17:06:36 INFO Thread-1 Music started: NA - Limp Bizkit - My Way
17:06:38 DEBUG Thread-1 scan t_age=2.18 bright=296/50 A=False B=True playing=True
17:06:40 DEBUG Thread-1 scan t_age=4.22 bright=0/50 A=False B=False playing=True
17:06:41 INFO Thread-3 (process) T pressed (event scan_code=20 name=t)
17:06:42 INFO Thread-1 T-snapshot #14 saved: red=194 roi=t014_170642_roi_red=194.png ctx=t014_170642_context.png
17:06:42 DEBUG Thread-1 scan t_age=1.49 bright=194/50 A=True B=True playing=True
17:06:44 DEBUG Thread-1 scan t_age=3.56 bright=0/50 A=False B=False playing=True
17:06:47 DEBUG Thread-1 scan t_age=5.60 bright=82/50 A=False B=True playing=True
17:06:49 DEBUG Thread-1 scan t_age=7.64 bright=85/50 A=False B=True playing=True
17:06:51 DEBUG Thread-1 scan t_age=9.67 bright=11/50 A=False B=False playing=True
17:06:53 DEBUG Thread-1 scan t_age=11.71 bright=14/50 A=False B=False playing=True
17:06:55 DEBUG Thread-1 scan t_age=13.74 bright=279/50 A=False B=True playing=True
17:06:57 DEBUG Thread-1 scan t_age=15.78 bright=48/50 A=False B=False playing=True
17:06:59 DEBUG Thread-1 scan t_age=17.81 bright=0/50 A=False B=False playing=True
17:07:01 DEBUG Thread-1 scan t_age=19.85 bright=47/50 A=False B=False playing=True
17:07:03 DEBUG Thread-1 scan t_age=21.88 bright=76/50 A=False B=True playing=True
17:07:05 DEBUG Thread-1 scan t_age=23.92 bright=0/50 A=False B=False playing=True
17:07:07 DEBUG Thread-1 scan t_age=25.95 bright=92/50 A=False B=True playing=True
17:07:09 DEBUG Thread-1 scan t_age=27.99 bright=88/50 A=False B=True playing=True
17:07:11 DEBUG Thread-1 scan t_age=30.02 bright=17/50 A=False B=False playing=True
17:07:13 DEBUG Thread-1 scan t_age=32.06 bright=51/50 A=False B=True playing=True
17:07:15 DEBUG Thread-1 scan t_age=34.10 bright=46/50 A=False B=False playing=True
17:07:17 DEBUG Thread-1 scan t_age=36.13 bright=65/50 A=False B=True playing=True
17:07:19 DEBUG Thread-1 scan t_age=38.17 bright=52/50 A=False B=True playing=True
17:07:21 DEBUG Thread-1 scan t_age=40.20 bright=51/50 A=False B=True playing=True
17:07:23 DEBUG Thread-1 scan t_age=42.23 bright=49/50 A=False B=False playing=True
17:07:25 DEBUG Thread-1 scan t_age=44.27 bright=52/50 A=False B=True playing=True
17:07:27 DEBUG Thread-1 scan t_age=46.30 bright=53/50 A=False B=True playing=True
17:07:29 DEBUG Thread-1 scan t_age=48.34 bright=0/50 A=False B=False playing=True
17:07:30 INFO Thread-3 (process) T pressed (event scan_code=20 name=t)
17:07:31 INFO Thread-3 (process) T pressed (event scan_code=20 name=t)
17:07:31 INFO Thread-1 T-snapshot #15 saved: red=0 roi=t015_170731_roi_red=0.png ctx=t015_170731_context.png
17:07:31 DEBUG Thread-1 scan t_age=0.49 bright=0/50 A=True B=False playing=True
17:07:31 INFO Thread-3 (process) T pressed (event scan_code=20 name=t)
17:07:32 INFO Thread-3 (process) T pressed (event scan_code=20 name=t)
17:07:33 INFO Thread-3 (process) T pressed (event scan_code=20 name=t)
17:07:33 INFO Thread-3 (process) T pressed (event scan_code=20 name=t)
17:07:33 INFO Thread-1 T-snapshot #16 saved: red=0 roi=t016_170733_roi_red=0.png ctx=t016_170733_context.png
17:07:33 DEBUG Thread-1 scan t_age=0.26 bright=0/50 A=True B=False playing=True
17:07:35 INFO Thread-3 (process) T pressed (event scan_code=20 name=t)
17:07:35 INFO Thread-1 T-snapshot #17 saved: red=0 roi=t017_170735_roi_red=0.png ctx=t017_170735_context.png
17:07:35 DEBUG Thread-1 scan t_age=0.10 bright=0/50 A=True B=False playing=True
17:07:36 INFO Thread-3 (process) T pressed (event scan_code=20 name=t)
17:07:37 INFO Thread-3 (process) T pressed (event scan_code=20 name=t)
17:07:37 INFO Thread-1 T-snapshot #18 saved: red=0 roi=t018_170737_roi_red=0.png ctx=t018_170737_context.png
17:07:38 DEBUG Thread-1 scan t_age=0.46 bright=0/50 A=True B=False playing=False
17:07:38 INFO Thread-3 (process) T pressed (event scan_code=20 name=t)
17:07:40 INFO Thread-1 T-snapshot #19 saved: red=0 roi=t019_170740_roi_red=0.png ctx=t019_170740_context.png
17:07:40 DEBUG Thread-1 scan t_age=1.10 bright=0/50 A=True B=False playing=False
17:07:40 INFO Thread-3 (process) T pressed (event scan_code=20 name=t)
17:07:40 INFO Thread-3 (process) T pressed (event scan_code=20 name=t)
17:07:41 INFO Thread-3 (process) T pressed (event scan_code=20 name=t)
17:07:42 INFO Thread-1 T-snapshot #20 saved: red=0 roi=t020_170742_roi_red=0.png ctx=t020_170742_context.png
17:07:42 DEBUG Thread-1 scan t_age=0.26 bright=0/50 A=True B=False playing=False
17:07:44 DEBUG Thread-1 scan t_age=2.31 bright=0/50 A=False B=False playing=False
17:07:46 DEBUG Thread-1 scan t_age=4.35 bright=0/50 A=False B=False playing=False
17:07:48 DEBUG Thread-1 scan t_age=6.38 bright=0/50 A=False B=False playing=False
17:07:50 DEBUG Thread-1 scan t_age=8.42 bright=0/50 A=False B=False playing=False
17:07:52 DEBUG Thread-1 scan t_age=10.45 bright=0/50 A=False B=False playing=False
17:07:54 DEBUG Thread-1 scan t_age=12.49 bright=0/50 A=False B=False playing=False
17:07:56 DEBUG Thread-1 scan t_age=14.52 bright=0/50 A=False B=False playing=False
17:07:58 DEBUG Thread-1 scan t_age=16.55 bright=0/50 A=False B=False playing=False
17:08:00 DEBUG Thread-1 scan t_age=18.59 bright=0/50 A=False B=False playing=False
17:08:02 DEBUG Thread-1 scan t_age=20.62 bright=0/50 A=False B=False playing=False
17:08:04 DEBUG Thread-1 scan t_age=22.66 bright=0/50 A=False B=False playing=False
17:08:06 DEBUG Thread-1 scan t_age=24.70 bright=0/50 A=False B=False playing=False
17:08:08 DEBUG Thread-1 scan t_age=26.73 bright=0/50 A=False B=False playing=False
17:08:10 DEBUG Thread-1 scan t_age=28.76 bright=0/50 A=False B=False playing=False
17:08:12 DEBUG Thread-1 scan t_age=30.79 bright=0/50 A=False B=False playing=False
17:08:14 DEBUG Thread-1 scan t_age=32.82 bright=0/50 A=False B=False playing=False
17:08:16 DEBUG Thread-1 scan t_age=34.86 bright=0/50 A=False B=False playing=False
17:08:18 DEBUG Thread-1 scan t_age=36.89 bright=0/50 A=False B=False playing=False
17:08:20 DEBUG Thread-1 scan t_age=38.93 bright=0/50 A=False B=False playing=False
17:08:22 DEBUG Thread-1 scan t_age=40.96 bright=0/50 A=False B=False playing=False
17:08:24 DEBUG Thread-1 scan t_age=42.99 bright=0/50 A=False B=False playing=False
17:08:26 DEBUG Thread-1 scan t_age=45.03 bright=0/50 A=False B=False playing=False
17:08:28 DEBUG Thread-1 scan t_age=47.06 bright=0/50 A=False B=False playing=False
17:08:30 DEBUG Thread-1 scan t_age=49.10 bright=0/50 A=False B=False playing=False
17:08:32 DEBUG Thread-1 scan t_age=51.13 bright=0/50 A=False B=False playing=False
17:08:34 DEBUG Thread-1 scan t_age=53.16 bright=0/50 A=False B=False playing=False
17:08:37 DEBUG Thread-1 scan t_age=55.19 bright=0/50 A=False B=False playing=False
17:08:39 DEBUG Thread-1 scan t_age=57.22 bright=0/50 A=False B=False playing=False
17:08:41 DEBUG Thread-1 scan t_age=59.26 bright=0/50 A=False B=False playing=False
17:08:43 DEBUG Thread-1 scan t_age=61.29 bright=0/50 A=False B=False playing=False
17:08:45 DEBUG Thread-1 scan t_age=63.32 bright=0/50 A=False B=False playing=False
17:08:47 DEBUG Thread-1 scan t_age=65.35 bright=0/50 A=False B=False playing=False
17:08:49 DEBUG Thread-1 scan t_age=67.39 bright=0/50 A=False B=False playing=False
17:08:51 DEBUG Thread-1 scan t_age=69.42 bright=0/50 A=False B=False playing=False
17:08:53 DEBUG Thread-1 scan t_age=71.46 bright=0/50 A=False B=False playing=False
17:08:55 DEBUG Thread-1 scan t_age=73.49 bright=0/50 A=False B=False playing=False
17:08:57 DEBUG Thread-1 scan t_age=75.53 bright=0/50 A=False B=False playing=False
17:08:59 DEBUG Thread-1 scan t_age=77.57 bright=0/50 A=False B=False playing=False
17:09:01 DEBUG Thread-1 scan t_age=79.60 bright=0/50 A=False B=False playing=False
17:09:03 DEBUG Thread-1 scan t_age=81.63 bright=0/50 A=False B=False playing=False
17:09:05 DEBUG Thread-1 scan t_age=83.67 bright=0/50 A=False B=False playing=False
17:09:07 DEBUG Thread-1 scan t_age=85.70 bright=0/50 A=False B=False playing=False
17:09:09 DEBUG Thread-1 scan t_age=87.74 bright=0/50 A=False B=False playing=False
17:09:11 DEBUG Thread-1 scan t_age=89.77 bright=0/50 A=False B=False playing=False
17:09:13 DEBUG Thread-1 scan t_age=91.81 bright=0/50 A=False B=False playing=False
17:09:15 DEBUG Thread-1 scan t_age=93.84 bright=0/50 A=False B=False playing=False
17:09:17 DEBUG Thread-1 scan t_age=95.87 bright=0/50 A=False B=False playing=False
17:09:19 DEBUG Thread-1 scan t_age=97.91 bright=0/50 A=False B=False playing=False
17:09:21 DEBUG Thread-1 scan t_age=99.94 bright=0/50 A=False B=False playing=False
17:09:23 DEBUG Thread-1 scan t_age=101.98 bright=0/50 A=False B=False playing=False
17:09:25 DEBUG Thread-1 scan t_age=104.01 bright=0/50 A=False B=False playing=False
17:09:27 DEBUG Thread-1 scan t_age=106.05 bright=0/50 A=False B=False playing=False
17:09:29 DEBUG Thread-1 scan t_age=108.08 bright=0/50 A=False B=False playing=False
17:09:31 DEBUG Thread-1 scan t_age=110.11 bright=0/50 A=False B=False playing=False
17:09:33 DEBUG Thread-1 scan t_age=112.15 bright=0/50 A=False B=False playing=False
17:09:36 DEBUG Thread-1 scan t_age=114.18 bright=0/50 A=False B=False playing=False
17:09:38 DEBUG Thread-1 scan t_age=116.22 bright=0/50 A=False B=False playing=False
17:09:40 DEBUG Thread-1 scan t_age=118.25 bright=0/50 A=False B=False playing=False
17:09:42 DEBUG Thread-1 scan t_age=120.28 bright=0/50 A=False B=False playing=False
17:09:44 DEBUG Thread-1 scan t_age=122.32 bright=0/50 A=False B=False playing=False
17:09:46 DEBUG Thread-1 scan t_age=124.35 bright=0/50 A=False B=False playing=False
17:09:48 DEBUG Thread-1 scan t_age=126.39 bright=0/50 A=False B=False playing=False
17:09:50 DEBUG Thread-1 scan t_age=128.42 bright=0/50 A=False B=False playing=False
17:09:52 DEBUG Thread-1 scan t_age=130.46 bright=0/50 A=False B=False playing=False
17:09:54 DEBUG Thread-1 scan t_age=132.49 bright=0/50 A=False B=False playing=False
17:09:56 DEBUG Thread-1 scan t_age=134.52 bright=0/50 A=False B=False playing=False
17:09:58 DEBUG Thread-1 scan t_age=136.56 bright=0/50 A=False B=False playing=False
17:10:00 DEBUG Thread-1 scan t_age=138.59 bright=0/50 A=False B=False playing=False
17:10:02 DEBUG Thread-1 scan t_age=140.63 bright=0/50 A=False B=False playing=False
17:10:04 DEBUG Thread-1 scan t_age=142.67 bright=0/50 A=False B=False playing=False
17:10:06 DEBUG Thread-1 scan t_age=144.71 bright=0/50 A=False B=False playing=False
17:10:08 DEBUG Thread-1 scan t_age=146.74 bright=0/50 A=False B=False playing=False
17:10:10 DEBUG Thread-1 scan t_age=148.77 bright=0/50 A=False B=False playing=False
17:10:12 DEBUG Thread-1 scan t_age=150.81 bright=0/50 A=False B=False playing=False
17:10:14 DEBUG Thread-1 scan t_age=152.84 bright=0/50 A=False B=False playing=False
17:10:16 DEBUG Thread-1 scan t_age=154.87 bright=0/50 A=False B=False playing=False
17:10:18 DEBUG Thread-1 scan t_age=156.91 bright=0/50 A=False B=False playing=False
17:10:20 DEBUG Thread-1 scan t_age=158.94 bright=0/50 A=False B=False playing=False
17:10:22 DEBUG Thread-1 scan t_age=160.98 bright=0/50 A=False B=False playing=False
17:10:24 DEBUG Thread-1 scan t_age=163.01 bright=0/50 A=False B=False playing=False
17:10:26 DEBUG Thread-1 scan t_age=165.05 bright=0/50 A=False B=False playing=False
17:10:28 DEBUG Thread-1 scan t_age=167.08 bright=0/50 A=False B=False playing=False
17:10:30 DEBUG Thread-1 scan t_age=169.12 bright=0/50 A=False B=False playing=False
17:10:32 DEBUG Thread-1 scan t_age=171.16 bright=0/50 A=False B=False playing=False
17:10:35 DEBUG Thread-1 scan t_age=173.19 bright=0/50 A=False B=False playing=False
17:10:37 DEBUG Thread-1 scan t_age=175.23 bright=0/50 A=False B=False playing=False
17:10:39 DEBUG Thread-1 scan t_age=177.26 bright=0/50 A=False B=False playing=False
17:10:41 DEBUG Thread-1 scan t_age=179.30 bright=0/50 A=False B=False playing=False
17:10:43 DEBUG Thread-1 scan t_age=181.33 bright=0/50 A=False B=False playing=False
17:10:45 DEBUG Thread-1 scan t_age=183.37 bright=0/50 A=False B=False playing=False
17:10:47 DEBUG Thread-1 scan t_age=185.41 bright=0/50 A=False B=False playing=False
17:10:49 DEBUG Thread-1 scan t_age=187.44 bright=0/50 A=False B=False playing=False
17:10:51 DEBUG Thread-1 scan t_age=189.48 bright=0/50 A=False B=False playing=False
17:10:53 DEBUG Thread-1 scan t_age=191.51 bright=0/50 A=False B=False playing=False
17:10:55 DEBUG Thread-1 scan t_age=193.55 bright=0/50 A=False B=False playing=False
17:10:57 DEBUG Thread-1 scan t_age=195.58 bright=0/50 A=False B=False playing=False
17:10:59 DEBUG Thread-1 scan t_age=197.61 bright=0/50 A=False B=False playing=False
17:11:01 DEBUG Thread-1 scan t_age=199.65 bright=0/50 A=False B=False playing=False
17:11:03 DEBUG Thread-1 scan t_age=201.68 bright=0/50 A=False B=False playing=False
17:11:05 DEBUG Thread-1 scan t_age=203.72 bright=0/50 A=False B=False playing=False
17:11:07 DEBUG Thread-1 scan t_age=205.75 bright=0/50 A=False B=False playing=False
17:11:09 DEBUG Thread-1 scan t_age=207.79 bright=0/50 A=False B=False playing=False
17:11:11 DEBUG Thread-1 scan t_age=209.83 bright=0/50 A=False B=False playing=False
17:11:13 DEBUG Thread-1 scan t_age=211.86 bright=0/50 A=False B=False playing=False
17:11:15 DEBUG Thread-1 scan t_age=213.89 bright=0/50 A=False B=False playing=False
17:11:17 DEBUG Thread-1 scan t_age=215.93 bright=0/50 A=False B=False playing=False
17:11:19 DEBUG Thread-1 scan t_age=217.96 bright=0/50 A=False B=False playing=False
17:11:21 DEBUG Thread-1 scan t_age=220.00 bright=0/50 A=False B=False playing=False
17:11:23 DEBUG Thread-1 scan t_age=222.03 bright=0/50 A=False B=False playing=False
17:11:25 DEBUG Thread-1 scan t_age=224.07 bright=0/50 A=False B=False playing=False
17:11:27 DEBUG Thread-1 scan t_age=226.10 bright=0/50 A=False B=False playing=False
17:11:29 DEBUG Thread-1 scan t_age=228.13 bright=0/50 A=False B=False playing=False
17:11:32 DEBUG Thread-1 scan t_age=230.17 bright=0/50 A=False B=False playing=False
17:11:34 DEBUG Thread-1 scan t_age=232.20 bright=0/50 A=False B=False playing=False
17:11:36 DEBUG Thread-1 scan t_age=234.23 bright=0/50 A=False B=False playing=False
17:11:38 DEBUG Thread-1 scan t_age=236.26 bright=0/50 A=False B=False playing=False
17:11:40 DEBUG Thread-1 scan t_age=238.29 bright=0/50 A=False B=False playing=False
17:11:42 DEBUG Thread-1 scan t_age=240.33 bright=0/50 A=False B=False playing=False
17:11:44 DEBUG Thread-1 scan t_age=242.36 bright=0/50 A=False B=False playing=False
17:11:46 DEBUG Thread-1 scan t_age=244.40 bright=0/50 A=False B=False playing=False
17:11:48 DEBUG Thread-1 scan t_age=246.43 bright=0/50 A=False B=False playing=False
17:11:50 DEBUG Thread-1 scan t_age=248.47 bright=0/50 A=False B=False playing=False
17:11:52 DEBUG Thread-1 scan t_age=250.51 bright=0/50 A=False B=False playing=False
17:11:54 DEBUG Thread-1 scan t_age=252.54 bright=0/50 A=False B=False playing=False
17:11:56 DEBUG Thread-1 scan t_age=254.56 bright=0/50 A=False B=False playing=False
17:11:56 INFO MainThread ================================================================
17:11:56 INFO MainThread SC Lock Radio module imported. pid=37708 python=3.12.4
17:11:56 INFO MainThread Script=C:\Users\Duke\Downloads\SCLockRadio\SCLockRadio.py
17:11:57 INFO MainThread --- process exiting cleanly via atexit ---
17:11:58 DEBUG Thread-1 scan t_age=256.60 bright=0/50 A=False B=False playing=False
17:12:00 DEBUG Thread-1 scan t_age=258.63 bright=0/50 A=False B=False playing=False
17:12:02 DEBUG Thread-1 scan t_age=260.67 bright=0/50 A=False B=False playing=False
17:12:04 DEBUG Thread-1 scan t_age=262.70 bright=0/50 A=False B=False playing=False
17:12:06 DEBUG Thread-1 scan t_age=264.74 bright=0/50 A=False B=False playing=False
17:12:08 DEBUG Thread-1 scan t_age=266.77 bright=0/50 A=False B=False playing=False
17:12:10 DEBUG Thread-1 scan t_age=268.81 bright=0/50 A=False B=False playing=False
17:12:12 DEBUG Thread-1 scan t_age=270.84 bright=0/50 A=False B=False playing=False
17:12:14 DEBUG Thread-1 scan t_age=272.88 bright=0/50 A=False B=False playing=False
17:12:16 DEBUG Thread-1 scan t_age=274.91 bright=0/50 A=False B=False playing=False
17:12:18 DEBUG Thread-1 scan t_age=276.95 bright=0/50 A=False B=False playing=False
17:12:20 DEBUG Thread-1 scan t_age=278.98 bright=0/50 A=False B=False playing=False
17:12:22 DEBUG Thread-1 scan t_age=281.01 bright=0/50 A=False B=False playing=False
17:12:24 DEBUG Thread-1 scan t_age=283.05 bright=0/50 A=False B=False playing=False
17:12:26 DEBUG Thread-1 scan t_age=285.09 bright=0/50 A=False B=False playing=False
17:12:28 DEBUG Thread-1 scan t_age=287.12 bright=0/50 A=False B=False playing=False
17:12:30 DEBUG Thread-1 scan t_age=289.16 bright=0/50 A=False B=False playing=False
17:12:33 DEBUG Thread-1 scan t_age=291.19 bright=0/50 A=False B=False playing=False
17:12:35 DEBUG Thread-1 scan t_age=293.23 bright=0/50 A=False B=False playing=False
17:12:37 DEBUG Thread-1 scan t_age=295.26 bright=0/50 A=False B=False playing=False
17:12:39 DEBUG Thread-1 scan t_age=297.30 bright=0/50 A=False B=False playing=False
17:12:41 DEBUG Thread-1 scan t_age=299.33 bright=0/50 A=False B=False playing=False
17:12:43 DEBUG Thread-1 scan t_age=301.37 bright=0/50 A=False B=False playing=False
17:12:45 DEBUG Thread-1 scan t_age=303.40 bright=0/50 A=False B=False playing=False
17:12:47 DEBUG Thread-1 scan t_age=305.43 bright=0/50 A=False B=False playing=False
17:12:49 DEBUG Thread-1 scan t_age=307.47 bright=0/50 A=False B=False playing=False
17:12:51 DEBUG Thread-1 scan t_age=309.50 bright=0/50 A=False B=False playing=False
17:12:53 DEBUG Thread-1 scan t_age=311.53 bright=0/50 A=False B=False playing=False
17:12:55 DEBUG Thread-1 scan t_age=313.57 bright=0/50 A=False B=False playing=False
17:12:57 DEBUG Thread-1 scan t_age=315.60 bright=0/50 A=False B=False playing=False
17:12:59 DEBUG Thread-1 scan t_age=317.64 bright=0/50 A=False B=False playing=False
17:13:01 DEBUG Thread-1 scan t_age=319.67 bright=0/50 A=False B=False playing=False
17:13:03 DEBUG Thread-1 scan t_age=321.71 bright=0/50 A=False B=False playing=False
17:13:05 DEBUG Thread-1 scan t_age=323.74 bright=0/50 A=False B=False playing=False
17:13:07 DEBUG Thread-1 scan t_age=325.78 bright=0/50 A=False B=False playing=False
17:13:09 DEBUG Thread-1 scan t_age=327.82 bright=0/50 A=False B=False playing=False
17:13:11 DEBUG Thread-1 scan t_age=329.85 bright=0/50 A=False B=False playing=False
17:13:13 DEBUG Thread-1 scan t_age=331.88 bright=0/50 A=False B=False playing=False
17:13:15 DEBUG Thread-1 scan t_age=333.92 bright=0/50 A=False B=False playing=False
17:13:17 DEBUG Thread-1 scan t_age=335.95 bright=0/50 A=False B=False playing=False
17:13:19 DEBUG Thread-1 scan t_age=337.99 bright=0/50 A=False B=False playing=False
17:13:21 DEBUG Thread-1 scan t_age=340.02 bright=0/50 A=False B=False playing=False
17:13:23 DEBUG Thread-1 scan t_age=342.06 bright=0/50 A=False B=False playing=False
17:13:25 DEBUG Thread-1 scan t_age=344.09 bright=0/50 A=False B=False playing=False
17:13:27 DEBUG Thread-1 scan t_age=346.13 bright=0/50 A=False B=False playing=False
17:13:29 DEBUG Thread-1 scan t_age=348.16 bright=0/50 A=False B=False playing=False
17:13:32 DEBUG Thread-1 scan t_age=350.20 bright=0/50 A=False B=False playing=False
17:13:34 DEBUG Thread-1 scan t_age=352.23 bright=0/50 A=False B=False playing=False
17:13:36 DEBUG Thread-1 scan t_age=354.26 bright=0/50 A=False B=False playing=False
17:13:38 DEBUG Thread-1 scan t_age=356.30 bright=0/50 A=False B=False playing=False
17:13:40 DEBUG Thread-1 scan t_age=358.33 bright=0/50 A=False B=False playing=False
17:13:42 DEBUG Thread-1 scan t_age=360.37 bright=0/50 A=False B=False playing=False
17:13:44 DEBUG Thread-1 scan t_age=362.40 bright=0/50 A=False B=False playing=False
17:13:46 DEBUG Thread-1 scan t_age=364.44 bright=0/50 A=False B=False playing=False
17:13:48 DEBUG Thread-1 scan t_age=366.47 bright=0/50 A=False B=False playing=False
17:13:50 DEBUG Thread-1 scan t_age=368.51 bright=0/50 A=False B=False playing=False
17:13:52 DEBUG Thread-1 scan t_age=370.54 bright=0/50 A=False B=False playing=False
17:13:54 DEBUG Thread-1 scan t_age=372.58 bright=0/50 A=False B=False playing=False
17:13:56 DEBUG Thread-1 scan t_age=374.61 bright=0/50 A=False B=False playing=False
17:13:58 DEBUG Thread-1 scan t_age=376.65 bright=0/50 A=False B=False playing=False
17:14:00 DEBUG Thread-1 scan t_age=378.68 bright=0/50 A=False B=False playing=False
17:14:02 DEBUG Thread-1 scan t_age=380.72 bright=0/50 A=False B=False playing=False
17:14:04 DEBUG Thread-1 scan t_age=382.75 bright=0/50 A=False B=False playing=False
17:14:06 DEBUG Thread-1 scan t_age=384.79 bright=0/50 A=False B=False playing=False
17:14:08 DEBUG Thread-1 scan t_age=386.82 bright=0/50 A=False B=False playing=False
17:14:10 DEBUG Thread-1 scan t_age=388.85 bright=0/50 A=False B=False playing=False
17:14:12 DEBUG Thread-1 scan t_age=390.89 bright=0/50 A=False B=False playing=False
17:14:14 DEBUG Thread-1 scan t_age=392.93 bright=0/50 A=False B=False playing=False
17:14:16 DEBUG Thread-1 scan t_age=394.96 bright=0/50 A=False B=False playing=False
17:14:18 DEBUG Thread-1 scan t_age=397.00 bright=0/50 A=False B=False playing=False
17:14:20 DEBUG Thread-1 scan t_age=399.03 bright=0/50 A=False B=False playing=False
17:14:22 DEBUG Thread-1 scan t_age=401.06 bright=0/50 A=False B=False playing=False
17:14:24 DEBUG Thread-1 scan t_age=403.09 bright=0/50 A=False B=False playing=False
17:14:26 DEBUG Thread-1 scan t_age=405.12 bright=0/50 A=False B=False playing=False
17:14:28 DEBUG Thread-1 scan t_age=407.16 bright=0/50 A=False B=False playing=False
17:14:31 DEBUG Thread-1 scan t_age=409.20 bright=0/50 A=False B=False playing=False
17:14:33 DEBUG Thread-1 scan t_age=411.23 bright=0/50 A=False B=False playing=False
17:14:35 DEBUG Thread-1 scan t_age=413.26 bright=0/50 A=False B=False playing=False
17:14:37 DEBUG Thread-1 scan t_age=415.29 bright=0/50 A=False B=False playing=False
17:14:39 DEBUG Thread-1 scan t_age=417.33 bright=0/50 A=False B=False playing=False
17:14:41 DEBUG Thread-1 scan t_age=419.36 bright=0/50 A=False B=False playing=False
17:14:43 DEBUG Thread-1 scan t_age=421.40 bright=0/50 A=False B=False playing=False
17:14:45 DEBUG Thread-1 scan t_age=423.43 bright=0/50 A=False B=False playing=False
17:14:47 DEBUG Thread-1 scan t_age=425.46 bright=0/50 A=False B=False playing=False
17:14:49 DEBUG Thread-1 scan t_age=427.50 bright=0/50 A=False B=False playing=False
17:14:51 DEBUG Thread-1 scan t_age=429.53 bright=0/50 A=False B=False playing=False
17:14:53 DEBUG Thread-1 scan t_age=431.57 bright=0/50 A=False B=False playing=False
17:14:55 DEBUG Thread-1 scan t_age=433.60 bright=0/50 A=False B=False playing=False
17:14:57 DEBUG Thread-1 scan t_age=435.64 bright=0/50 A=False B=False playing=False
17:14:59 DEBUG Thread-1 scan t_age=437.68 bright=0/50 A=False B=False playing=False
17:15:01 DEBUG Thread-1 scan t_age=439.71 bright=0/50 A=False B=False playing=False
17:15:03 DEBUG Thread-1 scan t_age=441.74 bright=0/50 A=False B=False playing=False
17:15:05 DEBUG Thread-1 scan t_age=443.77 bright=0/50 A=False B=False playing=False
17:15:07 DEBUG Thread-1 scan t_age=445.80 bright=0/50 A=False B=False playing=False
17:15:09 DEBUG Thread-1 scan t_age=447.83 bright=0/50 A=False B=False playing=False
17:15:11 DEBUG Thread-1 scan t_age=449.87 bright=0/50 A=False B=False playing=False
17:15:13 DEBUG Thread-1 scan t_age=451.90 bright=0/50 A=False B=False playing=False
17:15:15 DEBUG Thread-1 scan t_age=453.94 bright=0/50 A=False B=False playing=False
17:15:17 DEBUG Thread-1 scan t_age=455.97 bright=0/50 A=False B=False playing=False
17:15:19 DEBUG Thread-1 scan t_age=458.01 bright=0/50 A=False B=False playing=False
17:15:21 DEBUG Thread-1 scan t_age=460.04 bright=0/50 A=False B=False playing=False
17:15:23 DEBUG Thread-1 scan t_age=462.08 bright=0/50 A=False B=False playing=False
17:15:25 DEBUG Thread-1 scan t_age=464.11 bright=0/50 A=False B=False playing=False
17:15:27 DEBUG Thread-1 scan t_age=466.14 bright=0/50 A=False B=False playing=False
17:15:30 DEBUG Thread-1 scan t_age=468.17 bright=0/50 A=False B=False playing=False
17:15:32 DEBUG Thread-1 scan t_age=470.21 bright=0/50 A=False B=False playing=False
17:15:34 DEBUG Thread-1 scan t_age=472.24 bright=0/50 A=False B=False playing=False
17:15:36 DEBUG Thread-1 scan t_age=474.28 bright=0/50 A=False B=False playing=False
17:15:38 DEBUG Thread-1 scan t_age=476.31 bright=0/50 A=False B=False playing=False
17:15:40 DEBUG Thread-1 scan t_age=478.34 bright=0/50 A=False B=False playing=False
17:15:42 DEBUG Thread-1 scan t_age=480.37 bright=0/50 A=False B=False playing=False
17:15:44 DEBUG Thread-1 scan t_age=482.41 bright=0/50 A=False B=False playing=False
17:15:46 DEBUG Thread-1 scan t_age=484.45 bright=0/50 A=False B=False playing=False
17:15:48 DEBUG Thread-1 scan t_age=486.48 bright=0/50 A=False B=False playing=False
17:15:50 DEBUG Thread-1 scan t_age=488.51 bright=0/50 A=False B=False playing=False
17:15:52 DEBUG Thread-1 scan t_age=490.55 bright=0/50 A=False B=False playing=False
17:15:54 DEBUG Thread-1 scan t_age=492.58 bright=0/50 A=False B=False playing=False
17:15:56 DEBUG Thread-1 scan t_age=494.62 bright=0/50 A=False B=False playing=False
17:15:58 DEBUG Thread-1 scan t_age=496.65 bright=0/50 A=False B=False playing=False
17:16:00 DEBUG Thread-1 scan t_age=498.69 bright=0/50 A=False B=False playing=False
17:16:00 INFO Thread-3 (process) T pressed (event scan_code=20 name=t)
17:16:02 INFO Thread-1 T-snapshot #21 saved: red=0 roi=t021_171602_roi_red=0.png ctx=t021_171602_context.png
17:16:02 DEBUG Thread-1 scan t_age=1.61 bright=0/50 A=True B=False playing=False
17:16:03 INFO Thread-3 (process) T pressed (event scan_code=20 name=t)
17:16:03 INFO Thread-3 (process) T pressed (event scan_code=20 name=t)
17:16:04 INFO Thread-1 T-snapshot #22 saved: red=0 roi=t022_171604_roi_red=0.png ctx=t022_171604_context.png
17:16:04 DEBUG Thread-1 scan t_age=0.87 bright=0/50 A=True B=False playing=False
17:16:06 DEBUG Thread-1 scan t_age=2.93 bright=0/50 A=False B=False playing=False
17:16:08 DEBUG Thread-1 scan t_age=4.96 bright=0/50 A=False B=False playing=False
17:16:10 DEBUG Thread-1 scan t_age=7.00 bright=0/50 A=False B=False playing=False
17:16:12 DEBUG Thread-1 scan t_age=9.03 bright=0/50 A=False B=False playing=False
17:16:14 DEBUG Thread-1 scan t_age=11.07 bright=0/50 A=False B=False playing=False
17:16:16 DEBUG Thread-1 scan t_age=13.10 bright=0/50 A=False B=False playing=False
17:16:18 DEBUG Thread-1 scan t_age=15.14 bright=0/50 A=False B=False playing=False
17:16:20 DEBUG Thread-1 scan t_age=17.17 bright=0/50 A=False B=False playing=False
17:16:22 DEBUG Thread-1 scan t_age=19.20 bright=0/50 A=False B=False playing=False
17:16:24 DEBUG Thread-1 scan t_age=21.24 bright=0/50 A=False B=False playing=False
17:16:27 DEBUG Thread-1 scan t_age=23.27 bright=0/50 A=False B=False playing=False
17:16:29 DEBUG Thread-1 scan t_age=25.31 bright=0/50 A=False B=False playing=False
17:16:31 DEBUG Thread-1 scan t_age=27.34 bright=0/50 A=False B=False playing=False
17:16:33 DEBUG Thread-1 scan t_age=29.38 bright=0/50 A=False B=False playing=False
17:16:35 DEBUG Thread-1 scan t_age=31.41 bright=0/50 A=False B=False playing=False
17:16:37 DEBUG Thread-1 scan t_age=33.44 bright=0/50 A=False B=False playing=False
17:16:39 DEBUG Thread-1 scan t_age=35.47 bright=0/50 A=False B=False playing=False
17:16:41 DEBUG Thread-1 scan t_age=37.50 bright=0/50 A=False B=False playing=False
17:16:43 DEBUG Thread-1 scan t_age=39.54 bright=0/50 A=False B=False playing=False
17:16:45 DEBUG Thread-1 scan t_age=41.57 bright=0/50 A=False B=False playing=False
17:16:47 DEBUG Thread-1 scan t_age=43.61 bright=0/50 A=False B=False playing=False
17:16:49 DEBUG Thread-1 scan t_age=45.64 bright=0/50 A=False B=False playing=False
17:16:51 DEBUG Thread-1 scan t_age=47.68 bright=0/50 A=False B=False playing=False
17:16:53 DEBUG Thread-1 scan t_age=49.71 bright=0/50 A=False B=False playing=False
17:16:55 DEBUG Thread-1 scan t_age=51.75 bright=0/50 A=False B=False playing=False
17:16:57 DEBUG Thread-1 scan t_age=53.78 bright=0/50 A=False B=False playing=False
17:16:59 DEBUG Thread-1 scan t_age=55.82 bright=0/50 A=False B=False playing=False
17:17:01 DEBUG Thread-1 scan t_age=57.85 bright=0/50 A=False B=False playing=False
17:17:03 DEBUG Thread-1 scan t_age=59.88 bright=0/50 A=False B=False playing=False
17:17:05 DEBUG Thread-1 scan t_age=61.92 bright=0/50 A=False B=False playing=False
17:17:07 DEBUG Thread-1 scan t_age=63.95 bright=0/50 A=False B=False playing=False
17:17:09 INFO Thread-3 (process) T pressed (event scan_code=20 name=t)
17:17:09 INFO Thread-1 T-snapshot #23 saved: red=0 roi=t023_171709_roi_red=0.png ctx=t023_171709_context.png
17:17:09 DEBUG Thread-1 scan t_age=0.61 bright=0/50 A=True B=False playing=False
17:17:11 DEBUG Thread-1 scan t_age=2.68 bright=0/50 A=False B=False playing=False
17:17:13 DEBUG Thread-1 scan t_age=4.71 bright=0/50 A=False B=False playing=False
17:17:15 DEBUG Thread-1 scan t_age=6.75 bright=0/50 A=False B=False playing=False
17:17:17 DEBUG Thread-1 scan t_age=8.78 bright=0/50 A=False B=False playing=False
17:17:19 DEBUG Thread-1 scan t_age=10.81 bright=0/50 A=False B=False playing=False
17:17:21 DEBUG Thread-1 scan t_age=12.85 bright=0/50 A=False B=False playing=False
17:17:23 DEBUG Thread-1 scan t_age=14.88 bright=0/50 A=False B=False playing=False
17:17:26 DEBUG Thread-1 scan t_age=16.92 bright=0/50 A=False B=False playing=False
17:17:28 DEBUG Thread-1 scan t_age=18.95 bright=0/50 A=False B=False playing=False
17:17:30 DEBUG Thread-1 scan t_age=20.99 bright=0/50 A=False B=False playing=False
17:17:32 DEBUG Thread-1 scan t_age=23.02 bright=0/50 A=False B=False playing=False
17:17:34 DEBUG Thread-1 scan t_age=25.05 bright=0/50 A=False B=False playing=False
17:17:36 DEBUG Thread-1 scan t_age=27.09 bright=0/50 A=False B=False playing=False
17:17:38 DEBUG Thread-1 scan t_age=29.12 bright=0/50 A=False B=False playing=False
17:17:40 DEBUG Thread-1 scan t_age=31.15 bright=0/50 A=False B=False playing=False
17:17:42 DEBUG Thread-1 scan t_age=33.18 bright=0/50 A=False B=False playing=False
17:17:44 DEBUG Thread-1 scan t_age=35.22 bright=45/50 A=False B=False playing=False
17:17:46 DEBUG Thread-1 scan t_age=37.25 bright=0/50 A=False B=False playing=False
17:17:48 DEBUG Thread-1 scan t_age=39.29 bright=0/50 A=False B=False playing=False
17:17:50 DEBUG Thread-1 scan t_age=41.32 bright=0/50 A=False B=False playing=False
17:17:52 DEBUG Thread-1 scan t_age=43.36 bright=0/50 A=False B=False playing=False
17:17:54 DEBUG Thread-1 scan t_age=45.40 bright=0/50 A=False B=False playing=False
17:17:56 DEBUG Thread-1 scan t_age=47.43 bright=0/50 A=False B=False playing=False
17:17:58 DEBUG Thread-1 scan t_age=49.46 bright=0/50 A=False B=False playing=False
17:18:00 DEBUG Thread-1 scan t_age=51.49 bright=0/50 A=False B=False playing=False
17:18:02 DEBUG Thread-1 scan t_age=53.53 bright=0/50 A=False B=False playing=False
17:18:04 DEBUG Thread-1 scan t_age=55.56 bright=0/50 A=False B=False playing=False
17:18:06 DEBUG Thread-1 scan t_age=57.59 bright=0/50 A=False B=False playing=False
17:18:08 DEBUG Thread-1 scan t_age=59.63 bright=0/50 A=False B=False playing=False
17:18:10 DEBUG Thread-1 scan t_age=61.66 bright=0/50 A=False B=False playing=False
17:18:12 DEBUG Thread-1 scan t_age=63.69 bright=0/50 A=False B=False playing=False
17:18:14 DEBUG Thread-1 scan t_age=65.73 bright=0/50 A=False B=False playing=False
17:18:16 DEBUG Thread-1 scan t_age=67.76 bright=0/50 A=False B=False playing=False
17:18:18 DEBUG Thread-1 scan t_age=69.79 bright=0/50 A=False B=False playing=False
17:18:20 DEBUG Thread-1 scan t_age=71.82 bright=0/50 A=False B=False playing=False
17:18:22 DEBUG Thread-1 scan t_age=73.85 bright=0/50 A=False B=False playing=False
17:18:24 DEBUG Thread-1 scan t_age=75.88 bright=0/50 A=False B=False playing=False
17:18:27 DEBUG Thread-1 scan t_age=77.92 bright=0/50 A=False B=False playing=False
17:18:29 DEBUG Thread-1 scan t_age=79.95 bright=0/50 A=False B=False playing=False
17:18:31 DEBUG Thread-1 scan t_age=81.99 bright=0/50 A=False B=False playing=False
17:18:33 DEBUG Thread-1 scan t_age=84.03 bright=0/50 A=False B=False playing=False
17:18:35 DEBUG Thread-1 scan t_age=86.06 bright=0/50 A=False B=False playing=False
17:18:37 DEBUG Thread-1 scan t_age=88.10 bright=0/50 A=False B=False playing=False
17:18:39 DEBUG Thread-1 scan t_age=90.13 bright=0/50 A=False B=False playing=False
17:18:41 DEBUG Thread-1 scan t_age=92.17 bright=0/50 A=False B=False playing=False
17:18:43 DEBUG Thread-1 scan t_age=94.20 bright=0/50 A=False B=False playing=False
17:18:45 DEBUG Thread-1 scan t_age=96.24 bright=0/50 A=False B=False playing=False
17:18:45 INFO MainThread === mainloop exited normally ===
17:18:45 INFO MainThread --- process exiting cleanly via atexit ---
17:18:54 INFO MainThread ================================================================
17:18:54 INFO MainThread SC Lock Radio module imported. pid=37636 python=3.12.4
17:18:54 INFO MainThread Script=c:\Users\Duke\Downloads\SCLockRadio\SCLockRadio.py
17:18:54 INFO MainThread === SC Lock Radio start. cwd=c:\Users\Duke\Downloads\SCLockRadio pid=37636 ===
17:18:54 INFO MainThread Running as admin: True
17:18:57 INFO MainThread No template.png; using blob-shape detection
17:18:57 INFO Thread-1 Detector thread starting. Region={'left': 1152, 'top': 648, 'width': 256, 'height': 144} mon=(2560x1440)
17:18:57 INFO Thread-1 Keyboard hook installed for T
17:18:57 DEBUG Thread-1 scan t_age=None score=0/50 red_total=0 blob=0 aspect=0.00 fg='SC Lock Radio' sc=False A=False B=False playing=False
17:18:59 DEBUG Thread-1 scan t_age=None score=0/50 red_total=0 blob=0 aspect=0.00 fg='SC Lock Radio' sc=False A=False B=False playing=False
17:19:01 INFO MainThread No template.png; using blob-shape detection
17:19:01 DEBUG Thread-1 scan t_age=None score=0/50 red_total=0 blob=0 aspect=0.00 fg='SC Lock Radio' sc=False A=False B=False playing=False
17:19:03 DEBUG Thread-1 scan t_age=None score=0/50 red_total=0 blob=0 aspect=0.00 fg='Administrator: Command Prompt - launch.b' sc=False A=False B=False playing=False
17:19:05 DEBUG Thread-1 scan t_age=None score=0/50 red_total=41 blob=17 aspect=3.50 fg='Star Citizen ' sc=True A=False B=False playing=False
17:19:06 INFO Thread-3 (process) T pressed (event scan_code=20 name=t)
17:19:07 INFO Thread-1 T-snapshot #1 saved: red=75 roi=t001_171907_score=75_blob=75_red=159_asp=1.2.png ctx=t001_171907_context.png
17:19:07 DEBUG Thread-1 scan t_age=1.11 score=75/50 red_total=159 blob=75 aspect=1.20 fg='Star Citizen ' sc=True A=True B=True playing=False
17:19:07 INFO Thread-1 LOCK TRIGGER: starting music
17:19:07 INFO Thread-1 Music started: NA - Korn - Here to Stay (Official HD Video)
17:19:09 DEBUG Thread-1 scan t_age=3.21 score=0/50 red_total=5 blob=1 aspect=1.00 fg='Star Citizen ' sc=True A=False B=False playing=True
17:19:11 DEBUG Thread-1 scan t_age=5.25 score=0/50 red_total=0 blob=0 aspect=0.00 fg='Star Citizen ' sc=True A=False B=False playing=True
17:19:13 DEBUG Thread-1 scan t_age=7.28 score=0/50 red_total=51 blob=7 aspect=1.00 fg='Star Citizen ' sc=True A=False B=False playing=True
17:19:16 DEBUG Thread-1 scan t_age=9.32 score=0/50 red_total=52 blob=8 aspect=3.50 fg='Star Citizen ' sc=True A=False B=False playing=True
17:19:18 DEBUG Thread-1 scan t_age=11.35 score=0/50 red_total=52 blob=11 aspect=5.50 fg='Star Citizen ' sc=True A=False B=False playing=False
17:19:20 DEBUG Thread-1 scan t_age=13.39 score=0/50 red_total=47 blob=5 aspect=5.00 fg='Administrator: Command Prompt - launch.b' sc=False A=False B=False playing=False
17:19:22 DEBUG Thread-1 scan t_age=15.42 score=0/50 red_total=50 blob=10 aspect=5.00 fg='Administrator: Command Prompt - launch.b' sc=False A=False B=False playing=False
17:19:24 DEBUG Thread-1 scan t_age=17.46 score=62/50 red_total=89 blob=62 aspect=1.67 fg='Administrator: Command Prompt - launch.b' sc=False A=False B=False playing=False
17:19:26 DEBUG Thread-1 scan t_age=19.49 score=0/50 red_total=59 blob=25 aspect=2.40 fg='Star Citizen ' sc=True A=False B=False playing=False
17:19:26 INFO Thread-3 (process) T pressed (event scan_code=20 name=t)
17:19:28 INFO Thread-1 T-snapshot #2 saved: red=0 roi=t002_171928_score=0_blob=0_red=0_asp=0.0.png ctx=t002_171928_context.png
17:19:28 DEBUG Thread-1 scan t_age=1.73 score=0/50 red_total=0 blob=0 aspect=0.00 fg='Star Citizen ' sc=True A=True B=False playing=False
17:19:30 DEBUG Thread-1 scan t_age=3.81 score=0/50 red_total=9 blob=9 aspect=1.50 fg='Star Citizen ' sc=True A=False B=False playing=False
17:19:32 DEBUG Thread-1 scan t_age=5.85 score=0/50 red_total=10 blob=6 aspect=2.50 fg='Star Citizen ' sc=True A=False B=False playing=False
17:19:34 DEBUG Thread-1 scan t_age=7.89 score=0/50 red_total=0 blob=0 aspect=0.00 fg='Star Citizen ' sc=True A=False B=False playing=False
17:19:36 DEBUG Thread-1 scan t_age=9.93 score=0/50 red_total=68 blob=24 aspect=6.00 fg='Star Citizen ' sc=True A=False B=False playing=False
17:19:38 DEBUG Thread-1 scan t_age=11.96 score=373/50 red_total=762 blob=373 aspect=2.53 fg='Star Citizen ' sc=True A=False B=True playing=False
17:19:40 DEBUG Thread-1 scan t_age=13.99 score=0/50 red_total=52 blob=8 aspect=3.50 fg='Search' sc=False A=False B=False playing=False
17:20:08 INFO Thread-3 (process) T pressed (event scan_code=20 name=t)
17:20:09 INFO Thread-1 T-snapshot #3 saved: red=0 roi=t003_172008_score=0_blob=0_red=0_asp=0.0.png ctx=t003_172008_context.png
17:20:09 INFO Thread-3 (process) T pressed (event scan_code=20 name=t)
17:20:11 INFO Thread-1 T-snapshot #4 saved: red=0 roi=t004_172011_score=0_blob=0_red=0_asp=0.0.png ctx=t004_172011_context.png
17:20:11 INFO Thread-3 (process) T pressed (event scan_code=20 name=t)
17:20:11 INFO Thread-3 (process) T pressed (event scan_code=20 name=t)
17:20:13 INFO Thread-1 T-snapshot #5 saved: red=0 roi=t005_172013_score=0_blob=0_red=0_asp=0.0.png ctx=t005_172013_context.png
17:20:13 INFO Thread-3 (process) T pressed (event scan_code=20 name=t)
17:20:14 INFO Thread-3 (process) T pressed (event scan_code=20 name=t)
17:20:15 INFO Thread-1 T-snapshot #6 saved: red=0 roi=t006_172015_score=0_blob=0_red=0_asp=0.0.png ctx=t006_172015_context.png
17:20:15 INFO Thread-3 (process) T pressed (event scan_code=20 name=t)
17:20:15 INFO Thread-3 (process) T pressed (event scan_code=20 name=t)
17:20:16 INFO Thread-3 (process) T pressed (event scan_code=20 name=t)
17:20:17 INFO Thread-1 T-snapshot #7 saved: red=0 roi=t007_172017_score=0_blob=0_red=0_asp=0.0.png ctx=t007_172017_context.png
17:20:18 INFO Thread-3 (process) T pressed (event scan_code=20 name=t)
17:20:18 INFO Thread-3 (process) T pressed (event scan_code=20 name=t)
17:20:19 INFO Thread-1 T-snapshot #8 saved: red=0 roi=t008_172019_score=0_blob=0_red=0_asp=0.0.png ctx=t008_172019_context.png
17:20:19 INFO Thread-3 (process) T pressed (event scan_code=20 name=t)
17:20:21 INFO Thread-3 (process) T pressed (event scan_code=20 name=t)
17:20:21 INFO Thread-1 T-snapshot #9 saved: red=0 roi=t009_172021_score=0_blob=0_red=0_asp=0.0.png ctx=t009_172021_context.png
17:20:23 INFO Thread-3 (process) T pressed (event scan_code=20 name=t)
17:20:23 INFO Thread-1 T-snapshot #10 saved: red=0 roi=t010_172023_score=0_blob=0_red=0_asp=0.0.png ctx=t010_172023_context.png
17:20:23 INFO Thread-3 (process) T pressed (event scan_code=20 name=t)
17:20:24 INFO Thread-3 (process) T pressed (event scan_code=20 name=t)
17:20:25 INFO Thread-1 T-snapshot #11 saved: red=0 roi=t011_172025_score=0_blob=0_red=0_asp=0.0.png ctx=t011_172025_context.png
17:20:28 INFO Thread-3 (process) T pressed (event scan_code=20 name=t)
17:20:29 INFO Thread-1 T-snapshot #12 saved: red=0 roi=t012_172029_score=0_blob=0_red=0_asp=0.0.png ctx=t012_172029_context.png
17:20:30 INFO Thread-3 (process) T pressed (event scan_code=20 name=T)
17:20:31 INFO Thread-1 T-snapshot #13 saved: red=0 roi=t013_172031_score=0_blob=0_red=0_asp=0.0.png ctx=t013_172031_context.png
17:21:01 INFO Thread-3 (process) T pressed (event scan_code=20 name=t)
17:21:01 INFO Thread-3 (process) T pressed (event scan_code=20 name=t)
17:21:02 INFO Thread-1 T-snapshot #14 saved: red=0 roi=t014_172102_score=0_blob=0_red=0_asp=0.0.png ctx=t014_172102_context.png
17:21:02 INFO Thread-3 (process) T pressed (event scan_code=20 name=t)
17:21:04 INFO Thread-3 (process) T pressed (event scan_code=20 name=t)
17:21:04 INFO Thread-1 T-snapshot #15 saved: red=0 roi=t015_172104_score=0_blob=0_red=0_asp=0.0.png ctx=t015_172104_context.png
17:21:06 INFO Thread-3 (process) T pressed (event scan_code=20 name=t)
17:21:06 INFO Thread-1 T-snapshot #16 saved: red=0 roi=t016_172106_score=0_blob=0_red=0_asp=0.0.png ctx=t016_172106_context.png
17:21:07 INFO Thread-3 (process) T pressed (event scan_code=20 name=t)
17:21:07 INFO Thread-3 (process) T pressed (event scan_code=20 name=t)
17:21:08 INFO Thread-1 T-snapshot #17 saved: red=0 roi=t017_172108_score=0_blob=0_red=0_asp=0.0.png ctx=t017_172108_context.png
17:21:11 INFO Thread-3 (process) T pressed (event scan_code=20 name=t)
17:21:12 INFO Thread-3 (process) T pressed (event scan_code=20 name=t)
17:21:12 INFO Thread-1 T-snapshot #18 saved: red=0 roi=t018_172112_score=0_blob=0_red=0_asp=0.0.png ctx=t018_172112_context.png
17:21:13 INFO Thread-3 (process) T pressed (event scan_code=20 name=T)
17:21:14 INFO Thread-1 T-snapshot #19 saved: red=0 roi=t019_172114_score=0_blob=0_red=0_asp=0.0.png ctx=t019_172114_context.png
17:21:14 INFO Thread-3 (process) T pressed (event scan_code=20 name=t)
17:21:15 INFO Thread-3 (process) T pressed (event scan_code=20 name=t)
17:21:16 INFO Thread-3 (process) T pressed (event scan_code=20 name=t)
17:21:16 INFO Thread-3 (process) T pressed (event scan_code=20 name=t)
17:21:16 INFO Thread-1 T-snapshot #20 saved: red=0 roi=t020_172116_score=0_blob=0_red=0_asp=0.0.png ctx=t020_172116_context.png
17:21:18 INFO Thread-3 (process) T pressed (event scan_code=20 name=t)
17:21:19 INFO Thread-3 (process) T pressed (event scan_code=20 name=t)
17:21:20 INFO Thread-3 (process) T pressed (event scan_code=20 name=t)
17:21:20 INFO Thread-1 T-snapshot #21 saved: red=0 roi=t021_172120_score=0_blob=0_red=0_asp=0.0.png ctx=t021_172120_context.png
17:21:49 DEBUG Thread-1 scan t_age=29.10 score=38/50 red_total=90 blob=38 aspect=2.43 fg='Star Citizen ' sc=True A=False B=False playing=False
17:21:49 INFO Thread-3 (process) T pressed (event scan_code=20 name=t)
17:21:50 INFO Thread-3 (process) T pressed (event scan_code=20 name=t)
17:21:51 INFO Thread-1 T-snapshot #22 saved: red=0 roi=t022_172151_score=0_blob=21_red=74_asp=1.6.png ctx=t022_172151_context.png
17:21:51 DEBUG Thread-1 scan t_age=1.21 score=0/50 red_total=74 blob=21 aspect=1.56 fg='Star Citizen ' sc=True A=True B=False playing=False
17:21:53 DEBUG Thread-1 scan t_age=3.30 score=36/50 red_total=114 blob=36 aspect=1.57 fg='Star Citizen ' sc=True A=False B=False playing=False
17:21:55 DEBUG Thread-1 scan t_age=5.33 score=0/50 red_total=0 blob=0 aspect=0.00 fg='Greenshot capture form' sc=False A=False B=False playing=False
17:21:57 DEBUG Thread-1 scan t_age=7.36 score=0/50 red_total=51 blob=8 aspect=1.25 fg='Star Citizen ' sc=True A=False B=False playing=False
17:21:59 DEBUG Thread-1 scan t_age=9.40 score=0/50 red_total=51 blob=7 aspect=1.00 fg='Star Citizen ' sc=True A=False B=False playing=False
17:22:01 DEBUG Thread-1 scan t_age=11.43 score=0/50 red_total=52 blob=11 aspect=5.50 fg='Star Citizen ' sc=True A=False B=False playing=False
17:22:03 DEBUG Thread-1 scan t_age=13.47 score=0/50 red_total=48 blob=13 aspect=13.00 fg='Star Citizen ' sc=True A=False B=False playing=False
17:22:05 DEBUG Thread-1 scan t_age=15.50 score=0/50 red_total=13 blob=6 aspect=1.00 fg='Star Citizen ' sc=True A=False B=False playing=False
17:22:05 INFO Thread-3 (process) T pressed (event scan_code=20 name=t)
17:22:06 INFO Thread-3 (process) T pressed (event scan_code=20 name=t)
17:22:07 INFO Thread-1 T-snapshot #23 saved: red=0 roi=t023_172207_score=0_blob=7_red=31_asp=2.0.png ctx=t023_172207_context.png
17:22:07 DEBUG Thread-1 scan t_age=1.18 score=0/50 red_total=31 blob=7 aspect=2.00 fg='Star Citizen ' sc=True A=True B=False playing=False
17:22:09 DEBUG Thread-1 scan t_age=3.27 score=44/50 red_total=90 blob=44 aspect=1.69 fg='Star Citizen ' sc=True A=False B=False playing=False
17:22:11 DEBUG Thread-1 scan t_age=5.30 score=80/50 red_total=144 blob=80 aspect=1.00 fg='Star Citizen ' sc=True A=False B=True playing=False
17:22:13 DEBUG Thread-1 scan t_age=7.34 score=41/50 red_total=96 blob=41 aspect=1.33 fg='Search' sc=False A=False B=False playing=False
17:22:15 DEBUG Thread-1 scan t_age=9.37 score=0/50 red_total=60 blob=19 aspect=4.00 fg='' sc=False A=False B=False playing=False
17:22:17 DEBUG Thread-1 scan t_age=11.41 score=0/50 red_total=50 blob=9 aspect=4.00 fg='' sc=False A=False B=False playing=False
17:22:19 DEBUG Thread-1 scan t_age=13.45 score=0/50 red_total=0 blob=0 aspect=0.00 fg='RSI Launcher' sc=False A=False B=False playing=False
17:22:21 DEBUG Thread-1 scan t_age=15.48 score=0/50 red_total=0 blob=0 aspect=0.00 fg='' sc=False A=False B=False playing=False
17:22:23 DEBUG Thread-1 scan t_age=17.52 score=0/50 red_total=0 blob=0 aspect=0.00 fg='File Explorer' sc=False A=False B=False playing=False
17:22:25 DEBUG Thread-1 scan t_age=19.55 score=0/50 red_total=98 blob=13 aspect=13.00 fg='File Explorer' sc=False A=False B=False playing=False
17:22:27 DEBUG Thread-1 scan t_age=21.58 score=0/50 red_total=45 blob=19 aspect=1.90 fg='File Explorer' sc=False A=False B=False playing=False
17:22:30 DEBUG Thread-1 scan t_age=23.62 score=0/50 red_total=45 blob=19 aspect=1.90 fg='File Explorer' sc=False A=False B=False playing=False
17:22:32 DEBUG Thread-1 scan t_age=25.65 score=0/50 red_total=0 blob=0 aspect=0.00 fg='Roberts Space Industries' sc=False A=False B=False playing=False
17:22:34 DEBUG Thread-1 scan t_age=27.69 score=0/50 red_total=0 blob=0 aspect=0.00 fg='LIVE' sc=False A=False B=False playing=False
17:22:36 DEBUG Thread-1 scan t_age=29.72 score=0/50 red_total=0 blob=0 aspect=0.00 fg='Bin64' sc=False A=False B=False playing=False
17:22:38 DEBUG Thread-1 scan t_age=31.75 score=0/50 red_total=0 blob=0 aspect=0.00 fg='Bin64' sc=False A=False B=False playing=False
17:22:40 DEBUG Thread-1 scan t_age=33.78 score=0/50 red_total=0 blob=0 aspect=0.00 fg='Bin64' sc=False A=False B=False playing=False
17:22:42 DEBUG Thread-1 scan t_age=35.81 score=0/50 red_total=0 blob=0 aspect=0.00 fg='Bin64' sc=False A=False B=False playing=False
17:22:44 DEBUG Thread-1 scan t_age=37.84 score=0/50 red_total=0 blob=0 aspect=0.00 fg='Bin64' sc=False A=False B=False playing=False
17:22:46 DEBUG Thread-1 scan t_age=39.87 score=0/50 red_total=0 blob=0 aspect=0.00 fg='Bin64' sc=False A=False B=False playing=False
17:22:48 DEBUG Thread-1 scan t_age=41.90 score=0/50 red_total=0 blob=0 aspect=0.00 fg='Bin64' sc=False A=False B=False playing=False
17:22:50 DEBUG Thread-1 scan t_age=43.93 score=0/50 red_total=0 blob=0 aspect=0.00 fg='Bin64' sc=False A=False B=False playing=False
17:22:52 DEBUG Thread-1 scan t_age=45.97 score=0/50 red_total=0 blob=0 aspect=0.00 fg='Bin64' sc=False A=False B=False playing=False
17:22:54 DEBUG Thread-1 scan t_age=48.01 score=0/50 red_total=0 blob=0 aspect=0.00 fg='Bin64' sc=False A=False B=False playing=False
17:22:56 DEBUG Thread-1 scan t_age=50.04 score=0/50 red_total=0 blob=0 aspect=0.00 fg='Bin64' sc=False A=False B=False playing=False
17:22:58 DEBUG Thread-1 scan t_age=52.07 score=0/50 red_total=0 blob=0 aspect=0.00 fg='Bin64' sc=False A=False B=False playing=False
17:23:00 DEBUG Thread-1 scan t_age=54.10 score=0/50 red_total=0 blob=0 aspect=0.00 fg='Bin64' sc=False A=False B=False playing=False
17:23:02 DEBUG Thread-1 scan t_age=56.13 score=30/50 red_total=60 blob=30 aspect=1.15 fg='Star Citizen' sc=True A=False B=False playing=False
17:23:04 DEBUG Thread-1 scan t_age=58.17 score=30/50 red_total=60 blob=30 aspect=1.15 fg='Star Citizen' sc=True A=False B=False playing=False
17:23:06 DEBUG Thread-1 scan t_age=60.21 score=30/50 red_total=60 blob=30 aspect=1.15 fg='Star Citizen' sc=True A=False B=False playing=False
17:23:08 DEBUG Thread-1 scan t_age=62.24 score=30/50 red_total=60 blob=30 aspect=1.15 fg='Star Citizen' sc=True A=False B=False playing=False
17:23:10 DEBUG Thread-1 scan t_age=64.28 score=30/50 red_total=60 blob=30 aspect=1.15 fg='Nuclear Blast Records - SOILWORK - 20 Mo' sc=False A=False B=False playing=False
17:23:12 DEBUG Thread-1 scan t_age=66.31 score=30/50 red_total=60 blob=30 aspect=1.15 fg='' sc=False A=False B=False playing=False
17:23:14 DEBUG Thread-1 scan t_age=68.35 score=0/50 red_total=0 blob=0 aspect=0.00 fg='' sc=False A=False B=False playing=False
17:23:16 DEBUG Thread-1 scan t_age=70.39 score=0/50 red_total=0 blob=0 aspect=0.00 fg='' sc=False A=False B=False playing=False
17:23:18 DEBUG Thread-1 scan t_age=72.43 score=0/50 red_total=0 blob=0 aspect=0.00 fg='' sc=False A=False B=False playing=False
17:23:20 DEBUG Thread-1 scan t_age=74.46 score=0/50 red_total=0 blob=0 aspect=0.00 fg='' sc=False A=False B=False playing=False
17:23:22 DEBUG Thread-1 scan t_age=76.50 score=0/50 red_total=0 blob=0 aspect=0.00 fg='' sc=False A=False B=False playing=False
17:23:24 DEBUG Thread-1 scan t_age=78.53 score=0/50 red_total=0 blob=0 aspect=0.00 fg='' sc=False A=False B=False playing=False
17:23:29 DEBUG Thread-1 scan t_age=82.60 score=0/50 red_total=0 blob=0 aspect=0.00 fg='Star Citizen ' sc=True A=False B=False playing=False
17:23:31 DEBUG Thread-1 scan t_age=84.64 score=0/50 red_total=0 blob=0 aspect=0.00 fg='Star Citizen ' sc=True A=False B=False playing=False
17:23:33 DEBUG Thread-1 scan t_age=86.67 score=0/50 red_total=0 blob=0 aspect=0.00 fg='Star Citizen ' sc=True A=False B=False playing=False
17:23:35 DEBUG Thread-1 scan t_age=88.70 score=0/50 red_total=0 blob=0 aspect=0.00 fg='Star Citizen ' sc=True A=False B=False playing=False
17:23:37 DEBUG Thread-1 scan t_age=90.74 score=0/50 red_total=0 blob=0 aspect=0.00 fg='Star Citizen ' sc=True A=False B=False playing=False
17:23:39 DEBUG Thread-1 scan t_age=92.77 score=0/50 red_total=0 blob=0 aspect=0.00 fg='Star Citizen ' sc=True A=False B=False playing=False
17:23:43 DEBUG Thread-1 scan t_age=96.84 score=0/50 red_total=0 blob=0 aspect=0.00 fg='RSI Launcher' sc=False A=False B=False playing=False
17:23:45 DEBUG Thread-1 scan t_age=98.88 score=0/50 red_total=0 blob=0 aspect=0.00 fg='Bin64' sc=False A=False B=False playing=False
17:23:47 DEBUG Thread-1 scan t_age=100.91 score=0/50 red_total=0 blob=0 aspect=0.00 fg='LIVE' sc=False A=False B=False playing=False
17:23:49 DEBUG Thread-1 scan t_age=102.93 score=0/50 red_total=0 blob=0 aspect=0.00 fg='LIVE' sc=False A=False B=False playing=False
17:23:51 DEBUG Thread-1 scan t_age=104.96 score=0/50 red_total=0 blob=0 aspect=0.00 fg='Bin64' sc=False A=False B=False playing=False
17:23:53 DEBUG Thread-1 scan t_age=106.99 score=0/50 red_total=0 blob=0 aspect=0.00 fg='FTI' sc=False A=False B=False playing=False
17:23:55 DEBUG Thread-1 scan t_age=109.01 score=0/50 red_total=0 blob=0 aspect=0.00 fg='Bin64' sc=False A=False B=False playing=False
17:23:57 DEBUG Thread-1 scan t_age=111.05 score=0/50 red_total=0 blob=0 aspect=0.00 fg='Bin64' sc=False A=False B=False playing=False
17:23:59 DEBUG Thread-1 scan t_age=113.08 score=0/50 red_total=0 blob=0 aspect=0.00 fg='Bin64' sc=False A=False B=False playing=False
17:24:01 DEBUG Thread-1 scan t_age=115.12 score=0/50 red_total=0 blob=0 aspect=0.00 fg='Bin64' sc=False A=False B=False playing=False
17:24:03 DEBUG Thread-1 scan t_age=117.15 score=0/50 red_total=0 blob=0 aspect=0.00 fg='Bin64' sc=False A=False B=False playing=False
17:24:05 DEBUG Thread-1 scan t_age=119.18 score=0/50 red_total=0 blob=0 aspect=0.00 fg='Star Citizen' sc=True A=False B=False playing=False
17:24:07 DEBUG Thread-1 scan t_age=121.22 score=30/50 red_total=60 blob=30 aspect=1.15 fg='Star Citizen' sc=True A=False B=False playing=False
17:24:09 DEBUG Thread-1 scan t_age=123.25 score=30/50 red_total=60 blob=30 aspect=1.15 fg='Star Citizen' sc=True A=False B=False playing=False
17:24:11 DEBUG Thread-1 scan t_age=125.28 score=30/50 red_total=60 blob=30 aspect=1.15 fg='Star Citizen' sc=True A=False B=False playing=False
17:24:13 DEBUG Thread-1 scan t_age=127.32 score=30/50 red_total=60 blob=30 aspect=1.15 fg='Star Citizen' sc=True A=False B=False playing=False
17:24:15 DEBUG Thread-1 scan t_age=129.36 score=30/50 red_total=60 blob=30 aspect=1.15 fg='Star Citizen' sc=True A=False B=False playing=False
17:24:21 DEBUG Thread-1 scan t_age=135.48 score=0/50 red_total=0 blob=0 aspect=0.00 fg='Greenshot capture form' sc=False A=False B=False playing=False
17:24:25 DEBUG Thread-1 scan t_age=139.56 score=0/50 red_total=0 blob=0 aspect=0.00 fg='Star Citizen ' sc=True A=False B=False playing=False
17:24:28 DEBUG Thread-1 scan t_age=141.59 score=0/50 red_total=0 blob=0 aspect=0.00 fg='Star Citizen ' sc=True A=False B=False playing=False
17:24:30 DEBUG Thread-1 scan t_age=143.63 score=0/50 red_total=0 blob=0 aspect=0.00 fg='Star Citizen ' sc=True A=False B=False playing=False
17:24:32 DEBUG Thread-1 scan t_age=145.66 score=0/50 red_total=0 blob=0 aspect=0.00 fg='Star Citizen ' sc=True A=False B=False playing=False
17:24:34 DEBUG Thread-1 scan t_age=147.70 score=0/50 red_total=0 blob=0 aspect=0.00 fg='Star Citizen ' sc=True A=False B=False playing=False
17:24:36 DEBUG Thread-1 scan t_age=149.73 score=0/50 red_total=0 blob=0 aspect=0.00 fg='Star Citizen ' sc=True A=False B=False playing=False
17:24:38 DEBUG Thread-1 scan t_age=151.77 score=0/50 red_total=0 blob=0 aspect=0.00 fg='Star Citizen ' sc=True A=False B=False playing=False
17:24:40 DEBUG Thread-1 scan t_age=153.81 score=0/50 red_total=0 blob=0 aspect=0.00 fg='Star Citizen ' sc=True A=False B=False playing=False
17:24:42 DEBUG Thread-1 scan t_age=155.85 score=0/50 red_total=0 blob=0 aspect=0.00 fg='Star Citizen ' sc=True A=False B=False playing=False
17:24:44 DEBUG Thread-1 scan t_age=157.88 score=0/50 red_total=0 blob=0 aspect=0.00 fg='Star Citizen ' sc=True A=False B=False playing=False
17:24:46 DEBUG Thread-1 scan t_age=159.92 score=0/50 red_total=0 blob=0 aspect=0.00 fg='Star Citizen ' sc=True A=False B=False playing=False
17:24:48 DEBUG Thread-1 scan t_age=161.95 score=0/50 red_total=0 blob=0 aspect=0.00 fg='Greenshot capture form' sc=False A=False B=False playing=False
17:24:50 DEBUG Thread-1 scan t_age=163.99 score=0/50 red_total=0 blob=0 aspect=0.00 fg='OBS 32.0.2 - Profile: Untitled - Scenes:' sc=False A=False B=False playing=False
17:24:52 DEBUG Thread-1 scan t_age=166.02 score=0/50 red_total=0 blob=0 aspect=0.00 fg='Star Citizen ' sc=True A=False B=False playing=False
17:24:54 DEBUG Thread-1 scan t_age=168.06 score=0/50 red_total=0 blob=0 aspect=0.00 fg='Star Citizen ' sc=True A=False B=False playing=False
17:24:56 INFO MainThread ================================================================
17:24:56 INFO MainThread SC Lock Radio module imported. pid=27736 python=3.12.4
17:24:56 INFO MainThread Script=C:\Users\Duke\Downloads\SCLockRadio\SCLockRadio.py
17:24:56 INFO Thread-1 Detector thread starting. Region={'left': 1152, 'top': 648, 'width': 256, 'height': 144} mon=(2560x1440)
17:24:56 INFO Thread-1 Keyboard hook installed for T
17:24:56 DEBUG Thread-1 scan t_age=None score=0/50 red_total=1435 blob=1435 aspect=1.15 fg='SC Lock Radio' sc=False A=False B=False playing=False
17:24:56 DEBUG Thread-1 scan t_age=170.09 score=0/50 red_total=26 blob=11 aspect=2.00 fg='SC Lock Radio' sc=False A=False B=False playing=False
17:24:57 INFO MainThread --- process exiting cleanly via atexit ---
17:24:58 DEBUG Thread-1 scan t_age=172.13 score=0/50 red_total=0 blob=0 aspect=0.00 fg='Star Citizen ' sc=True A=False B=False playing=False
17:25:00 DEBUG Thread-1 scan t_age=174.16 score=0/50 red_total=11 blob=6 aspect=6.00 fg='Star Citizen ' sc=True A=False B=False playing=False
17:25:02 DEBUG Thread-1 scan t_age=176.20 score=168/50 red_total=367 blob=168 aspect=3.00 fg='Star Citizen ' sc=True A=False B=True playing=False
17:25:04 DEBUG Thread-1 scan t_age=178.24 score=0/50 red_total=2217 blob=2149 aspect=19.69 fg='Star Citizen ' sc=True A=False B=False playing=False
17:25:06 DEBUG Thread-1 scan t_age=180.27 score=0/50 red_total=2250 blob=2164 aspect=19.69 fg='Star Citizen ' sc=True A=False B=False playing=False
17:25:08 DEBUG Thread-1 scan t_age=182.31 score=0/50 red_total=2247 blob=2162 aspect=21.33 fg='Star Citizen ' sc=True A=False B=False playing=False
17:25:10 DEBUG Thread-1 scan t_age=184.34 score=0/50 red_total=13 blob=3 aspect=3.00 fg='Star Citizen ' sc=True A=False B=False playing=False
17:25:12 DEBUG Thread-1 scan t_age=186.38 score=0/50 red_total=0 blob=0 aspect=0.00 fg='Star Citizen ' sc=True A=False B=False playing=False
17:25:14 DEBUG Thread-1 scan t_age=188.48 score=167/50 red_total=1030 blob=167 aspect=2.54 fg='Star Citizen ' sc=True A=False B=True playing=False
17:25:16 DEBUG Thread-1 scan t_age=190.52 score=173/50 red_total=995 blob=173 aspect=2.54 fg='Star Citizen ' sc=True A=False B=True playing=False
17:25:18 DEBUG Thread-1 scan t_age=192.56 score=165/50 red_total=999 blob=165 aspect=2.54 fg='Star Citizen ' sc=True A=False B=True playing=False
17:25:21 DEBUG Thread-1 scan t_age=194.59 score=0/50 red_total=3297 blob=903 aspect=3.08 fg='Star Citizen ' sc=True A=False B=False playing=False
17:25:23 DEBUG Thread-1 scan t_age=196.64 score=0/50 red_total=3825 blob=1224 aspect=3.48 fg='Star Citizen ' sc=True A=False B=False playing=False
17:25:25 DEBUG Thread-1 scan t_age=198.67 score=42/50 red_total=171 blob=42 aspect=1.08 fg='Star Citizen ' sc=True A=False B=False playing=False
17:25:27 DEBUG Thread-1 scan t_age=200.71 score=44/50 red_total=237 blob=44 aspect=1.56 fg='Star Citizen ' sc=True A=False B=False playing=False
17:25:29 DEBUG Thread-1 scan t_age=202.74 score=0/50 red_total=3374 blob=1136 aspect=3.48 fg='Star Citizen ' sc=True A=False B=False playing=False
17:25:31 DEBUG Thread-1 scan t_age=204.78 score=0/50 red_total=1988 blob=565 aspect=5.44 fg='Star Citizen ' sc=True A=False B=False playing=False
17:25:33 DEBUG Thread-1 scan t_age=206.81 score=0/50 red_total=3519 blob=1118 aspect=3.54 fg='Star Citizen ' sc=True A=False B=False playing=False
17:25:35 DEBUG Thread-1 scan t_age=208.85 score=0/50 red_total=3589 blob=1161 aspect=3.48 fg='Star Citizen ' sc=True A=False B=False playing=False
17:25:37 DEBUG Thread-1 scan t_age=210.88 score=0/50 red_total=4660 blob=2124 aspect=3.52 fg='Star Citizen ' sc=True A=False B=False playing=False
17:25:39 DEBUG Thread-1 scan t_age=212.92 score=0/50 red_total=6617 blob=5554 aspect=1.23 fg='Star Citizen ' sc=True A=False B=False playing=False
17:25:41 DEBUG Thread-1 scan t_age=214.95 score=0/50 red_total=5881 blob=4564 aspect=1.25 fg='Star Citizen ' sc=True A=False B=False playing=False
17:25:43 DEBUG Thread-1 scan t_age=216.99 score=0/50 red_total=5910 blob=4836 aspect=1.30 fg='Star Citizen ' sc=True A=False B=False playing=False
17:25:45 DEBUG Thread-1 scan t_age=219.03 score=0/50 red_total=4947 blob=3312 aspect=1.84 fg='Star Citizen ' sc=True A=False B=False playing=False
17:25:46 INFO MainThread ================================================================
17:25:46 INFO MainThread SC Lock Radio module imported. pid=42800 python=3.12.4
17:25:46 INFO MainThread Script=C:\Users\Duke\Downloads\SCLockRadio\SCLockRadio.py
17:25:46 INFO Thread-1 Detector thread starting. Region={'left': 1152, 'top': 648, 'width': 256, 'height': 144} mon=(2560x1440)
17:25:47 INFO Thread-1 Keyboard hook installed for T
17:25:47 DEBUG Thread-1 scan t_age=None score=0/50 red_total=0 blob=0 aspect=1.07 fg='SC Lock Radio' sc=False A=False B=False playing=False
17:25:47 DEBUG Thread-1 scan t_age=221.07 score=0/50 red_total=5813 blob=3843 aspect=1.86 fg='SC Lock Radio' sc=False A=False B=False playing=False
17:25:48 INFO MainThread --- process exiting cleanly via atexit ---
17:25:49 DEBUG Thread-1 scan t_age=223.11 score=0/50 red_total=4885 blob=2463 aspect=3.11 fg='Star Citizen ' sc=True A=False B=False playing=False
17:25:51 DEBUG Thread-1 scan t_age=225.14 score=0/50 red_total=5905 blob=3743 aspect=1.88 fg='Star Citizen ' sc=True A=False B=False playing=False
17:25:53 DEBUG Thread-1 scan t_age=227.18 score=0/50 red_total=5784 blob=4442 aspect=1.30 fg='Star Citizen ' sc=True A=False B=False playing=False
17:25:55 DEBUG Thread-1 scan t_age=229.21 score=0/50 red_total=5955 blob=4618 aspect=1.33 fg='Star Citizen ' sc=True A=False B=False playing=False
17:25:57 DEBUG Thread-1 scan t_age=231.25 score=0/50 red_total=5836 blob=4468 aspect=1.30 fg='Star Citizen ' sc=True A=False B=False playing=False
17:25:59 DEBUG Thread-1 scan t_age=233.28 score=0/50 red_total=5625 blob=3735 aspect=1.84 fg='Star Citizen ' sc=True A=False B=False playing=False
17:26:01 DEBUG Thread-1 scan t_age=235.31 score=0/50 red_total=5003 blob=2585 aspect=3.11 fg='Star Citizen ' sc=True A=False B=False playing=False
17:26:03 DEBUG Thread-1 scan t_age=237.34 score=0/50 red_total=5893 blob=3847 aspect=1.84 fg='Star Citizen ' sc=True A=False B=False playing=False
17:26:05 DEBUG Thread-1 scan t_age=239.37 score=0/50 red_total=5346 blob=2641 aspect=3.11 fg='Star Citizen ' sc=True A=False B=False playing=False
17:26:07 DEBUG Thread-1 scan t_age=241.40 score=0/50 red_total=4986 blob=2413 aspect=3.07 fg='Star Citizen ' sc=True A=False B=False playing=False
17:26:09 DEBUG Thread-1 scan t_age=243.43 score=0/50 red_total=4302 blob=2021 aspect=2.92 fg='Star Citizen ' sc=True A=False B=False playing=False
17:26:11 DEBUG Thread-1 scan t_age=245.47 score=0/50 red_total=3619 blob=1924 aspect=1.81 fg='Star Citizen ' sc=True A=False B=False playing=False
17:26:13 DEBUG Thread-1 scan t_age=247.51 score=837/50 red_total=2920 blob=837 aspect=1.35 fg='Star Citizen ' sc=True A=False B=True playing=False
17:26:15 DEBUG Thread-1 scan t_age=249.54 score=1188/50 red_total=3751 blob=1188 aspect=2.93 fg='Star Citizen ' sc=True A=False B=True playing=False
17:26:17 DEBUG Thread-1 scan t_age=251.57 score=942/50 red_total=3505 blob=942 aspect=1.88 fg='Star Citizen ' sc=True A=False B=True playing=False
17:26:20 DEBUG Thread-1 scan t_age=253.61 score=978/50 red_total=1828 blob=978 aspect=1.00 fg='Star Citizen ' sc=True A=False B=True playing=False
17:26:24 DEBUG Thread-1 scan t_age=257.68 score=0/50 red_total=4071 blob=1299 aspect=3.60 fg='' sc=False A=False B=False playing=False
17:26:26 DEBUG Thread-1 scan t_age=259.71 score=0/50 red_total=5290 blob=1398 aspect=3.15 fg='Administrator: Command Prompt - launch.b' sc=False A=False B=False playing=False
17:26:26 INFO MainThread --- process exiting cleanly via atexit ---
17:26:35 INFO MainThread ================================================================
17:26:35 INFO MainThread SC Lock Radio module imported. pid=19796 python=3.12.4
17:26:35 INFO MainThread Script=c:\Users\Duke\Downloads\SCLockRadio\SCLockRadio.py
17:26:35 INFO MainThread === SC Lock Radio start. cwd=c:\Users\Duke\Downloads\SCLockRadio pid=19796 ===
17:26:35 INFO MainThread Running as admin: True
17:26:39 INFO Thread-1 Detector thread starting. Region={'left': 1152, 'top': 648, 'width': 256, 'height': 144} mon=(2560x1440)
17:26:39 INFO Thread-1 Keyboard hook installed for T
17:26:39 DEBUG Thread-1 scan t_age=None score=0/50 red_total=0 blob=0 aspect=1.30 fg='SC Lock Radio' sc=False A=False B=False playing=False
17:26:41 DEBUG Thread-1 scan t_age=None score=0/50 red_total=0 blob=0 aspect=1.30 fg='SC Lock Radio' sc=False A=False B=False playing=False
17:26:43 DEBUG Thread-1 scan t_age=None score=0/50 red_total=0 blob=0 aspect=1.31 fg='Star Citizen ' sc=True A=False B=False playing=False
17:26:44 INFO Thread-3 (process) T pressed (event scan_code=20 name=t) - template reset
17:26:45 INFO Thread-1 T-snapshot #1 saved: red=0 roi=t001_172645_score=0_blob=0_red=0_asp=1.6.png ctx=t001_172645_context.png
17:26:45 DEBUG Thread-1 scan t_age=1.09 score=0/50 red_total=0 blob=0 aspect=1.57 fg='Star Citizen ' sc=True A=True B=False playing=False
17:26:47 DEBUG Thread-1 scan t_age=3.22 score=0/50 red_total=0 blob=0 aspect=1.07 fg='Star Citizen ' sc=True A=False B=False playing=False
17:26:49 DEBUG Thread-1 scan t_age=5.29 score=0/50 red_total=0 blob=0 aspect=1.06 fg='Star Citizen ' sc=True A=False B=False playing=False
17:26:51 INFO Thread-3 (process) T pressed (event scan_code=20 name=t) - template reset
17:26:51 INFO Thread-1 T-snapshot #2 saved: red=0 roi=t002_172651_score=0_blob=0_red=0_asp=1.2.png ctx=t002_172651_context.png
17:26:51 DEBUG Thread-1 scan t_age=7.35 score=0/50 red_total=0 blob=0 aspect=1.17 fg='Star Citizen ' sc=True A=False B=False playing=False
17:26:53 DEBUG Thread-1 scan t_age=2.10 score=0/50 red_total=0 blob=0 aspect=4.52 fg='Star Citizen ' sc=True A=False B=False playing=False
17:26:55 DEBUG Thread-1 scan t_age=4.16 score=0/50 red_total=0 blob=0 aspect=1.47 fg='Star Citizen ' sc=True A=False B=False playing=False
17:26:58 DEBUG Thread-1 scan t_age=6.23 score=0/50 red_total=0 blob=0 aspect=1.52 fg='Star Citizen ' sc=True A=False B=False playing=False
17:27:00 DEBUG Thread-1 scan t_age=8.29 score=0/50 red_total=0 blob=0 aspect=1.47 fg='Star Citizen ' sc=True A=False B=False playing=False
17:27:02 DEBUG Thread-1 scan t_age=10.34 score=0/50 red_total=0 blob=0 aspect=1.54 fg='Star Citizen ' sc=True A=False B=False playing=False
17:27:04 DEBUG Thread-1 scan t_age=12.40 score=0/50 red_total=0 blob=0 aspect=1.48 fg='Star Citizen ' sc=True A=False B=False playing=False
17:27:06 DEBUG Thread-1 scan t_age=14.47 score=0/50 red_total=0 blob=0 aspect=1.35 fg='Star Citizen ' sc=True A=False B=False playing=False
17:27:08 DEBUG Thread-1 scan t_age=16.53 score=0/50 red_total=0 blob=0 aspect=1.57 fg='SC Lock Radio' sc=False A=False B=False playing=False
17:27:14 INFO Thread-3 (process) T pressed (event scan_code=20 name=t) - template reset
17:27:14 INFO Thread-1 T-snapshot #3 saved: red=0 roi=t003_172714_score=0_blob=0_red=0_asp=1.5.png ctx=t003_172714_context.png
17:27:22 DEBUG Thread-1 scan t_age=8.57 score=0/50 red_total=0 blob=0 aspect=1.60 fg='Star Citizen ' sc=True A=False B=False playing=False
17:27:24 DEBUG Thread-1 scan t_age=10.63 score=0/50 red_total=0 blob=0 aspect=1.60 fg='Star Citizen ' sc=True A=False B=False playing=False
17:27:26 DEBUG Thread-1 scan t_age=12.69 score=0/50 red_total=0 blob=0 aspect=2.14 fg='Star Citizen ' sc=True A=False B=False playing=False
17:27:29 DEBUG Thread-1 scan t_age=14.74 score=0/50 red_total=0 blob=0 aspect=2.52 fg='Star Citizen ' sc=True A=False B=False playing=False
17:27:31 DEBUG Thread-1 scan t_age=16.80 score=0/50 red_total=0 blob=0 aspect=2.32 fg='Star Citizen ' sc=True A=False B=False playing=False
17:27:33 DEBUG Thread-1 scan t_age=18.86 score=0/50 red_total=0 blob=0 aspect=1.21 fg='Star Citizen ' sc=True A=False B=False playing=False
17:27:35 DEBUG Thread-1 scan t_age=20.91 score=0/50 red_total=0 blob=0 aspect=1.16 fg='Star Citizen ' sc=True A=False B=False playing=False
17:27:37 DEBUG Thread-1 scan t_age=22.97 score=0/50 red_total=0 blob=0 aspect=1.56 fg='Star Citizen ' sc=True A=False B=False playing=False
17:27:39 DEBUG Thread-1 scan t_age=25.03 score=0/50 red_total=0 blob=0 aspect=1.56 fg='Star Citizen ' sc=True A=False B=False playing=False
17:27:41 DEBUG Thread-1 scan t_age=27.08 score=0/50 red_total=0 blob=0 aspect=1.04 fg='Star Citizen ' sc=True A=False B=False playing=False
17:27:43 DEBUG Thread-1 scan t_age=29.14 score=0/50 red_total=0 blob=0 aspect=2.13 fg='Star Citizen ' sc=True A=False B=False playing=False
17:27:45 DEBUG Thread-1 scan t_age=31.20 score=0/50 red_total=0 blob=0 aspect=2.12 fg='Star Citizen ' sc=True A=False B=False playing=False
17:27:47 DEBUG Thread-1 scan t_age=33.26 score=0/50 red_total=0 blob=0 aspect=1.70 fg='Star Citizen ' sc=True A=False B=False playing=False
17:27:49 DEBUG Thread-1 scan t_age=35.32 score=0/50 red_total=0 blob=0 aspect=1.62 fg='Star Citizen ' sc=True A=False B=False playing=False
17:27:51 DEBUG Thread-1 scan t_age=37.39 score=0/50 red_total=0 blob=0 aspect=1.61 fg='Star Citizen ' sc=True A=False B=False playing=False
17:27:53 DEBUG Thread-1 scan t_age=39.45 score=0/50 red_total=0 blob=0 aspect=1.75 fg='Star Citizen ' sc=True A=False B=False playing=False
17:27:55 DEBUG Thread-1 scan t_age=41.50 score=0/50 red_total=0 blob=0 aspect=1.49 fg='Star Citizen ' sc=True A=False B=False playing=False
17:28:03 INFO Thread-3 (process) T pressed (event scan_code=20 name=t) - template reset
17:28:04 INFO Thread-1 T-snapshot #4 saved: red=0 roi=t004_172804_score=0_blob=0_red=0_asp=1.9.png ctx=t004_172804_context.png
17:28:06 INFO Thread-3 (process) T pressed (event scan_code=20 name=t) - template reset
17:28:07 INFO Thread-3 (process) T pressed (event scan_code=20 name=t) - template reset
17:28:08 INFO Thread-3 (process) T pressed (event scan_code=20 name=t) - template reset
17:28:08 INFO Thread-1 T-snapshot #5 saved: red=0 roi=t005_172808_score=0_blob=0_red=0_asp=1.2.png ctx=t005_172808_context.png
17:28:08 INFO Thread-3 (process) T pressed (event scan_code=20 name=t) - template reset
17:28:10 INFO Thread-1 T-snapshot #6 saved: red=0 roi=t006_172810_score=0_blob=0_red=0_asp=1.4.png ctx=t006_172810_context.png
17:28:12 INFO Thread-3 (process) T pressed (event scan_code=20 name=t) - template reset
17:28:12 INFO Thread-1 T-snapshot #7 saved: red=0 roi=t007_172812_score=0_blob=0_red=0_asp=1.1.png ctx=t007_172812_context.png
17:28:13 INFO Thread-3 (process) T pressed (event scan_code=20 name=T) - template reset
17:28:14 INFO Thread-3 (process) T pressed (event scan_code=20 name=t) - template reset
17:28:14 INFO Thread-1 T-snapshot #8 saved: red=0 roi=t008_172814_score=0_blob=0_red=0_asp=1.6.png ctx=t008_172814_context.png
17:28:18 INFO Thread-3 (process) T pressed (event scan_code=20 name=t) - template reset
17:28:18 INFO Thread-1 T-snapshot #9 saved: red=0 roi=t009_172818_score=0_blob=0_red=0_asp=1.4.png ctx=t009_172818_context.png
17:28:20 INFO Thread-3 (process) T pressed (event scan_code=20 name=t) - template reset
17:28:20 INFO Thread-3 (process) T pressed (event scan_code=20 name=t) - template reset
17:28:20 INFO Thread-1 T-snapshot #10 saved: red=0 roi=t010_172820_score=0_blob=0_red=0_asp=1.3.png ctx=t010_172820_context.png
17:28:21 INFO Thread-3 (process) T pressed (event scan_code=20 name=t) - template reset
17:28:23 INFO Thread-1 T-snapshot #11 saved: red=0 roi=t011_172822_score=0_blob=0_red=0_asp=1.3.png ctx=t011_172822_context.png
17:29:32 INFO Thread-3 (process) T pressed (event scan_code=20 name=t) - template reset
17:29:33 INFO Thread-1 T-snapshot #12 saved: red=0 roi=t012_172933_score=0_blob=0_red=0_asp=1.1.png ctx=t012_172933_context.png
17:29:36 INFO Thread-3 (process) T pressed (event scan_code=20 name=t) - template reset
17:29:37 INFO Thread-1 T-snapshot #13 saved: red=0 roi=t013_172937_score=0_blob=0_red=0_asp=1.2.png ctx=t013_172937_context.png
17:29:45 DEBUG Thread-1 scan t_age=9.11 score=0/50 red_total=0 blob=0 aspect=1.68 fg='Greenshot capture form' sc=False A=False B=False playing=False
17:29:47 DEBUG Thread-1 scan t_age=11.17 score=0/50 red_total=0 blob=0 aspect=1.68 fg='OBS 32.0.2 - Profile: Untitled - Scenes:' sc=False A=False B=False playing=False
17:29:49 INFO Thread-3 (process) T pressed (event scan_code=20 name=t) - template reset
17:29:49 INFO Thread-1 T-snapshot #14 saved: red=0 roi=t014_172949_score=0_blob=0_red=0_asp=2.0.png ctx=t014_172949_context.png
17:29:50 INFO Thread-3 (process) T pressed (event scan_code=20 name=t) - template reset
17:29:52 INFO Thread-1 T-snapshot #15 saved: red=0 roi=t015_172952_score=0_blob=0_red=0_asp=2.0.png ctx=t015_172952_context.png
17:29:56 DEBUG Thread-1 scan t_age=6.12 score=0/50 red_total=0 blob=0 aspect=1.47 fg='Greenshot capture form' sc=False A=False B=False playing=False
17:29:58 INFO Thread-3 (process) T pressed (event scan_code=20 name=T) - template reset
17:30:00 INFO Thread-1 T-snapshot #16 saved: red=0 roi=t016_173000_score=0_blob=0_red=0_asp=1.0.png ctx=t016_173000_context.png
17:30:00 INFO Thread-3 (process) T pressed (event scan_code=20 name=t) - template reset
17:30:01 INFO Thread-3 (process) T pressed (event scan_code=20 name=t) - template reset
17:30:02 INFO Thread-1 T-snapshot #17 saved: red=0 roi=t017_173002_score=0_blob=0_red=0_asp=1.1.png ctx=t017_173002_context.png
17:30:13 INFO Thread-3 (process) T pressed (event scan_code=20 name=t) - template reset
17:30:13 INFO Thread-3 (process) T pressed (event scan_code=20 name=t) - template reset
17:30:14 INFO Thread-3 (process) T pressed (event scan_code=20 name=t) - template reset
17:30:14 INFO Thread-1 T-snapshot #18 saved: red=0 roi=t018_173014_score=0_blob=0_red=0_asp=1.5.png ctx=t018_173014_context.png
17:30:15 INFO Thread-3 (process) T pressed (event scan_code=20 name=t) - template reset
17:30:17 INFO Thread-1 T-snapshot #19 saved: red=0 roi=t019_173017_score=0_blob=0_red=0_asp=1.7.png ctx=t019_173017_context.png
17:30:59 INFO MainThread ================================================================
17:30:59 INFO MainThread SC Lock Radio module imported. pid=20716 python=3.12.4
17:30:59 INFO MainThread Script=C:\Users\Duke\Downloads\SCLockRadio\SCLockRadio.py
17:30:59 INFO Thread-1 Detector thread starting. Region={'left': 1152, 'top': 648, 'width': 256, 'height': 144} mon=(2560x1440)
17:30:59 INFO Thread-1 Keyboard hook installed for T
17:30:59 DEBUG Thread-1 scan t_age=None score=1934/50 red_total=1934 blob=1435 aspect=2.64 fg='SC Lock Radio' sc=False A=False B=False playing=False
17:31:00 DEBUG Thread-1 scan t_age=44.71 score=0/50 red_total=0 blob=0 aspect=1.03 fg='SC Lock Radio' sc=False A=False B=False playing=False
17:31:00 INFO MainThread --- process exiting cleanly via atexit ---
17:31:33 DEBUG Thread-1 scan t_age=77.79 score=0/50 red_total=0 blob=0 aspect=1.64 fg='SC Lock Radio' sc=False A=False B=False playing=False
17:31:39 INFO MainThread === mainloop exited normally ===
17:31:39 INFO MainThread --- process exiting cleanly via atexit ---
17:31:44 INFO MainThread ================================================================
17:31:44 INFO MainThread SC Lock Radio module imported. pid=20052 python=3.12.4
17:31:44 INFO MainThread Script=c:\Users\Duke\Downloads\SCLockRadio\SCLockRadio.py
17:31:44 INFO MainThread === SC Lock Radio start. cwd=c:\Users\Duke\Downloads\SCLockRadio pid=20052 ===
17:31:44 INFO MainThread Running as admin: True
17:31:48 INFO Thread-1 Detector thread starting. Region={'left': 1152, 'top': 648, 'width': 256, 'height': 144} mon=(2560x1440)
17:31:48 INFO Thread-1 Keyboard hook installed for T
17:31:48 DEBUG Thread-1 scan t_age=None score=505/15 red_total=505 blob=115 aspect=1.25 fg='SC Lock Radio' sc=False A=False B=False playing=False
17:31:50 DEBUG Thread-1 scan t_age=None score=567/15 red_total=567 blob=106 aspect=1.32 fg='SC Lock Radio' sc=False A=False B=False playing=False
17:31:52 DEBUG Thread-1 scan t_age=None score=598/15 red_total=598 blob=113 aspect=1.20 fg='Star Citizen ' sc=True A=False B=True playing=False
17:31:54 DEBUG Thread-1 scan t_age=None score=1336/15 red_total=1336 blob=116 aspect=1.25 fg='Star Citizen ' sc=True A=False B=True playing=False
17:31:56 DEBUG Thread-1 scan t_age=None score=2738/15 red_total=2738 blob=426 aspect=1.26 fg='SC Lock Radio' sc=False A=False B=False playing=False
17:31:58 DEBUG Thread-1 scan t_age=None score=739/15 red_total=739 blob=115 aspect=1.14 fg='Star Citizen ' sc=True A=False B=True playing=False
17:32:00 DEBUG Thread-1 scan t_age=None score=607/15 red_total=607 blob=42 aspect=1.38 fg='Star Citizen ' sc=True A=False B=True playing=False
17:32:02 DEBUG Thread-1 scan t_age=None score=787/15 red_total=787 blob=111 aspect=1.20 fg='Star Citizen ' sc=True A=False B=True playing=False
17:32:04 DEBUG Thread-1 scan t_age=None score=780/15 red_total=780 blob=106 aspect=1.11 fg='Star Citizen ' sc=True A=False B=True playing=False
17:32:06 DEBUG Thread-1 scan t_age=None score=839/15 red_total=839 blob=61 aspect=1.27 fg='Star Citizen ' sc=True A=False B=True playing=False
17:32:08 DEBUG Thread-1 scan t_age=None score=844/15 red_total=844 blob=120 aspect=1.11 fg='SC Lock Radio' sc=False A=False B=False playing=False
17:32:10 DEBUG Thread-1 scan t_age=None score=780/15 red_total=780 blob=85 aspect=1.33 fg='Star Citizen ' sc=True A=False B=True playing=False
17:32:13 DEBUG Thread-1 scan t_age=None score=163/15 red_total=163 blob=29 aspect=5.67 fg='Greenshot capture form' sc=False A=False B=False playing=False
17:32:17 INFO Thread-3 (process) T pressed (event scan_code=20 name=t) - template reset
17:32:17 INFO Thread-3 (process) T pressed (event scan_code=20 name=t) - template reset
17:32:18 INFO Thread-3 (process) T pressed (event scan_code=20 name=t) - template reset
17:32:19 INFO Thread-1 T-snapshot #1 saved: red=925 roi=t001_173219_score=925_blob=126_red=925_asp=2.1.png ctx=t001_173219_context.png
17:32:20 INFO Thread-3 (process) T pressed (event scan_code=20 name=t) - template reset
17:32:20 INFO Thread-3 (process) T pressed (event scan_code=20 name=t) - template reset
17:32:21 INFO Thread-1 T-snapshot #2 saved: red=906 roi=t002_173221_score=906_blob=55_red=906_asp=5.5.png ctx=t002_173221_context.png
17:32:22 INFO Thread-3 (process) T pressed (event scan_code=20 name=t) - template reset
17:32:23 INFO Thread-1 T-snapshot #3 saved: red=849 roi=t003_173223_score=849_blob=50_red=849_asp=24.5.png ctx=t003_173223_context.png
17:32:24 INFO Thread-3 (process) T pressed (event scan_code=20 name=t) - template reset
17:32:25 INFO Thread-1 T-snapshot #4 saved: red=781 roi=t004_173225_score=781_blob=94_red=781_asp=1.0.png ctx=t004_173225_context.png
17:32:26 INFO Thread-3 (process) T pressed (event scan_code=20 name=t) - template reset
17:32:26 INFO Thread-3 (process) T pressed (event scan_code=20 name=t) - template reset
17:32:27 INFO Thread-1 T-snapshot #5 saved: red=869 roi=t005_173227_score=869_blob=60_red=869_asp=1.6.png ctx=t005_173227_context.png
17:32:28 INFO Thread-3 (process) T pressed (event scan_code=20 name=t) - template reset
17:32:29 INFO Thread-1 T-snapshot #6 saved: red=801 roi=t006_173229_score=801_blob=58_red=801_asp=1.4.png ctx=t006_173229_context.png
17:32:31 INFO Thread-3 (process) T pressed (event scan_code=20 name=t) - template reset
17:32:31 INFO Thread-1 T-snapshot #7 saved: red=911 roi=t007_173231_score=911_blob=66_red=911_asp=1.3.png ctx=t007_173231_context.png
17:32:33 INFO Thread-3 (process) T pressed (event scan_code=20 name=t) - template reset
17:32:33 INFO Thread-1 T-snapshot #8 saved: red=895 roi=t008_173233_score=895_blob=124_red=895_asp=1.4.png ctx=t008_173233_context.png
17:32:34 INFO Thread-3 (process) T pressed (event scan_code=20 name=t) - template reset
17:32:34 INFO Thread-3 (process) T pressed (event scan_code=20 name=t) - template reset
17:32:36 INFO Thread-1 T-snapshot #9 saved: red=850 roi=t009_173236_score=850_blob=80_red=850_asp=1.8.png ctx=t009_173236_context.png
17:32:37 INFO Thread-3 (process) T pressed (event scan_code=20 name=t) - template reset
17:32:37 INFO Thread-3 (process) T pressed (event scan_code=20 name=t) - template reset
17:32:38 INFO Thread-3 (process) T pressed (event scan_code=20 name=t) - template reset
17:32:38 INFO Thread-1 T-snapshot #10 saved: red=664 roi=t010_173238_score=664_blob=51_red=664_asp=2.9.png ctx=t010_173238_context.png
17:32:38 INFO Thread-3 (process) T pressed (event scan_code=20 name=t) - template reset
17:32:40 INFO Thread-1 T-snapshot #11 saved: red=669 roi=t011_173240_score=669_blob=124_red=669_asp=1.1.png ctx=t011_173240_context.png
17:32:58 DEBUG Thread-1 scan t_age=20.10 score=676/15 red_total=676 blob=44 aspect=1.38 fg='Greenshot capture form' sc=False A=False B=False playing=False
17:33:07 DEBUG Thread-1 scan t_age=28.34 score=626/15 red_total=626 blob=74 aspect=1.06 fg='Greenshot capture form' sc=False A=False B=False playing=False
17:33:11 INFO Thread-3 (process) T pressed (event scan_code=20 name=t) - template reset
17:33:13 INFO Thread-1 T-snapshot #12 saved: red=646 roi=t012_173313_score=646_blob=49_red=646_asp=1.4.png ctx=t012_173313_context.png
17:33:13 INFO Thread-3 (process) T pressed (event scan_code=20 name=t) - template reset
17:33:14 INFO Thread-3 (process) T pressed (event scan_code=20 name=t) - template reset
17:33:15 INFO Thread-1 T-snapshot #13 saved: red=735 roi=t013_173315_score=735_blob=116_red=735_asp=1.2.png ctx=t013_173315_context.png
17:33:48 DEBUG Thread-1 scan t_age=33.92 score=970/15 red_total=970 blob=76 aspect=2.86 fg='Greenshot capture form' sc=False A=False B=False playing=False
17:33:53 INFO Thread-3 (process) T pressed (event scan_code=20 name=t) - template reset
17:33:54 INFO Thread-1 T-snapshot #14 saved: red=1057 roi=t014_173354_score=1057_blob=114_red=1057_asp=1.4.png ctx=t014_173354_context.png
17:34:11 DEBUG Thread-1 scan t_age=17.67 score=819/15 red_total=819 blob=130 aspect=1.15 fg='Greenshot capture form' sc=False A=False B=False playing=False
17:34:14 INFO Thread-3 (process) T pressed (event scan_code=20 name=t) - template reset
17:34:15 INFO Thread-1 T-snapshot #15 saved: red=872 roi=t015_173415_score=872_blob=73_red=872_asp=1.4.png ctx=t015_173415_context.png
17:34:15 INFO Thread-3 (process) T pressed (event scan_code=20 name=t) - template reset
17:34:15 INFO Thread-3 (process) T pressed (event scan_code=20 name=t) - template reset
17:34:16 INFO Thread-3 (process) T pressed (event scan_code=20 name=t) - template reset
17:34:17 INFO Thread-1 T-snapshot #16 saved: red=878 roi=t016_173417_score=878_blob=72_red=878_asp=1.4.png ctx=t016_173417_context.png
17:34:17 INFO Thread-3 (process) T pressed (event scan_code=20 name=t) - template reset
17:34:19 INFO Thread-3 (process) T pressed (event scan_code=20 name=T) - template reset
17:34:19 INFO Thread-1 T-snapshot #17 saved: red=842 roi=t017_173419_score=842_blob=59_red=842_asp=1.6.png ctx=t017_173419_context.png
17:34:19 INFO Thread-3 (process) T pressed (event scan_code=20 name=t) - template reset
17:34:21 INFO Thread-1 T-snapshot #18 saved: red=707 roi=t018_173421_score=707_blob=53_red=707_asp=1.4.png ctx=t018_173421_context.png
17:34:21 INFO Thread-3 (process) T pressed (event scan_code=20 name=t) - template reset
17:34:23 INFO Thread-1 T-snapshot #19 saved: red=772 roi=t019_173423_score=772_blob=59_red=772_asp=1.5.png ctx=t019_173423_context.png
17:34:33 DEBUG Thread-1 scan t_age=11.98 score=846/15 red_total=846 blob=61 aspect=1.50 fg='Star Citizen ' sc=True A=False B=True playing=False
17:34:38 DEBUG Thread-1 scan t_age=16.09 score=965/15 red_total=965 blob=131 aspect=1.05 fg='SC Lock Radio' sc=False A=False B=False playing=False
17:34:39 INFO Thread-3 (process) T pressed (event scan_code=20 name=t) - template reset
17:34:40 INFO Thread-1 T-snapshot #20 saved: red=372 roi=t020_173440_score=372_blob=68_red=372_asp=3.3.png ctx=t020_173440_context.png
17:34:40 DEBUG Thread-1 scan t_age=0.51 score=372/15 red_total=372 blob=68 aspect=3.33 fg='Star Citizen ' sc=True A=True B=True playing=False
17:34:40 INFO Thread-1 LOCK TRIGGER: starting music
17:34:40 INFO Thread-1 Music started: NA - Scar Symmetry -  Extinction Mantra
17:34:40 INFO Thread-3 (process) T pressed (event scan_code=20 name=t) - template reset
17:34:42 INFO Thread-1 T-snapshot #21 saved: red=998 roi=t021_173442_score=998_blob=121_red=998_asp=1.1.png ctx=t021_173442_context.png
17:34:42 DEBUG Thread-1 scan t_age=2.02 score=998/15 red_total=998 blob=121 aspect=1.11 fg='Star Citizen ' sc=True A=False B=True playing=True
17:34:44 DEBUG Thread-1 scan t_age=4.13 score=854/15 red_total=854 blob=62 aspect=1.75 fg='Star Citizen ' sc=True A=False B=True playing=True
17:34:46 DEBUG Thread-1 scan t_age=6.18 score=254/15 red_total=254 blob=12 aspect=6.00 fg='Star Citizen ' sc=True A=False B=True playing=True
17:34:48 DEBUG Thread-1 scan t_age=8.24 score=182/15 red_total=182 blob=113 aspect=1.21 fg='Star Citizen ' sc=True A=False B=True playing=True
17:34:50 DEBUG Thread-1 scan t_age=10.29 score=78/15 red_total=78 blob=15 aspect=3.50 fg='Star Citizen ' sc=True A=False B=True playing=True
17:34:52 DEBUG Thread-1 scan t_age=12.35 score=65/15 red_total=65 blob=15 aspect=3.75 fg='Star Citizen ' sc=True A=False B=True playing=True
17:34:54 DEBUG Thread-1 scan t_age=14.41 score=87/15 red_total=87 blob=17 aspect=4.25 fg='Star Citizen ' sc=True A=False B=True playing=True
17:34:59 INFO Thread-3 (process) T pressed (event scan_code=20 name=t) - template reset
17:35:00 INFO Thread-3 (process) T pressed (event scan_code=20 name=T) - template reset
17:35:00 INFO Thread-1 T-snapshot #22 saved: red=69 roi=t022_173500_score=69_blob=9_red=69_asp=3.0.png ctx=t022_173500_context.png
17:35:01 INFO Thread-3 (process) T pressed (event scan_code=20 name=t) - template reset
17:35:01 INFO Thread-3 (process) T pressed (event scan_code=20 name=t) - template reset
17:35:02 INFO Thread-3 (process) T pressed (event scan_code=20 name=t) - template reset
17:35:02 INFO Thread-1 T-snapshot #23 saved: red=87 roi=t023_173502_score=87_blob=17_red=87_asp=5.5.png ctx=t023_173502_context.png
17:35:09 INFO Thread-3 (process) T pressed (event scan_code=20 name=t) - template reset
17:35:09 INFO Thread-3 (process) T pressed (event scan_code=20 name=t) - template reset
17:35:10 INFO Thread-3 (process) T pressed (event scan_code=20 name=t) - template reset
17:35:11 INFO Thread-1 T-snapshot #24 saved: red=237 roi=t024_173511_score=237_blob=148_red=237_asp=1.0.png ctx=t024_173511_context.png
17:35:11 INFO Thread-3 (process) T pressed (event scan_code=20 name=t) - template reset
17:35:11 INFO Thread-3 (process) T pressed (event scan_code=20 name=t) - template reset
17:35:12 INFO Thread-3 (process) T pressed (event scan_code=20 name=t) - template reset
17:35:13 INFO Thread-1 T-snapshot #25 saved: red=168 roi=t025_173513_score=168_blob=60_red=168_asp=2.0.png ctx=t025_173513_context.png
17:35:18 INFO Thread-3 (process) T pressed (event scan_code=20 name=t) - template reset
17:35:18 INFO Thread-3 (process) T pressed (event scan_code=20 name=t) - template reset
17:35:19 INFO Thread-1 T-snapshot #26 saved: red=145 roi=t026_173519_score=145_blob=53_red=145_asp=1.6.png ctx=t026_173519_context.png
17:35:23 DEBUG Thread-1 scan t_age=4.74 score=97/15 red_total=97 blob=36 aspect=1.62 fg='SC Lock Radio' sc=False A=False B=False playing=False
17:35:25 DEBUG Thread-1 scan t_age=6.79 score=120/15 red_total=120 blob=57 aspect=2.00 fg='SC Lock Radio' sc=False A=False B=False playing=False
17:35:27 DEBUG Thread-1 scan t_age=8.85 score=82/15 red_total=82 blob=59 aspect=2.00 fg='Search' sc=False A=False B=False playing=False
17:35:31 DEBUG Thread-1 scan t_age=12.96 score=185/15 red_total=185 blob=56 aspect=2.43 fg='Release Notes: 1.121.0 - Untitled (Works' sc=False A=False B=False playing=False
17:35:37 INFO Thread-3 (process) T pressed (event scan_code=20 name=t) - template reset
17:35:38 INFO Thread-1 T-snapshot #27 saved: red=127 roi=t027_173538_score=127_blob=35_red=127_asp=3.2.png ctx=t027_173538_context.png
17:35:38 INFO Thread-3 (process) T pressed (event scan_code=20 name=t) - template reset
17:35:40 INFO Thread-1 T-snapshot #28 saved: red=153 roi=t028_173540_score=153_blob=51_red=153_asp=1.3.png ctx=t028_173540_context.png
17:35:41 INFO Thread-3 (process) T pressed (event scan_code=20 name=t) - template reset
17:35:42 INFO Thread-1 T-snapshot #29 saved: red=88 roi=t029_173542_score=88_blob=45_red=88_asp=1.2.png ctx=t029_173542_context.png
17:35:43 INFO Thread-3 (process) T pressed (event scan_code=20 name=t) - template reset
17:35:44 INFO Thread-1 T-snapshot #30 saved: red=106 roi=t030_173544_score=106_blob=52_red=106_asp=1.5.png ctx=t030_173544_context.png
17:35:44 INFO Thread-3 (process) T pressed (event scan_code=20 name=t) - template reset
17:35:45 INFO Thread-3 (process) T pressed (event scan_code=20 name=t) - template reset
17:35:45 INFO Thread-3 (process) T pressed (event scan_code=20 name=t) - template reset
17:35:46 INFO Thread-1 T-snapshot #31 saved: red=112 roi=t031_173546_score=112_blob=29_red=112_asp=2.3.png ctx=t031_173546_context.png
17:35:46 INFO Thread-3 (process) T pressed (event scan_code=20 name=t) - template reset
17:35:47 INFO Thread-3 (process) T pressed (event scan_code=20 name=t) - template reset
17:35:48 INFO Thread-3 (process) T pressed (event scan_code=20 name=t) - template reset
17:35:48 INFO Thread-1 T-snapshot #32 saved: red=239 roi=t032_173548_score=239_blob=137_red=239_asp=1.0.png ctx=t032_173548_context.png
17:35:50 DEBUG Thread-1 scan t_age=2.46 score=213/15 red_total=213 blob=109 aspect=1.11 fg='Star Citizen ' sc=True A=False B=True playing=False
17:35:52 DEBUG Thread-1 scan t_age=4.51 score=524/15 red_total=524 blob=70 aspect=1.31 fg='Star Citizen ' sc=True A=False B=True playing=False
17:35:53 INFO Thread-3 (process) T pressed (event scan_code=20 name=t) - template reset
17:35:54 INFO Thread-3 (process) T pressed (event scan_code=20 name=t) - template reset
17:35:54 INFO Thread-1 T-snapshot #33 saved: red=812 roi=t033_173554_score=812_blob=44_red=812_asp=1.7.png ctx=t033_173554_context.png
17:35:54 DEBUG Thread-1 scan t_age=0.66 score=812/15 red_total=812 blob=44 aspect=1.71 fg='Star Citizen ' sc=True A=True B=True playing=False
17:35:54 INFO Thread-1 LOCK TRIGGER: starting music
17:35:54 INFO Thread-1 Music started: NA - Scar Symmetry -  Extinction Mantra
17:35:56 DEBUG Thread-1 scan t_age=2.76 score=359/15 red_total=359 blob=55 aspect=13.75 fg='Star Citizen ' sc=True A=False B=True playing=True
17:35:58 DEBUG Thread-1 scan t_age=4.80 score=443/15 red_total=443 blob=106 aspect=1.50 fg='Star Citizen ' sc=True A=False B=True playing=True
17:36:00 DEBUG Thread-1 scan t_age=6.85 score=447/15 red_total=447 blob=160 aspect=1.50 fg='Star Citizen ' sc=True A=False B=True playing=True
17:36:02 DEBUG Thread-1 scan t_age=8.90 score=576/15 red_total=576 blob=75 aspect=1.15 fg='Star Citizen ' sc=True A=False B=True playing=True
17:36:04 DEBUG Thread-1 scan t_age=10.94 score=474/15 red_total=474 blob=73 aspect=1.91 fg='Star Citizen ' sc=True A=False B=True playing=True
17:36:07 DEBUG Thread-1 scan t_age=12.98 score=358/15 red_total=358 blob=30 aspect=6.67 fg='Star Citizen ' sc=True A=False B=True playing=True
17:36:09 DEBUG Thread-1 scan t_age=15.03 score=360/15 red_total=360 blob=95 aspect=1.35 fg='Star Citizen ' sc=True A=False B=True playing=True
17:36:11 DEBUG Thread-1 scan t_age=17.08 score=736/15 red_total=736 blob=55 aspect=1.59 fg='Star Citizen ' sc=True A=False B=True playing=True
17:36:13 DEBUG Thread-1 scan t_age=19.13 score=608/15 red_total=608 blob=58 aspect=2.50 fg='Star Citizen ' sc=True A=False B=True playing=True
17:36:23 DEBUG Thread-1 scan t_age=29.39 score=404/15 red_total=404 blob=24 aspect=24.00 fg='Star Citizen ' sc=True A=False B=True playing=False
17:36:23 INFO Thread-3 (process) T pressed (event scan_code=20 name=t) - template reset
17:36:25 INFO Thread-1 T-snapshot #34 saved: red=570 roi=t034_173625_score=570_blob=79_red=570_asp=1.1.png ctx=t034_173625_context.png
17:36:25 DEBUG Thread-1 scan t_age=1.70 score=570/15 red_total=570 blob=79 aspect=1.11 fg='Star Citizen ' sc=True A=True B=True playing=False
17:36:25 INFO Thread-1 LOCK TRIGGER: starting music
17:36:25 INFO Thread-1 Music started: NA - Scar Symmetry -  Extinction Mantra
17:36:27 DEBUG Thread-1 scan t_age=3.80 score=436/15 red_total=436 blob=67 aspect=1.19 fg='Star Citizen ' sc=True A=False B=True playing=True
17:36:39 DEBUG Thread-1 scan t_age=16.11 score=442/15 red_total=442 blob=41 aspect=1.18 fg='SC Lock Radio' sc=False A=False B=False playing=False
17:36:41 DEBUG Thread-1 scan t_age=18.17 score=320/15 red_total=320 blob=23 aspect=1.45 fg='SC Lock Radio' sc=False A=False B=False playing=False
17:36:46 DEBUG Thread-1 scan t_age=22.27 score=389/15 red_total=389 blob=51 aspect=1.00 fg='Star Citizen ' sc=True A=False B=True playing=False
17:36:48 DEBUG Thread-1 scan t_age=24.31 score=355/15 red_total=355 blob=56 aspect=18.00 fg='Star Citizen ' sc=True A=False B=True playing=False
17:36:50 DEBUG Thread-1 scan t_age=26.35 score=477/15 red_total=477 blob=109 aspect=1.42 fg='Star Citizen ' sc=True A=False B=True playing=False
17:36:52 DEBUG Thread-1 scan t_age=28.41 score=136/15 red_total=136 blob=104 aspect=1.37 fg='Star Citizen ' sc=True A=False B=True playing=False
17:36:54 DEBUG Thread-1 scan t_age=30.47 score=41/15 red_total=41 blob=18 aspect=1.60 fg='Star Citizen ' sc=True A=False B=True playing=False
17:36:56 DEBUG Thread-1 scan t_age=32.53 score=13/15 red_total=13 blob=5 aspect=5.00 fg='Star Citizen ' sc=True A=False B=False playing=False
17:36:58 DEBUG Thread-1 scan t_age=34.58 score=162/15 red_total=162 blob=132 aspect=1.21 fg='Star Citizen ' sc=True A=False B=True playing=False
17:37:00 DEBUG Thread-1 scan t_age=36.64 score=636/15 red_total=636 blob=40 aspect=1.50 fg='Star Citizen ' sc=True A=False B=True playing=False
17:37:01 INFO Thread-3 (process) T pressed (event scan_code=20 name=t) - template reset
17:37:02 INFO Thread-1 T-snapshot #35 saved: red=177 roi=t035_173702_score=177_blob=11_red=177_asp=11.0.png ctx=t035_173702_context.png
17:37:02 DEBUG Thread-1 scan t_age=0.66 score=177/15 red_total=177 blob=11 aspect=11.00 fg='Star Citizen ' sc=True A=True B=True playing=False
17:37:02 INFO Thread-1 LOCK TRIGGER: starting music
17:37:02 INFO Thread-1 Music started: NA - Scar Symmetry -  Extinction Mantra
17:37:04 DEBUG Thread-1 scan t_age=2.76 score=203/15 red_total=203 blob=46 aspect=1.83 fg='Star Citizen ' sc=True A=False B=True playing=True
17:37:08 INFO Thread-3 (process) T pressed (event scan_code=20 name=t) - template reset
17:37:08 INFO Thread-1 T-snapshot #36 saved: red=326 roi=t036_173708_score=326_blob=96_red=326_asp=1.4.png ctx=t036_173708_context.png
17:37:09 INFO Thread-3 (process) T pressed (event scan_code=20 name=t) - template reset
17:37:10 INFO Thread-1 T-snapshot #37 saved: red=186 roi=t037_173710_score=186_blob=34_red=186_asp=1.8.png ctx=t037_173710_context.png
17:37:11 INFO Thread-3 (process) T pressed (event scan_code=20 name=T) - template reset
17:37:12 INFO Thread-1 T-snapshot #38 saved: red=170 roi=t038_173712_score=170_blob=18_red=170_asp=1.0.png ctx=t038_173712_context.png
17:37:19 DEBUG Thread-1 scan t_age=7.89 score=224/15 red_total=224 blob=51 aspect=1.69 fg='Star Citizen ' sc=True A=False B=True playing=False
17:37:21 DEBUG Thread-1 scan t_age=9.95 score=138/15 red_total=138 blob=10 aspect=1.40 fg='Star Citizen ' sc=True A=False B=True playing=False
17:37:21 INFO Thread-3 (process) T pressed (event scan_code=20 name=t) - template reset
17:37:23 INFO Thread-1 T-snapshot #39 saved: red=414 roi=t039_173723_score=414_blob=76_red=414_asp=5.7.png ctx=t039_173723_context.png
17:37:23 DEBUG Thread-1 scan t_age=1.57 score=414/15 red_total=414 blob=76 aspect=5.67 fg='Star Citizen ' sc=True A=True B=True playing=False
17:37:23 INFO Thread-1 LOCK TRIGGER: starting music
17:37:23 INFO Thread-1 Music started: NA - Scar Symmetry -  Extinction Mantra
17:37:26 INFO Thread-3 (process) T pressed (event scan_code=20 name=t) - template reset
17:37:27 INFO Thread-3 (process) T pressed (event scan_code=20 name=t) - template reset
17:37:27 INFO Thread-1 T-snapshot #40 saved: red=319 roi=t040_173727_score=319_blob=28_red=319_asp=28.0.png ctx=t040_173727_context.png
17:37:27 INFO Thread-3 (process) T pressed (event scan_code=20 name=t) - template reset
17:37:29 INFO Thread-1 T-snapshot #41 saved: red=327 roi=t041_173729_score=327_blob=58_red=327_asp=58.0.png ctx=t041_173729_context.png
17:37:33 DEBUG Thread-1 scan t_age=5.75 score=372/15 red_total=372 blob=116 aspect=1.10 fg='SC Lock Radio' sc=False A=False B=False playing=False
17:37:35 DEBUG Thread-1 scan t_age=7.81 score=453/15 red_total=453 blob=103 aspect=1.00 fg='SC Lock Radio' sc=False A=False B=False playing=False
17:37:37 DEBUG Thread-1 scan t_age=9.85 score=261/50 red_total=261 blob=20 aspect=1.71 fg='SC Lock Radio' sc=False A=False B=False playing=False
17:37:39 INFO Thread-4 Detector thread starting. Region={'left': 1152, 'top': 648, 'width': 256, 'height': 144} mon=(2560x1440)
17:37:39 INFO Thread-4 Keyboard hook installed for T
17:37:39 DEBUG Thread-4 scan t_age=None score=261/50 red_total=261 blob=17 aspect=17.00 fg='SC Lock Radio' sc=False A=False B=False playing=False
17:37:41 DEBUG Thread-4 scan t_age=None score=254/50 red_total=254 blob=20 aspect=1.38 fg='Star Citizen ' sc=True A=False B=True playing=False
17:37:43 DEBUG Thread-4 scan t_age=None score=268/50 red_total=268 blob=52 aspect=52.00 fg='Star Citizen ' sc=True A=False B=True playing=False
17:37:45 DEBUG Thread-4 scan t_age=None score=281/50 red_total=281 blob=28 aspect=28.00 fg='SC Lock Radio' sc=False A=False B=False playing=False
17:37:46 INFO Thread-3 (process) T pressed (event scan_code=20 name=t) - template reset
17:37:47 INFO Thread-4 T-snapshot #1 saved: red=310 roi=t001_173747_score=310_blob=43_red=310_asp=43.0.png ctx=t001_173747_context.png
17:37:50 INFO Thread-3 (process) T pressed (event scan_code=20 name=t) - template reset
17:37:52 INFO Thread-3 (process) T pressed (event scan_code=20 name=t) - template reset
17:37:52 INFO Thread-4 T-snapshot #2 saved: red=324 roi=t002_173752_score=324_blob=108_red=324_asp=1.4.png ctx=t002_173752_context.png
17:37:54 INFO Thread-4 T-snapshot #3 saved: red=248 roi=t003_173754_score=248_blob=37_red=248_asp=37.0.png ctx=t003_173754_context.png
17:38:00 DEBUG Thread-4 scan t_age=8.27 score=256/50 red_total=256 blob=34 aspect=34.00 fg='Star Citizen ' sc=True A=False B=True playing=False
17:38:02 INFO Thread-3 (process) T pressed (event scan_code=20 name=t) - template reset
17:38:02 INFO Thread-4 T-snapshot #4 saved: red=5 roi=t004_173802_score=5_blob=3_red=5_asp=1.0.png ctx=t004_173802_context.png
17:38:02 DEBUG Thread-4 scan t_age=0.20 score=5/50 red_total=5 blob=3 aspect=1.00 fg='Star Citizen ' sc=True A=True B=False playing=False
17:38:03 INFO Thread-3 (process) T pressed (event scan_code=20 name=t) - template reset
17:38:04 INFO Thread-4 T-snapshot #5 saved: red=485 roi=t005_173804_score=485_blob=50_red=485_asp=1.6.png ctx=t005_173804_context.png
17:38:04 DEBUG Thread-4 scan t_age=0.80 score=485/50 red_total=485 blob=50 aspect=1.57 fg='Star Citizen ' sc=True A=True B=True playing=False
17:38:04 INFO Thread-4 LOCK TRIGGER: starting music
17:38:04 INFO Thread-4 Music started: NA - Scar Symmetry -  Extinction Mantra
17:38:06 DEBUG Thread-4 scan t_age=2.91 score=474/50 red_total=474 blob=48 aspect=1.38 fg='Star Citizen ' sc=True A=False B=True playing=True
17:38:08 DEBUG Thread-4 scan t_age=4.97 score=936/50 red_total=936 blob=61 aspect=1.75 fg='Star Citizen ' sc=True A=False B=True playing=True
17:38:10 DEBUG Thread-4 scan t_age=7.02 score=487/50 red_total=487 blob=110 aspect=1.10 fg='Greenshot capture form' sc=False A=False B=False playing=True
17:38:14 INFO Thread-3 (process) T pressed (event scan_code=20 name=T) - template reset
17:38:14 INFO Thread-4 T-snapshot #6 saved: red=825 roi=t006_173814_score=825_blob=72_red=825_asp=1.3.png ctx=t006_173814_context.png
17:38:15 INFO Thread-3 (process) T pressed (event scan_code=20 name=t) - template reset
17:38:16 INFO Thread-3 (process) T pressed (event scan_code=20 name=t) - template reset
17:38:17 INFO Thread-4 T-snapshot #7 saved: red=967 roi=t007_173816_score=967_blob=70_red=967_asp=1.4.png ctx=t007_173816_context.png
17:38:19 INFO Thread-3 (process) T pressed (event scan_code=20 name=T) - template reset
17:38:20 INFO Thread-3 (process) T pressed (event scan_code=20 name=t) - template reset
17:38:21 INFO Thread-4 T-snapshot #8 saved: red=705 roi=t008_173821_score=705_blob=61_red=705_asp=1.6.png ctx=t008_173821_context.png
17:38:21 INFO Thread-3 (process) T pressed (event scan_code=20 name=t) - template reset
17:38:22 INFO Thread-3 (process) T pressed (event scan_code=20 name=t) - template reset
17:38:23 INFO Thread-4 T-snapshot #9 saved: red=213 roi=t009_173823_score=213_blob=15_red=213_asp=15.0.png ctx=t009_173823_context.png
17:38:27 DEBUG Thread-4 scan t_age=4.81 score=1106/50 red_total=1106 blob=112 aspect=1.33 fg='Star Citizen ' sc=True A=False B=True playing=False
17:38:29 DEBUG Thread-4 scan t_age=6.86 score=845/50 red_total=845 blob=61 aspect=1.50 fg='Star Citizen ' sc=True A=False B=True playing=False
17:38:31 DEBUG Thread-4 scan t_age=8.92 score=737/50 red_total=737 blob=58 aspect=1.38 fg='Star Citizen ' sc=True A=False B=True playing=False
17:38:33 DEBUG Thread-4 scan t_age=10.98 score=707/50 red_total=707 blob=44 aspect=1.38 fg='Star Citizen ' sc=True A=False B=True playing=False
17:38:34 INFO Thread-3 (process) T pressed (event scan_code=20 name=t) - template reset
17:38:35 INFO Thread-4 T-snapshot #10 saved: red=305 roi=t010_173835_score=305_blob=54_red=305_asp=1.6.png ctx=t010_173835_context.png
17:38:35 DEBUG Thread-4 scan t_age=1.09 score=305/50 red_total=305 blob=54 aspect=1.64 fg='Star Citizen ' sc=True A=True B=True playing=False
17:38:35 INFO Thread-4 LOCK TRIGGER: starting music
17:38:35 INFO Thread-4 Music started: NA - Scar Symmetry -  Extinction Mantra
17:38:37 DEBUG Thread-4 scan t_age=3.20 score=97/50 red_total=97 blob=93 aspect=1.33 fg='Star Citizen ' sc=True A=False B=True playing=True
17:38:39 DEBUG Thread-4 scan t_age=5.26 score=117/50 red_total=117 blob=114 aspect=1.05 fg='Star Citizen ' sc=True A=False B=True playing=True
17:38:40 INFO Thread-3 (process) T pressed (event scan_code=20 name=t) - template reset
17:38:41 INFO Thread-4 T-snapshot #11 saved: red=76 roi=t011_173841_score=76_blob=10_red=76_asp=3.0.png ctx=t011_173841_context.png
17:38:41 DEBUG Thread-4 scan t_age=0.87 score=76/50 red_total=76 blob=10 aspect=3.00 fg='Star Citizen ' sc=True A=True B=True playing=True
17:38:43 DEBUG Thread-4 scan t_age=2.97 score=69/50 red_total=69 blob=9 aspect=4.00 fg='Star Citizen ' sc=True A=False B=True playing=True
17:38:44 INFO Thread-3 (process) T pressed (event scan_code=20 name=t) - template reset
17:38:45 INFO Thread-3 (process) T pressed (event scan_code=20 name=t) - template reset
17:38:46 INFO Thread-4 T-snapshot #12 saved: red=60 roi=t012_173846_score=60_blob=9_red=60_asp=4.0.png ctx=t012_173846_context.png
17:38:46 DEBUG Thread-4 scan t_age=0.79 score=60/50 red_total=60 blob=9 aspect=4.00 fg='Star Citizen ' sc=True A=True B=True playing=True
17:38:48 DEBUG Thread-4 scan t_age=2.88 score=515/50 red_total=515 blob=133 aspect=1.21 fg='Star Citizen ' sc=True A=False B=True playing=True
17:38:50 DEBUG Thread-4 scan t_age=4.94 score=492/50 red_total=492 blob=104 aspect=1.69 fg='Star Citizen ' sc=True A=False B=True playing=True
17:38:52 DEBUG Thread-4 scan t_age=6.99 score=423/50 red_total=423 blob=77 aspect=2.00 fg='Star Citizen ' sc=True A=False B=True playing=True
17:38:54 DEBUG Thread-4 scan t_age=9.04 score=183/50 red_total=183 blob=123 aspect=1.20 fg='Star Citizen ' sc=True A=False B=True playing=True
17:38:56 DEBUG Thread-4 scan t_age=11.09 score=203/50 red_total=203 blob=70 aspect=1.05 fg='Star Citizen ' sc=True A=False B=True playing=True
17:38:58 DEBUG Thread-4 scan t_age=13.15 score=453/50 red_total=453 blob=137 aspect=1.00 fg='Star Citizen ' sc=True A=False B=True playing=True
17:39:00 DEBUG Thread-4 scan t_age=15.20 score=0/50 red_total=0 blob=0 aspect=0.00 fg='Star Citizen ' sc=True A=False B=False playing=True
17:39:02 DEBUG Thread-4 scan t_age=17.25 score=269/50 red_total=269 blob=50 aspect=50.00 fg='Star Citizen ' sc=True A=False B=True playing=True
17:39:04 DEBUG Thread-4 scan t_age=19.31 score=308/50 red_total=308 blob=41 aspect=41.00 fg='Star Citizen ' sc=True A=False B=True playing=True
17:39:06 DEBUG Thread-4 scan t_age=21.36 score=348/50 red_total=348 blob=47 aspect=47.00 fg='Star Citizen ' sc=True A=False B=True playing=True
17:39:08 DEBUG Thread-4 scan t_age=23.42 score=342/50 red_total=342 blob=33 aspect=33.00 fg='Star Citizen ' sc=True A=False B=True playing=True
17:39:10 DEBUG Thread-4 scan t_age=25.47 score=356/50 red_total=356 blob=27 aspect=27.00 fg='Star Citizen ' sc=True A=False B=True playing=True
17:39:12 DEBUG Thread-4 scan t_age=27.53 score=358/50 red_total=358 blob=29 aspect=29.00 fg='Star Citizen ' sc=True A=False B=True playing=True
17:39:14 DEBUG Thread-4 scan t_age=29.58 score=449/50 red_total=449 blob=35 aspect=35.00 fg='Star Citizen ' sc=True A=False B=True playing=True
17:39:16 DEBUG Thread-4 scan t_age=31.63 score=379/50 red_total=379 blob=39 aspect=39.00 fg='Star Citizen ' sc=True A=False B=True playing=True
17:39:18 DEBUG Thread-4 scan t_age=33.69 score=545/50 red_total=545 blob=58 aspect=1.00 fg='Star Citizen ' sc=True A=False B=True playing=True
17:39:20 DEBUG Thread-4 scan t_age=35.73 score=497/50 red_total=497 blob=62 aspect=62.00 fg='Star Citizen ' sc=True A=False B=True playing=True
17:39:23 DEBUG Thread-4 scan t_age=37.79 score=514/50 red_total=514 blob=72 aspect=1.25 fg='Star Citizen ' sc=True A=False B=True playing=True
17:39:25 DEBUG Thread-4 scan t_age=39.84 score=545/50 red_total=545 blob=152 aspect=1.32 fg='Star Citizen ' sc=True A=False B=True playing=True
17:39:27 DEBUG Thread-4 scan t_age=41.90 score=551/50 red_total=551 blob=104 aspect=1.69 fg='Star Citizen ' sc=True A=False B=True playing=True
17:39:29 DEBUG Thread-4 scan t_age=43.94 score=559/50 red_total=559 blob=128 aspect=1.10 fg='Star Citizen ' sc=True A=False B=True playing=True
17:39:31 DEBUG Thread-4 scan t_age=45.99 score=361/50 red_total=361 blob=36 aspect=1.30 fg='Star Citizen ' sc=True A=False B=True playing=True
17:39:33 DEBUG Thread-4 scan t_age=48.05 score=819/50 red_total=819 blob=49 aspect=1.69 fg='Star Citizen ' sc=True A=False B=True playing=True
17:39:35 DEBUG Thread-4 scan t_age=50.10 score=1122/50 red_total=1122 blob=78 aspect=1.30 fg='Star Citizen ' sc=True A=False B=True playing=True
17:39:37 DEBUG Thread-4 scan t_age=52.16 score=881/50 red_total=881 blob=66 aspect=1.33 fg='Star Citizen ' sc=True A=False B=True playing=True
17:39:39 DEBUG Thread-4 scan t_age=54.22 score=779/50 red_total=779 blob=56 aspect=1.33 fg='OBS 32.0.2 - Profile: Untitled - Scenes:' sc=False A=False B=False playing=True
17:39:41 DEBUG Thread-4 scan t_age=56.28 score=749/50 red_total=749 blob=49 aspect=1.50 fg='OBS 32.0.2 - Profile: Untitled - Scenes:' sc=False A=False B=False playing=True
17:39:53 INFO Thread-3 (process) T pressed (event scan_code=20 name=t) - template reset
17:39:53 INFO Thread-4 T-snapshot #13 saved: red=771 roi=t013_173953_score=771_blob=61_red=771_asp=61.0.png ctx=t013_173953_context.png
17:39:54 INFO Thread-3 (process) T pressed (event scan_code=20 name=t) - template reset
17:39:54 INFO Thread-3 (process) T pressed (event scan_code=20 name=t) - template reset
17:39:55 INFO Thread-3 (process) T pressed (event scan_code=20 name=t) - template reset
17:39:55 INFO Thread-4 T-snapshot #14 saved: red=667 roi=t014_173955_score=667_blob=46_red=667_asp=46.0.png ctx=t014_173955_context.png
17:39:57 INFO Thread-3 (process) T pressed (event scan_code=20 name=T) - template reset
17:39:57 INFO Thread-3 (process) T pressed (event scan_code=20 name=t) - template reset
17:39:58 INFO Thread-4 T-snapshot #15 saved: red=634 roi=t015_173958_score=634_blob=43_red=634_asp=1.5.png ctx=t015_173958_context.png
17:39:59 INFO Thread-3 (process) T pressed (event scan_code=20 name=t) - template reset
17:40:00 INFO Thread-4 T-snapshot #16 saved: red=709 roi=t016_174000_score=709_blob=47_red=709_asp=1.7.png ctx=t016_174000_context.png
17:42:46 DEBUG Thread-4 scan t_age=167.40 score=232/50 red_total=232 blob=57 aspect=28.50 fg='SC Lock Radio' sc=False A=False B=False playing=False
17:42:48 DEBUG Thread-4 scan t_age=169.45 score=289/50 red_total=289 blob=53 aspect=53.00 fg='SC Lock Radio' sc=False A=False B=False playing=False
17:42:48 INFO MainThread === mainloop exited normally ===
17:42:48 INFO MainThread --- process exiting cleanly via atexit ---
17:42:54 INFO MainThread ================================================================
17:42:54 INFO MainThread SC Lock Radio module imported. pid=31004 python=3.12.4
17:42:54 INFO MainThread Script=c:\Users\Duke\Downloads\SCLockRadio\SCLockRadio.py
17:42:54 INFO MainThread === SC Lock Radio start. cwd=c:\Users\Duke\Downloads\SCLockRadio pid=31004 ===
17:42:54 INFO MainThread Running as admin: True
17:42:58 INFO Thread-1 Detector thread starting. Region={'left': 1152, 'top': 648, 'width': 256, 'height': 144} mon=(2560x1440)
17:42:58 INFO Thread-1 Keyboard hook installed for T
17:42:58 DEBUG Thread-1 scan t_age=None score=307/50 red_total=307 blob=42 aspect=42.00 fg='SC Lock Radio' sc=False A=False B=False playing=False
17:43:01 DEBUG Thread-1 scan t_age=None score=285/50 red_total=285 blob=63 aspect=20.67 fg='SC Lock Radio' sc=False A=False B=False playing=False
17:43:03 DEBUG Thread-1 scan t_age=None score=274/50 red_total=274 blob=61 aspect=61.00 fg='Star Citizen ' sc=True A=False B=True playing=False
17:43:05 DEBUG Thread-1 scan t_age=None score=322/50 red_total=322 blob=25 aspect=25.00 fg='Star Citizen ' sc=True A=False B=True playing=False
17:43:07 DEBUG Thread-1 scan t_age=None score=399/50 red_total=399 blob=62 aspect=9.50 fg='Star Citizen ' sc=True A=False B=True playing=False
17:43:09 DEBUG Thread-1 scan t_age=None score=347/50 red_total=347 blob=26 aspect=1.33 fg='Star Citizen ' sc=True A=False B=True playing=False
17:43:10 INFO Thread-3 (process) T pressed (event scan_code=20 name=t) - template reset
17:43:11 INFO Thread-1 T-snapshot #1 saved: red=489 roi=t001_174311_score=489_blob=53_red=489_asp=2.3.png ctx=t001_174311_context.png
17:43:11 DEBUG Thread-1 scan t_age=0.43 score=489/50 red_total=489 blob=53 aspect=2.29 fg='Star Citizen ' sc=True A=True B=True playing=False
17:43:11 INFO Thread-1 LOCK TRIGGER: starting music
17:43:11 INFO Thread-1 Music started: NA - Limp Bizkit - Break Stuff (Official Music Video)
17:43:11 INFO Thread-3 (process) T pressed (event scan_code=20 name=t) - template reset
17:43:13 INFO Thread-1 T-snapshot #2 saved: red=287 roi=t002_174313_score=287_blob=42_red=287_asp=1.5.png ctx=t002_174313_context.png
17:43:13 DEBUG Thread-1 scan t_age=1.94 score=287/50 red_total=287 blob=42 aspect=1.50 fg='Star Citizen ' sc=True A=True B=True playing=True
17:43:13 INFO Thread-3 (process) T pressed (event scan_code=20 name=t) - template reset
17:43:15 INFO Thread-1 T-snapshot #3 saved: red=505 roi=t003_174315_score=505_blob=51_red=505_asp=51.0.png ctx=t003_174315_context.png
17:43:15 DEBUG Thread-1 scan t_age=1.74 score=505/50 red_total=505 blob=51 aspect=51.00 fg='SC Lock Radio' sc=False A=True B=False playing=True
17:43:19 DEBUG Thread-1 scan t_age=5.90 score=385/50 red_total=385 blob=63 aspect=20.67 fg='SC Lock Radio' sc=False A=False B=False playing=True
17:43:21 DEBUG Thread-1 scan t_age=7.95 score=462/50 red_total=462 blob=63 aspect=31.00 fg='SC Lock Radio' sc=False A=False B=False playing=True
17:43:22 INFO Thread-3 (process) T pressed (event scan_code=20 name=t) - template reset
17:43:23 INFO Thread-1 T-snapshot #4 saved: red=364 roi=t004_174323_score=364_blob=63_red=364_asp=31.0.png ctx=t004_174323_context.png
17:43:23 DEBUG Thread-1 scan t_age=0.85 score=364/50 red_total=364 blob=63 aspect=31.00 fg='Star Citizen ' sc=True A=True B=True playing=False
17:43:23 INFO Thread-1 LOCK TRIGGER: starting music
17:43:23 INFO Thread-1 Music started: NA - Limp Bizkit - Break Stuff (Official Music Video)
17:43:25 DEBUG Thread-1 scan t_age=2.97 score=420/50 red_total=420 blob=108 aspect=108.00 fg='Star Citizen ' sc=True A=False B=True playing=True
17:43:29 INFO Thread-3 (process) T pressed (event scan_code=20 name=t) - template reset
17:43:29 INFO Thread-3 (process) T pressed (event scan_code=20 name=t) - template reset
17:43:30 INFO Thread-1 T-snapshot #5 saved: red=482 roi=t005_174330_score=482_blob=67_red=482_asp=21.0.png ctx=t005_174330_context.png
17:43:31 INFO Thread-3 (process) T pressed (event scan_code=20 name=t) - template reset
17:43:31 INFO Thread-3 (process) T pressed (event scan_code=20 name=t) - template reset
17:43:32 INFO Thread-1 T-snapshot #6 saved: red=456 roi=t006_174332_score=456_blob=106_red=456_asp=52.5.png ctx=t006_174332_context.png
17:43:42 DEBUG Thread-1 scan t_age=10.48 score=410/50 red_total=410 blob=65 aspect=65.00 fg='SC Lock Radio' sc=False A=False B=False playing=False
17:43:44 DEBUG Thread-1 scan t_age=12.53 score=308/200 red_total=308 blob=63 aspect=31.00 fg='SC Lock Radio' sc=False A=False B=False playing=False
17:43:47 INFO Thread-3 (process) T pressed (event scan_code=20 name=t) - template reset
17:43:48 INFO Thread-1 T-snapshot #7 saved: red=532 roi=t007_174348_score=532_blob=64_red=532_asp=31.5.png ctx=t007_174348_context.png
17:43:48 DEBUG Thread-1 scan t_age=0.88 score=532/200 red_total=532 blob=64 aspect=31.50 fg='Star Citizen ' sc=True A=True B=True playing=False
17:43:48 INFO Thread-1 LOCK TRIGGER: starting music
17:43:48 INFO Thread-1 Music started: NA - Limp Bizkit - Break Stuff (Official Music Video)
17:43:50 DEBUG Thread-1 scan t_age=2.99 score=360/200 red_total=360 blob=63 aspect=31.00 fg='Star Citizen ' sc=True A=False B=True playing=True
17:43:52 DEBUG Thread-1 scan t_age=5.05 score=384/200 red_total=384 blob=77 aspect=25.50 fg='Star Citizen ' sc=True A=False B=True playing=True
17:44:27 DEBUG Thread-1 scan t_age=40.03 score=0/200 red_total=0 blob=0 aspect=0.00 fg='Star Citizen ' sc=True A=False B=False playing=False
17:44:29 DEBUG Thread-1 scan t_age=42.08 score=0/200 red_total=0 blob=0 aspect=0.00 fg='Star Citizen ' sc=True A=False B=False playing=False
17:44:31 DEBUG Thread-1 scan t_age=44.12 score=0/200 red_total=0 blob=0 aspect=0.00 fg='Star Citizen ' sc=True A=False B=False playing=False
17:44:33 DEBUG Thread-1 scan t_age=46.17 score=0/200 red_total=0 blob=0 aspect=0.00 fg='Star Citizen ' sc=True A=False B=False playing=False
17:44:35 DEBUG Thread-1 scan t_age=48.22 score=0/200 red_total=0 blob=0 aspect=0.00 fg='Star Citizen ' sc=True A=False B=False playing=False
17:44:37 DEBUG Thread-1 scan t_age=50.27 score=0/200 red_total=0 blob=0 aspect=0.00 fg='Star Citizen ' sc=True A=False B=False playing=False
17:44:40 DEBUG Thread-1 scan t_age=52.31 score=0/200 red_total=0 blob=0 aspect=0.00 fg='Star Citizen ' sc=True A=False B=False playing=False
17:44:42 DEBUG Thread-1 scan t_age=54.36 score=0/200 red_total=0 blob=0 aspect=0.00 fg='Star Citizen ' sc=True A=False B=False playing=False
17:44:44 DEBUG Thread-1 scan t_age=56.41 score=0/200 red_total=0 blob=0 aspect=0.00 fg='Star Citizen ' sc=True A=False B=False playing=False
17:44:46 DEBUG Thread-1 scan t_age=58.46 score=0/200 red_total=0 blob=0 aspect=0.00 fg='Star Citizen ' sc=True A=False B=False playing=False
17:44:48 DEBUG Thread-1 scan t_age=60.51 score=338/200 red_total=338 blob=54 aspect=54.00 fg='Star Citizen ' sc=True A=False B=True playing=False
17:44:50 DEBUG Thread-1 scan t_age=62.57 score=545/200 red_total=545 blob=80 aspect=80.00 fg='Star Citizen ' sc=True A=False B=True playing=False
17:44:52 DEBUG Thread-1 scan t_age=64.63 score=574/200 red_total=574 blob=69 aspect=69.00 fg='Star Citizen ' sc=True A=False B=True playing=False
17:44:54 DEBUG Thread-1 scan t_age=66.69 score=580/200 red_total=580 blob=86 aspect=86.00 fg='Star Citizen ' sc=True A=False B=True playing=False
17:44:57 INFO Thread-3 (process) T pressed (event scan_code=20 name=t) - template reset
17:44:57 INFO Thread-3 (process) T pressed (event scan_code=20 name=t) - template reset
17:44:58 INFO Thread-1 T-snapshot #8 saved: red=593 roi=t008_174458_score=593_blob=91_red=593_asp=44.5.png ctx=t008_174458_context.png
17:45:00 INFO Thread-3 (process) T pressed (event scan_code=20 name=t) - template reset
17:45:00 INFO Thread-1 T-snapshot #9 saved: red=500 roi=t009_174500_score=500_blob=86_red=500_asp=86.0.png ctx=t009_174500_context.png
17:45:00 INFO Thread-3 (process) T pressed (event scan_code=20 name=t) - template reset
17:45:02 INFO Thread-3 (process) T pressed (event scan_code=20 name=t) - template reset
17:45:02 INFO Thread-3 (process) T pressed (event scan_code=20 name=t) - template reset
17:45:02 INFO Thread-1 T-snapshot #10 saved: red=594 roi=t010_174502_score=594_blob=85_red=594_asp=34.5.png ctx=t010_174502_context.png
17:45:02 INFO Thread-3 (process) T pressed (event scan_code=20 name=t) - template reset
17:45:04 INFO Thread-3 (process) T pressed (event scan_code=20 name=t) - template reset
17:45:04 INFO Thread-1 T-snapshot #11 saved: red=412 roi=t011_174504_score=412_blob=87_red=412_asp=87.0.png ctx=t011_174504_context.png
17:45:07 INFO Thread-3 (process) T pressed (event scan_code=20 name=T) - template reset
17:45:09 INFO Thread-1 T-snapshot #12 saved: red=486 roi=t012_174509_score=486_blob=66_red=486_asp=66.0.png ctx=t012_174509_context.png
17:45:11 DEBUG Thread-1 scan t_age=3.46 score=544/200 red_total=544 blob=71 aspect=71.00 fg='Star Citizen ' sc=True A=False B=True playing=False
17:45:13 DEBUG Thread-1 scan t_age=5.53 score=6049/200 red_total=6049 blob=5630 aspect=1.14 fg='Star Citizen ' sc=True A=False B=True playing=False
17:45:15 DEBUG Thread-1 scan t_age=7.59 score=551/200 red_total=551 blob=72 aspect=72.00 fg='Star Citizen ' sc=True A=False B=True playing=False
17:45:17 DEBUG Thread-1 scan t_age=9.65 score=496/200 red_total=496 blob=62 aspect=30.50 fg='Star Citizen ' sc=True A=False B=True playing=False
17:45:19 DEBUG Thread-1 scan t_age=11.71 score=501/200 red_total=501 blob=99 aspect=99.00 fg='Star Citizen ' sc=True A=False B=True playing=False
17:45:21 DEBUG Thread-1 scan t_age=13.77 score=459/200 red_total=459 blob=49 aspect=24.50 fg='Star Citizen ' sc=True A=False B=True playing=False
17:45:23 DEBUG Thread-1 scan t_age=15.83 score=549/200 red_total=549 blob=98 aspect=98.00 fg='Star Citizen ' sc=True A=False B=True playing=False
17:45:25 DEBUG Thread-1 scan t_age=17.90 score=486/200 red_total=486 blob=73 aspect=73.00 fg='Star Citizen ' sc=True A=False B=True playing=False
17:45:27 DEBUG Thread-1 scan t_age=19.96 score=451/200 red_total=451 blob=86 aspect=86.00 fg='Star Citizen ' sc=True A=False B=True playing=False
17:45:29 DEBUG Thread-1 scan t_age=22.01 score=537/200 red_total=537 blob=74 aspect=74.00 fg='Star Citizen ' sc=True A=False B=True playing=False
17:45:31 DEBUG Thread-1 scan t_age=24.08 score=1211/200 red_total=1211 blob=189 aspect=5.13 fg='Star Citizen ' sc=True A=False B=True playing=False
17:45:33 DEBUG Thread-1 scan t_age=26.14 score=546/200 red_total=546 blob=62 aspect=30.50 fg='Star Citizen ' sc=True A=False B=True playing=False
17:45:35 DEBUG Thread-1 scan t_age=28.19 score=467/200 red_total=467 blob=84 aspect=84.00 fg='Star Citizen ' sc=True A=False B=True playing=False
17:45:37 DEBUG Thread-1 scan t_age=30.26 score=376/200 red_total=376 blob=69 aspect=2.86 fg='Star Citizen ' sc=True A=False B=True playing=False
17:45:40 DEBUG Thread-1 scan t_age=32.32 score=241/200 red_total=241 blob=12 aspect=12.00 fg='Star Citizen ' sc=True A=False B=True playing=False
17:45:42 DEBUG Thread-1 scan t_age=34.38 score=496/200 red_total=496 blob=89 aspect=35.50 fg='Star Citizen ' sc=True A=False B=True playing=False
17:45:44 DEBUG Thread-1 scan t_age=36.44 score=417/200 red_total=417 blob=83 aspect=83.00 fg='Star Citizen ' sc=True A=False B=True playing=False
17:45:46 DEBUG Thread-1 scan t_age=38.50 score=675/200 red_total=675 blob=139 aspect=139.00 fg='Star Citizen ' sc=True A=False B=True playing=False
17:45:48 DEBUG Thread-1 scan t_age=40.56 score=6112/200 red_total=6112 blob=5559 aspect=1.13 fg='Star Citizen ' sc=True A=False B=True playing=False
17:45:50 DEBUG Thread-1 scan t_age=42.63 score=679/200 red_total=679 blob=79 aspect=79.00 fg='Star Citizen ' sc=True A=False B=True playing=False
17:45:52 DEBUG Thread-1 scan t_age=44.68 score=642/200 red_total=642 blob=63 aspect=31.00 fg='Star Citizen ' sc=True A=False B=True playing=False
17:45:54 DEBUG Thread-1 scan t_age=46.75 score=737/200 red_total=737 blob=128 aspect=128.00 fg='Star Citizen ' sc=True A=False B=True playing=False
17:45:56 DEBUG Thread-1 scan t_age=48.80 score=571/200 red_total=571 blob=48 aspect=48.00 fg='Star Citizen ' sc=True A=False B=True playing=False
17:45:58 DEBUG Thread-1 scan t_age=50.86 score=611/200 red_total=611 blob=35 aspect=17.00 fg='Star Citizen ' sc=True A=False B=True playing=False
17:46:00 DEBUG Thread-1 scan t_age=52.92 score=662/200 red_total=662 blob=49 aspect=49.00 fg='Star Citizen ' sc=True A=False B=True playing=False
17:46:02 DEBUG Thread-1 scan t_age=54.98 score=699/200 red_total=699 blob=61 aspect=61.00 fg='Star Citizen ' sc=True A=False B=True playing=False
17:46:04 DEBUG Thread-1 scan t_age=57.04 score=651/200 red_total=651 blob=49 aspect=4.00 fg='Star Citizen ' sc=True A=False B=True playing=False
17:46:06 DEBUG Thread-1 scan t_age=59.10 score=502/200 red_total=502 blob=49 aspect=49.00 fg='Star Citizen ' sc=True A=False B=True playing=False
17:46:08 DEBUG Thread-1 scan t_age=61.16 score=449/200 red_total=449 blob=62 aspect=62.00 fg='Star Citizen ' sc=True A=False B=True playing=False
17:46:10 DEBUG Thread-1 scan t_age=63.21 score=1006/200 red_total=1006 blob=98 aspect=29.67 fg='Star Citizen ' sc=True A=False B=True playing=False
17:46:12 DEBUG Thread-1 scan t_age=65.27 score=211/200 red_total=211 blob=29 aspect=29.00 fg='Star Citizen ' sc=True A=False B=True playing=False
17:46:15 DEBUG Thread-1 scan t_age=67.33 score=304/200 red_total=304 blob=33 aspect=16.50 fg='Star Citizen ' sc=True A=False B=True playing=False
17:46:17 DEBUG Thread-1 scan t_age=69.39 score=424/200 red_total=424 blob=62 aspect=30.50 fg='Star Citizen ' sc=True A=False B=True playing=False
17:46:18 INFO Thread-3 (process) T pressed (event scan_code=20 name=t) - template reset
17:46:19 INFO Thread-1 T-snapshot #13 saved: red=876 roi=t013_174619_score=876_blob=27_red=876_asp=27.0.png ctx=t013_174619_context.png
17:46:19 DEBUG Thread-1 scan t_age=0.62 score=876/200 red_total=876 blob=27 aspect=27.00 fg='Star Citizen ' sc=True A=True B=True playing=False
17:46:19 INFO Thread-1 LOCK TRIGGER: starting music
17:46:19 INFO Thread-1 Music started: NA - Limp Bizkit - Break Stuff (Official Music Video)
17:46:20 INFO Thread-3 (process) T pressed (event scan_code=20 name=t) - template reset
17:46:21 INFO Thread-1 T-snapshot #14 saved: red=777 roi=t014_174621_score=777_blob=63_red=777_asp=31.0.png ctx=t014_174621_context.png
17:46:21 DEBUG Thread-1 scan t_age=1.19 score=777/200 red_total=777 blob=63 aspect=31.00 fg='Star Citizen ' sc=True A=True B=True playing=True
17:46:36 INFO Thread-3 (process) T pressed (event scan_code=20 name=t) - template reset
17:46:37 INFO Thread-3 (process) T pressed (event scan_code=20 name=t) - template reset
17:46:37 INFO Thread-1 T-snapshot #15 saved: red=391 roi=t015_174637_score=391_blob=62_red=391_asp=30.5.png ctx=t015_174637_context.png
17:46:39 INFO Thread-3 (process) T pressed (event scan_code=20 name=t) - template reset
17:46:39 INFO Thread-1 T-snapshot #16 saved: red=513 roi=t016_174639_score=513_blob=46_red=513_asp=22.5.png ctx=t016_174639_context.png
17:46:42 INFO Thread-3 (process) T pressed (event scan_code=20 name=t) - template reset
17:46:44 INFO Thread-1 T-snapshot #17 saved: red=433 roi=t017_174644_score=433_blob=64_red=433_asp=20.7.png ctx=t017_174644_context.png
17:46:46 DEBUG Thread-1 scan t_age=3.73 score=537/200 red_total=537 blob=62 aspect=1.33 fg='OBS 32.0.2 - Profile: Untitled - Scenes:' sc=False A=False B=False playing=False
17:46:48 DEBUG Thread-1 scan t_age=5.79 score=154/200 red_total=154 blob=98 aspect=1.37 fg='Greenshot capture form' sc=False A=False B=False playing=False
17:46:50 DEBUG Thread-1 scan t_age=7.85 score=187/200 red_total=187 blob=98 aspect=1.37 fg='Greenshot capture form' sc=False A=False B=False playing=False
17:46:52 DEBUG Thread-1 scan t_age=9.90 score=1867/200 red_total=1867 blob=286 aspect=1.18 fg='Greenshot capture form' sc=False A=False B=False playing=False
17:46:54 DEBUG Thread-1 scan t_age=11.97 score=1532/200 red_total=1532 blob=286 aspect=1.18 fg='Greenshot capture form' sc=False A=False B=False playing=False
17:46:58 INFO Thread-3 (process) T pressed (event scan_code=20 name=T) - template reset
17:46:58 INFO Thread-3 (process) T pressed (event scan_code=20 name=t) - template reset
17:46:59 INFO Thread-3 (process) T pressed (event scan_code=20 name=t) - template reset
17:47:00 INFO Thread-1 T-snapshot #18 saved: red=484 roi=t018_174700_score=484_blob=58_red=484_asp=58.0.png ctx=t018_174700_context.png
17:47:01 INFO Thread-3 (process) T pressed (event scan_code=20 name=t) - template reset
17:47:02 INFO Thread-1 T-snapshot #19 saved: red=480 roi=t019_174702_score=480_blob=63_red=480_asp=31.0.png ctx=t019_174702_context.png
17:47:02 INFO Thread-3 (process) T pressed (event scan_code=20 name=t) - template reset
17:47:03 INFO Thread-3 (process) T pressed (event scan_code=20 name=t) - template reset
17:47:04 INFO Thread-1 T-snapshot #20 saved: red=499 roi=t020_174704_score=499_blob=36_red=499_asp=36.0.png ctx=t020_174704_context.png
17:47:19 DEBUG Thread-1 scan t_age=15.82 score=657/200 red_total=657 blob=49 aspect=49.00 fg='' sc=False A=False B=False playing=False
17:47:21 DEBUG Thread-1 scan t_age=17.87 score=571/200 red_total=571 blob=62 aspect=30.50 fg='OBS 32.0.2 - Profile: Untitled - Scenes:' sc=False A=False B=False playing=False
17:47:23 DEBUG Thread-1 scan t_age=19.93 score=605/200 red_total=605 blob=61 aspect=61.00 fg='OBS 32.0.2 - Profile: Untitled - Scenes:' sc=False A=False B=False playing=False
17:48:00 INFO MainThread === mainloop exited normally ===
17:48:00 INFO MainThread --- process exiting cleanly via atexit ---
17:48:20 INFO MainThread ================================================================
17:48:20 INFO MainThread SC Lock Radio module imported. pid=31864 python=3.12.4
17:48:20 INFO MainThread Script=c:\Users\Duke\Downloads\SCLockRadio\SCLockRadio.py
17:48:20 INFO MainThread === SC Lock Radio start. cwd=c:\Users\Duke\Downloads\SCLockRadio pid=31864 ===
17:48:20 INFO MainThread Running as admin: True
17:48:22 INFO Thread-1 Detector thread starting. Region={'left': 1152, 'top': 648, 'width': 256, 'height': 144} mon=(2560x1440)
17:48:22 INFO Thread-1 Keyboard hook installed for T
17:48:22 DEBUG Thread-1 scan t_age=None score=0/200 red_total=0 blob=0 aspect=0.00 fg='SC Lock Radio' sc=False A=False B=False playing=False
17:48:24 DEBUG Thread-1 scan t_age=None score=0/200 red_total=0 blob=0 aspect=0.00 fg='Star Citizen ' sc=True A=False B=False playing=False
17:48:25 INFO Thread-3 (process) T pressed (event scan_code=20 name=t) - template reset
17:48:26 INFO Thread-1 T-snapshot #1 saved: red=0 roi=t001_174826_score=0_blob=0_red=0_asp=0.0.png ctx=t001_174826_context.png
17:48:26 DEBUG Thread-1 scan t_age=1.21 score=0/200 red_total=0 blob=0 aspect=0.00 fg='Star Citizen ' sc=True A=True B=False playing=False
17:48:28 INFO Thread-3 (process) T pressed (event scan_code=20 name=t) - template reset
17:48:29 INFO Thread-1 T-snapshot #2 saved: red=35 roi=t002_174829_score=35_blob=19_red=35_asp=6.0.png ctx=t002_174829_context.png
17:48:29 DEBUG Thread-1 scan t_age=0.70 score=35/200 red_total=35 blob=19 aspect=6.00 fg='Star Citizen ' sc=True A=True B=False playing=False
17:48:31 DEBUG Thread-1 scan t_age=2.79 score=0/200 red_total=0 blob=0 aspect=0.00 fg='Star Citizen ' sc=True A=False B=False playing=False
17:48:33 DEBUG Thread-1 scan t_age=4.83 score=193/200 red_total=193 blob=15 aspect=8.00 fg='Star Citizen ' sc=True A=False B=False playing=False
17:48:35 DEBUG Thread-1 scan t_age=6.87 score=18/200 red_total=18 blob=4 aspect=2.00 fg='Star Citizen ' sc=True A=False B=False playing=False
17:48:37 DEBUG Thread-1 scan t_age=8.92 score=396/200 red_total=396 blob=15 aspect=10.00 fg='Star Citizen ' sc=True A=False B=True playing=False
17:48:37 INFO Thread-3 (process) T pressed (event scan_code=20 name=t) - template reset
17:48:38 INFO Thread-3 (process) T pressed (event scan_code=20 name=t) - template reset
17:48:39 INFO Thread-1 T-snapshot #3 saved: red=4 roi=t003_174839_score=4_blob=2_red=4_asp=2.0.png ctx=t003_174839_context.png
17:48:39 DEBUG Thread-1 scan t_age=0.95 score=4/200 red_total=4 blob=2 aspect=2.00 fg='Star Citizen ' sc=True A=True B=False playing=False
17:48:41 DEBUG Thread-1 scan t_age=3.03 score=4/200 red_total=4 blob=2 aspect=1.00 fg='Star Citizen ' sc=True A=False B=False playing=False
17:48:43 DEBUG Thread-1 scan t_age=5.07 score=0/200 red_total=0 blob=0 aspect=0.00 fg='SC Lock Radio' sc=False A=False B=False playing=False
17:48:45 DEBUG Thread-1 scan t_age=7.11 score=1/200 red_total=1 blob=1 aspect=1.00 fg='SC Lock Radio' sc=False A=False B=False playing=False
17:48:47 DEBUG Thread-1 scan t_age=9.15 score=0/196 red_total=0 blob=0 aspect=0.00 fg='SC Lock Radio' sc=False A=False B=False playing=False
17:48:49 DEBUG Thread-1 scan t_age=11.17 score=2/38 red_total=2 blob=1 aspect=1.00 fg='SC Lock Radio' sc=False A=False B=False playing=False
17:48:51 DEBUG Thread-1 scan t_age=13.22 score=0/30 red_total=0 blob=0 aspect=0.00 fg='Star Citizen ' sc=True A=False B=False playing=False
17:48:51 INFO Thread-3 (process) T pressed (event scan_code=20 name=t) - template reset
17:48:53 INFO Thread-1 T-snapshot #4 saved: red=0 roi=t004_174853_score=0_blob=0_red=0_asp=0.0.png ctx=t004_174853_context.png
17:48:53 DEBUG Thread-1 scan t_age=1.72 score=0/30 red_total=0 blob=0 aspect=0.00 fg='Star Citizen ' sc=True A=True B=False playing=False
17:48:55 INFO Thread-3 (process) T pressed (event scan_code=20 name=t) - template reset
17:48:55 INFO Thread-1 T-snapshot #5 saved: red=35 roi=t005_174855_score=35_blob=24_red=35_asp=3.0.png ctx=t005_174855_context.png
17:48:55 DEBUG Thread-1 scan t_age=0.54 score=35/30 red_total=35 blob=24 aspect=3.00 fg='Star Citizen ' sc=True A=True B=True playing=False
17:48:55 INFO Thread-1 LOCK TRIGGER: starting music
17:48:55 INFO Thread-1 Music started: NA - P.O.D. - Youth of the Nation (Official Music Video) [HD]
17:48:56 INFO Thread-3 (process) T pressed (event scan_code=20 name=t) - template reset
17:48:57 INFO Thread-1 T-snapshot #6 saved: red=55 roi=t006_174857_score=55_blob=13_red=81_asp=13.0.png ctx=t006_174857_context.png
17:48:57 DEBUG Thread-1 scan t_age=1.14 score=55/30 red_total=81 blob=13 aspect=13.00 fg='Star Citizen ' sc=True A=True B=True playing=True
17:48:59 DEBUG Thread-1 scan t_age=3.24 score=69/30 red_total=69 blob=9 aspect=9.00 fg='Star Citizen ' sc=True A=False B=True playing=True
17:49:01 DEBUG Thread-1 scan t_age=5.28 score=2/30 red_total=2 blob=1 aspect=1.00 fg='Star Citizen ' sc=True A=False B=False playing=True
17:49:03 DEBUG Thread-1 scan t_age=7.32 score=2/30 red_total=2 blob=1 aspect=1.00 fg='Star Citizen ' sc=True A=False B=False playing=True
17:49:05 DEBUG Thread-1 scan t_age=9.36 score=0/30 red_total=0 blob=0 aspect=0.00 fg='Star Citizen ' sc=True A=False B=False playing=True
17:49:08 DEBUG Thread-1 scan t_age=11.40 score=3/30 red_total=3 blob=2 aspect=2.00 fg='Star Citizen ' sc=True A=False B=False playing=True
17:49:10 DEBUG Thread-1 scan t_age=13.44 score=2/30 red_total=2 blob=1 aspect=1.00 fg='Star Citizen ' sc=True A=False B=False playing=False
17:49:12 DEBUG Thread-1 scan t_age=15.48 score=0/30 red_total=0 blob=0 aspect=0.00 fg='Star Citizen ' sc=True A=False B=False playing=False
17:49:13 INFO Thread-3 (process) T pressed (event scan_code=20 name=t) - template reset
17:49:14 INFO Thread-1 T-snapshot #7 saved: red=31 roi=t007_174914_score=31_blob=18_red=77_asp=18.0.png ctx=t007_174914_context.png
17:49:14 DEBUG Thread-1 scan t_age=0.54 score=31/30 red_total=77 blob=18 aspect=18.00 fg='Star Citizen ' sc=True A=True B=True playing=False
17:49:14 INFO Thread-1 LOCK TRIGGER: starting music
17:49:14 INFO Thread-1 Music started: NA - P.O.D. - Youth of the Nation (Official Music Video) [HD]
17:49:16 DEBUG Thread-1 scan t_age=2.63 score=161/30 red_total=161 blob=25 aspect=5.00 fg='Star Citizen ' sc=True A=False B=True playing=True
17:49:18 DEBUG Thread-1 scan t_age=4.68 score=4/30 red_total=4 blob=2 aspect=2.00 fg='Star Citizen ' sc=True A=False B=False playing=True
17:49:20 DEBUG Thread-1 scan t_age=6.72 score=1/30 red_total=1 blob=1 aspect=1.00 fg='Star Citizen ' sc=True A=False B=False playing=True
17:49:22 DEBUG Thread-1 scan t_age=8.76 score=1/30 red_total=1 blob=1 aspect=1.00 fg='Star Citizen ' sc=True A=False B=False playing=True
17:49:24 DEBUG Thread-1 scan t_age=10.79 score=7/30 red_total=7 blob=2 aspect=2.00 fg='Star Citizen ' sc=True A=False B=False playing=True
17:49:26 DEBUG Thread-1 scan t_age=12.84 score=0/30 red_total=0 blob=0 aspect=0.00 fg='Star Citizen ' sc=True A=False B=False playing=False
17:49:28 DEBUG Thread-1 scan t_age=14.87 score=1/30 red_total=1 blob=1 aspect=1.00 fg='Star Citizen ' sc=True A=False B=False playing=False
17:49:30 DEBUG Thread-1 scan t_age=16.91 score=2/30 red_total=2 blob=1 aspect=1.00 fg='Star Citizen ' sc=True A=False B=False playing=False
17:49:32 DEBUG Thread-1 scan t_age=18.94 score=0/30 red_total=0 blob=0 aspect=0.00 fg='Star Citizen ' sc=True A=False B=False playing=False
17:49:34 DEBUG Thread-1 scan t_age=20.98 score=1/30 red_total=1 blob=1 aspect=1.00 fg='Star Citizen ' sc=True A=False B=False playing=False
17:49:36 DEBUG Thread-1 scan t_age=23.01 score=1/30 red_total=1 blob=1 aspect=1.00 fg='Star Citizen ' sc=True A=False B=False playing=False
17:49:38 DEBUG Thread-1 scan t_age=25.05 score=0/30 red_total=0 blob=0 aspect=0.00 fg='Star Citizen ' sc=True A=False B=False playing=False
17:49:40 DEBUG Thread-1 scan t_age=27.09 score=0/30 red_total=0 blob=0 aspect=0.00 fg='Star Citizen ' sc=True A=False B=False playing=False
17:49:42 DEBUG Thread-1 scan t_age=29.12 score=0/30 red_total=0 blob=0 aspect=0.00 fg='Star Citizen ' sc=True A=False B=False playing=False
17:49:44 DEBUG Thread-1 scan t_age=31.16 score=0/30 red_total=0 blob=0 aspect=0.00 fg='Star Citizen ' sc=True A=False B=False playing=False
17:49:46 DEBUG Thread-1 scan t_age=33.19 score=8/30 red_total=8 blob=2 aspect=2.00 fg='Star Citizen ' sc=True A=False B=False playing=False
17:49:48 DEBUG Thread-1 scan t_age=35.23 score=95/30 red_total=95 blob=11 aspect=5.00 fg='Star Citizen ' sc=True A=False B=True playing=False
17:49:50 DEBUG Thread-1 scan t_age=37.28 score=360/30 red_total=360 blob=24 aspect=10.00 fg='Star Citizen ' sc=True A=False B=True playing=False
17:49:52 DEBUG Thread-1 scan t_age=39.33 score=350/30 red_total=350 blob=21 aspect=10.00 fg='Star Citizen ' sc=True A=False B=True playing=False
17:49:53 INFO Thread-3 (process) T pressed (event scan_code=20 name=t) - template reset
17:49:55 INFO Thread-1 T-snapshot #8 saved: red=51 roi=t008_174954_score=51_blob=23_red=51_asp=2.0.png ctx=t008_174954_context.png
17:49:55 DEBUG Thread-1 scan t_age=1.80 score=51/30 red_total=51 blob=23 aspect=2.00 fg='Star Citizen ' sc=True A=True B=True playing=False
17:49:55 INFO Thread-1 LOCK TRIGGER: starting music
17:49:55 INFO Thread-1 Music started: NA - P.O.D. - Youth of the Nation (Official Music Video) [HD]
17:49:57 DEBUG Thread-1 scan t_age=3.89 score=469/30 red_total=469 blob=25 aspect=7.00 fg='Star Citizen ' sc=True A=False B=True playing=True
17:49:59 DEBUG Thread-1 scan t_age=5.94 score=88/30 red_total=88 blob=9 aspect=6.00 fg='Star Citizen ' sc=True A=False B=True playing=True
17:50:01 DEBUG Thread-1 scan t_age=7.98 score=66/30 red_total=66 blob=9 aspect=4.00 fg='Star Citizen ' sc=True A=False B=True playing=True
17:50:03 DEBUG Thread-1 scan t_age=10.03 score=67/30 red_total=67 blob=25 aspect=3.00 fg='Star Citizen ' sc=True A=False B=True playing=True
17:50:05 DEBUG Thread-1 scan t_age=12.07 score=39/30 red_total=39 blob=2 aspect=2.00 fg='Star Citizen ' sc=True A=False B=True playing=True
17:50:07 DEBUG Thread-1 scan t_age=14.11 score=2/30 red_total=2 blob=1 aspect=1.00 fg='Star Citizen ' sc=True A=False B=False playing=True
17:50:09 DEBUG Thread-1 scan t_age=16.15 score=599/30 red_total=599 blob=36 aspect=7.00 fg='Star Citizen ' sc=True A=False B=True playing=True
17:50:11 DEBUG Thread-1 scan t_age=18.20 score=0/30 red_total=0 blob=0 aspect=0.00 fg='Star Citizen ' sc=True A=False B=False playing=True
17:50:13 DEBUG Thread-1 scan t_age=20.24 score=0/30 red_total=0 blob=0 aspect=0.00 fg='Star Citizen ' sc=True A=False B=False playing=True
17:50:15 DEBUG Thread-1 scan t_age=22.27 score=5/30 red_total=5 blob=5 aspect=1.00 fg='Star Citizen ' sc=True A=False B=False playing=True
17:50:17 DEBUG Thread-1 scan t_age=24.31 score=44/30 red_total=44 blob=8 aspect=8.00 fg='Star Citizen ' sc=True A=False B=True playing=True
17:50:19 DEBUG Thread-1 scan t_age=26.35 score=2/30 red_total=2 blob=2 aspect=2.00 fg='Star Citizen ' sc=True A=False B=False playing=True
17:50:21 DEBUG Thread-1 scan t_age=28.39 score=0/30 red_total=0 blob=0 aspect=0.00 fg='Star Citizen ' sc=True A=False B=False playing=True
17:50:23 DEBUG Thread-1 scan t_age=30.43 score=13/30 red_total=13 blob=13 aspect=1.00 fg='Star Citizen ' sc=True A=False B=False playing=True
17:50:25 DEBUG Thread-1 scan t_age=32.47 score=10/30 red_total=10 blob=6 aspect=6.00 fg='Star Citizen ' sc=True A=False B=False playing=True
17:50:27 DEBUG Thread-1 scan t_age=34.51 score=35/30 red_total=35 blob=6 aspect=6.00 fg='Star Citizen ' sc=True A=False B=True playing=False
17:50:29 DEBUG Thread-1 scan t_age=36.55 score=27/30 red_total=52 blob=25 aspect=25.00 fg='Star Citizen ' sc=True A=False B=False playing=False
17:50:31 DEBUG Thread-1 scan t_age=38.59 score=1/30 red_total=1 blob=1 aspect=1.00 fg='Star Citizen ' sc=True A=False B=False playing=False
17:50:33 DEBUG Thread-1 scan t_age=40.63 score=0/30 red_total=0 blob=0 aspect=0.00 fg='Star Citizen ' sc=True A=False B=False playing=False
17:50:35 DEBUG Thread-1 scan t_age=42.66 score=1/30 red_total=1 blob=1 aspect=1.00 fg='Star Citizen ' sc=True A=False B=False playing=False
17:50:37 INFO Thread-3 (process) T pressed (event scan_code=20 name=t) - template reset
17:50:37 INFO Thread-1 T-snapshot #9 saved: red=0 roi=t009_175037_score=0_blob=0_red=0_asp=0.0.png ctx=t009_175037_context.png
17:50:37 DEBUG Thread-1 scan t_age=44.69 score=0/30 red_total=0 blob=0 aspect=0.00 fg='Star Citizen ' sc=True A=False B=False playing=False
17:50:39 INFO Thread-3 (process) T pressed (event scan_code=20 name=t) - template reset
17:50:40 INFO Thread-1 T-snapshot #10 saved: red=0 roi=t010_175039_score=0_blob=0_red=0_asp=0.0.png ctx=t010_175039_context.png
17:50:40 DEBUG Thread-1 scan t_age=0.34 score=0/30 red_total=0 blob=0 aspect=0.00 fg='Star Citizen ' sc=True A=True B=False playing=False
17:50:42 DEBUG Thread-1 scan t_age=2.42 score=0/30 red_total=0 blob=0 aspect=0.00 fg='Star Citizen ' sc=True A=False B=False playing=False
17:50:44 DEBUG Thread-1 scan t_age=4.47 score=338/30 red_total=338 blob=12 aspect=10.00 fg='Star Citizen ' sc=True A=False B=True playing=False
17:50:46 DEBUG Thread-1 scan t_age=6.52 score=348/30 red_total=348 blob=18 aspect=5.50 fg='Star Citizen ' sc=True A=False B=True playing=False
17:50:48 DEBUG Thread-1 scan t_age=8.57 score=214/30 red_total=214 blob=20 aspect=4.00 fg='Star Citizen ' sc=True A=False B=True playing=False
17:50:49 INFO Thread-3 (process) T pressed (event scan_code=20 name=t) - template reset
17:50:50 INFO Thread-1 T-snapshot #11 saved: red=35 roi=t011_175050_score=35_blob=8_red=35_asp=2.0.png ctx=t011_175050_context.png
17:50:50 DEBUG Thread-1 scan t_age=0.48 score=35/30 red_total=35 blob=8 aspect=2.00 fg='Star Citizen ' sc=True A=True B=True playing=False
17:50:50 INFO Thread-1 LOCK TRIGGER: starting music
17:50:50 INFO Thread-1 Music started: NA - P.O.D. - Youth of the Nation (Official Music Video) [HD]
17:50:50 INFO Thread-3 (process) T pressed (event scan_code=20 name=t) - template reset
17:50:52 INFO Thread-1 T-snapshot #12 saved: red=30 roi=t012_175052_score=30_blob=3_red=30_asp=3.0.png ctx=t012_175052_context.png
17:50:52 DEBUG Thread-1 scan t_age=1.99 score=30/30 red_total=30 blob=3 aspect=3.00 fg='Star Citizen ' sc=True A=True B=True playing=True
17:50:54 INFO Thread-3 (process) T pressed (event scan_code=20 name=t) - template reset
17:50:54 INFO Thread-1 T-snapshot #13 saved: red=1 roi=t013_175054_score=1_blob=1_red=1_asp=1.0.png ctx=t013_175054_context.png
17:50:54 DEBUG Thread-1 scan t_age=0.04 score=1/30 red_total=1 blob=1 aspect=1.00 fg='Star Citizen ' sc=True A=True B=False playing=True
17:50:55 INFO Thread-3 (process) T pressed (event scan_code=20 name=t) - template reset
17:50:55 INFO Thread-3 (process) T pressed (event scan_code=20 name=t) - template reset
17:50:56 INFO Thread-1 T-snapshot #14 saved: red=9 roi=t014_175056_score=9_blob=2_red=9_asp=2.0.png ctx=t014_175056_context.png
17:50:56 DEBUG Thread-1 scan t_age=0.95 score=9/30 red_total=9 blob=2 aspect=2.00 fg='Star Citizen ' sc=True A=True B=False playing=True
17:50:58 DEBUG Thread-1 scan t_age=3.03 score=35/30 red_total=226 blob=61 aspect=61.00 fg='Star Citizen ' sc=True A=False B=True playing=True
17:50:59 INFO Thread-3 (process) T pressed (event scan_code=20 name=t) - template reset
17:51:00 INFO Thread-1 T-snapshot #15 saved: red=51 roi=t015_175100_score=51_blob=16_red=66_asp=15.0.png ctx=t015_175100_context.png
17:51:00 DEBUG Thread-1 scan t_age=0.91 score=51/30 red_total=66 blob=16 aspect=15.00 fg='Star Citizen ' sc=True A=True B=True playing=True
17:51:02 DEBUG Thread-1 scan t_age=2.99 score=25/30 red_total=25 blob=10 aspect=10.00 fg='Star Citizen ' sc=True A=False B=False playing=True
17:51:04 DEBUG Thread-1 scan t_age=5.04 score=66/30 red_total=102 blob=36 aspect=36.00 fg='Star Citizen ' sc=True A=False B=True playing=True
17:51:06 DEBUG Thread-1 scan t_age=7.07 score=5/30 red_total=58 blob=20 aspect=20.00 fg='Star Citizen ' sc=True A=False B=False playing=True
17:51:08 DEBUG Thread-1 scan t_age=9.11 score=20/30 red_total=57 blob=37 aspect=37.00 fg='Star Citizen ' sc=True A=False B=False playing=True
17:51:10 DEBUG Thread-1 scan t_age=11.15 score=1/30 red_total=61 blob=39 aspect=39.00 fg='Star Citizen ' sc=True A=False B=False playing=True
17:51:12 DEBUG Thread-1 scan t_age=13.18 score=21/30 red_total=58 blob=37 aspect=37.00 fg='Star Citizen ' sc=True A=False B=False playing=True
17:51:14 DEBUG Thread-1 scan t_age=15.22 score=0/30 red_total=57 blob=20 aspect=20.00 fg='SC Lock Radio' sc=False A=False B=False playing=False
17:51:16 DEBUG Thread-1 scan t_age=17.25 score=0/42 red_total=60 blob=40 aspect=40.00 fg='SC Lock Radio' sc=False A=False B=False playing=False
17:51:19 DEBUG Thread-1 scan t_age=19.29 score=15/47 red_total=45 blob=19 aspect=19.00 fg='Star Citizen ' sc=True A=False B=False playing=False
17:51:20 INFO Thread-3 (process) T pressed (event scan_code=20 name=t) - template reset
17:51:21 INFO Thread-1 T-snapshot #16 saved: red=5 roi=t016_175121_score=5_blob=78_red=115_asp=78.0.png ctx=t016_175121_context.png
17:51:21 DEBUG Thread-1 scan t_age=0.55 score=5/47 red_total=115 blob=78 aspect=78.00 fg='Star Citizen ' sc=True A=True B=False playing=False
17:51:23 DEBUG Thread-1 scan t_age=2.64 score=58/47 red_total=119 blob=18 aspect=18.00 fg='Star Citizen ' sc=True A=False B=True playing=False
17:51:25 DEBUG Thread-1 scan t_age=4.68 score=0/47 red_total=0 blob=0 aspect=0.00 fg='Star Citizen ' sc=True A=False B=False playing=False
17:51:27 DEBUG Thread-1 scan t_age=6.72 score=44/47 red_total=44 blob=3 aspect=3.00 fg='Star Citizen ' sc=True A=False B=False playing=False
17:51:29 DEBUG Thread-1 scan t_age=8.76 score=0/47 red_total=0 blob=0 aspect=0.00 fg='Star Citizen ' sc=True A=False B=False playing=False
17:51:30 INFO Thread-3 (process) T pressed (event scan_code=20 name=t) - template reset
17:51:30 INFO Thread-3 (process) T pressed (event scan_code=20 name=t) - template reset
17:51:31 INFO Thread-1 T-snapshot #17 saved: red=9 roi=t017_175131_score=9_blob=8_red=9_asp=1.0.png ctx=t017_175131_context.png
17:51:31 DEBUG Thread-1 scan t_age=0.61 score=9/47 red_total=9 blob=8 aspect=1.00 fg='Star Citizen ' sc=True A=True B=False playing=False
17:51:31 INFO Thread-3 (process) T pressed (event scan_code=20 name=t) - template reset
17:51:33 INFO Thread-1 T-snapshot #18 saved: red=363 roi=t018_175133_score=363_blob=30_red=363_asp=8.0.png ctx=t018_175133_context.png
17:51:33 DEBUG Thread-1 scan t_age=1.82 score=363/47 red_total=363 blob=30 aspect=8.00 fg='Star Citizen ' sc=True A=True B=True playing=False
17:51:33 INFO Thread-1 LOCK TRIGGER: starting music
17:51:33 INFO Thread-1 Music started: NA - P.O.D. - Youth of the Nation (Official Music Video) [HD]
17:51:35 DEBUG Thread-1 scan t_age=3.92 score=60/47 red_total=60 blob=7 aspect=4.00 fg='Star Citizen ' sc=True A=False B=True playing=True
17:51:37 DEBUG Thread-1 scan t_age=5.96 score=57/47 red_total=72 blob=19 aspect=15.00 fg='Star Citizen ' sc=True A=False B=True playing=True
17:51:39 DEBUG Thread-1 scan t_age=8.00 score=0/47 red_total=0 blob=0 aspect=0.00 fg='Star Citizen ' sc=True A=False B=False playing=True
17:51:41 DEBUG Thread-1 scan t_age=10.04 score=0/47 red_total=0 blob=0 aspect=0.00 fg='Star Citizen ' sc=True A=False B=False playing=True
17:51:43 DEBUG Thread-1 scan t_age=12.07 score=0/47 red_total=0 blob=0 aspect=0.00 fg='SC Lock Radio' sc=False A=False B=False playing=True
17:51:44 INFO Thread-3 (process) T pressed (event scan_code=20 name=t) - template reset
17:51:45 INFO Thread-3 (process) T pressed (event scan_code=20 name=t) - template reset
17:51:45 INFO Thread-3 (process) T pressed (event scan_code=20 name=t) - template reset
17:51:45 INFO Thread-1 T-snapshot #19 saved: red=0 roi=t019_175145_score=0_blob=0_red=0_asp=0.0.png ctx=t019_175145_context.png
17:51:45 INFO Thread-3 (process) T pressed (event scan_code=20 name=t) - template reset
17:51:46 INFO Thread-3 (process) T pressed (event scan_code=20 name=t) - template reset
17:51:47 INFO Thread-3 (process) T pressed (event scan_code=20 name=T) - template reset
17:51:47 INFO Thread-1 T-snapshot #20 saved: red=0 roi=t020_175147_score=0_blob=0_red=0_asp=0.0.png ctx=t020_175147_context.png
17:51:51 INFO Thread-3 (process) T pressed (event scan_code=20 name=t) - template reset
17:51:51 INFO Thread-3 (process) T pressed (event scan_code=20 name=t) - template reset
17:51:51 INFO Thread-1 T-snapshot #21 saved: red=33 roi=t021_175151_score=33_blob=26_red=33_asp=1.1.png ctx=t021_175151_context.png
17:52:20 INFO Thread-3 (process) T pressed (event scan_code=20 name=t) - template reset
17:52:22 INFO Thread-1 T-snapshot #22 saved: red=1 roi=t022_175222_score=1_blob=1_red=1_asp=1.0.png ctx=t022_175222_context.png
17:52:24 INFO Thread-3 (process) T pressed (event scan_code=20 name=t) - template reset
17:52:24 INFO Thread-1 T-snapshot #23 saved: red=0 roi=t023_175224_score=0_blob=0_red=0_asp=0.0.png ctx=t023_175224_context.png
17:52:25 INFO Thread-3 (process) T pressed (event scan_code=20 name=T) - template reset
17:52:26 INFO Thread-1 T-snapshot #24 saved: red=0 roi=t024_175226_score=0_blob=0_red=0_asp=0.0.png ctx=t024_175226_context.png
17:52:28 INFO Thread-3 (process) T pressed (event scan_code=20 name=t) - template reset
17:52:28 INFO Thread-1 T-snapshot #25 saved: red=1 roi=t025_175228_score=1_blob=1_red=1_asp=1.0.png ctx=t025_175228_context.png
17:52:28 INFO Thread-3 (process) T pressed (event scan_code=20 name=t) - template reset
17:52:29 INFO Thread-3 (process) T pressed (event scan_code=20 name=t) - template reset
17:52:30 INFO Thread-1 T-snapshot #26 saved: red=0 roi=t026_175230_score=0_blob=0_red=0_asp=0.0.png ctx=t026_175230_context.png
17:52:35 INFO Thread-3 (process) T pressed (event scan_code=20 name=t) - template reset
17:52:36 INFO Thread-1 T-snapshot #27 saved: red=1 roi=t027_175236_score=1_blob=1_red=1_asp=1.0.png ctx=t027_175236_context.png
17:54:30 DEBUG Thread-1 scan t_age=115.49 score=13/47 red_total=13 blob=5 aspect=1.00 fg='SC Lock Radio' sc=False A=False B=False playing=False
17:54:31 INFO MainThread === mainloop exited normally ===
17:54:31 INFO MainThread --- process exiting cleanly via atexit ---
17:55:38 INFO MainThread ================================================================
17:55:38 INFO MainThread SC Lock Radio module imported. pid=22424 python=3.12.4
17:55:38 INFO MainThread Script=c:\Users\Duke\Downloads\SCLockRadio\SCLockRadio.py
17:55:38 INFO MainThread === SC Lock Radio start. cwd=c:\Users\Duke\Downloads\SCLockRadio pid=22424 ===
17:55:38 INFO MainThread Running as admin: True
17:55:39 INFO Thread-1 Detector thread starting. Region={'left': 1152, 'top': 648, 'width': 256, 'height': 144} mon=(2560x1440)
17:55:39 INFO Thread-1 Keyboard hook installed for T
17:55:39 DEBUG Thread-1 scan t_age=None score=0/47 red_total=0 blob=0 aspect=0.00 fg='SC Lock Radio' sc=False A=False B=False playing=False
17:55:41 DEBUG Thread-1 scan t_age=None score=0/47 red_total=0 blob=0 aspect=0.00 fg='Star Citizen ' sc=True A=False B=False playing=False
17:55:43 DEBUG Thread-1 scan t_age=None score=35/47 red_total=81 blob=30 aspect=30.00 fg='Star Citizen ' sc=True A=False B=False playing=False
17:55:44 INFO Thread-3 (process) T pressed (event scan_code=20 name=t) - template reset
17:55:45 INFO Thread-1 T-snapshot #1 saved: red=36 roi=t001_175545_score=36_blob=3_red=36_asp=2.0.png ctx=t001_175545_context.png
17:55:45 DEBUG Thread-1 scan t_age=1.24 score=36/47 red_total=36 blob=3 aspect=2.00 fg='Star Citizen ' sc=True A=True B=False playing=False
17:55:47 DEBUG Thread-1 scan t_age=3.34 score=239/47 red_total=250 blob=19 aspect=11.00 fg='Star Citizen ' sc=True A=True B=True playing=False
17:55:47 INFO Thread-1 LOCK TRIGGER: starting music
17:55:47 INFO Thread-1 Music started: Scar Symmetry, Scar Symmetry, Scar Symmetry - Ghost Prototype I - Measurement of Thought
17:55:49 DEBUG Thread-1 scan t_age=5.40 score=22/47 red_total=22 blob=3 aspect=3.00 fg='Star Citizen ' sc=True A=True B=False playing=True
17:55:51 DEBUG Thread-1 scan t_age=7.44 score=2/47 red_total=2 blob=1 aspect=1.00 fg='Star Citizen ' sc=True A=True B=False playing=True
17:55:54 DEBUG Thread-1 scan t_age=9.48 score=7/47 red_total=27 blob=20 aspect=20.00 fg='Star Citizen ' sc=True A=True B=False playing=True
17:55:56 DEBUG Thread-1 scan t_age=11.52 score=0/47 red_total=0 blob=0 aspect=0.00 fg='Star Citizen ' sc=True A=True B=False playing=True
17:55:58 DEBUG Thread-1 scan t_age=13.56 score=0/47 red_total=0 blob=0 aspect=0.00 fg='Star Citizen ' sc=True A=True B=False playing=False
17:56:00 DEBUG Thread-1 scan t_age=15.60 score=81/47 red_total=81 blob=6 aspect=5.00 fg='Star Citizen ' sc=True A=True B=True playing=False
17:56:00 INFO Thread-1 LOCK TRIGGER: starting music
17:56:00 INFO Thread-1 Music started: Scar Symmetry, Scar Symmetry, Scar Symmetry - Ghost Prototype I - Measurement of Thought
17:56:02 DEBUG Thread-1 scan t_age=17.65 score=28/47 red_total=82 blob=54 aspect=54.00 fg='Star Citizen ' sc=True A=True B=False playing=True
17:56:04 DEBUG Thread-1 scan t_age=19.68 score=64/47 red_total=207 blob=118 aspect=118.00 fg='Star Citizen ' sc=True A=True B=True playing=True
17:56:06 INFO Thread-3 (process) T pressed (event scan_code=20 name=t) - template reset
17:56:08 INFO Thread-3 (process) T pressed (event scan_code=20 name=t) - template reset
17:56:08 INFO Thread-1 T-snapshot #2 saved: red=24 roi=t002_175608_score=24_blob=30_red=54_asp=30.0.png ctx=t002_175608_context.png
17:56:09 INFO Thread-3 (process) T pressed (event scan_code=20 name=t) - template reset
17:56:10 INFO Thread-1 T-snapshot #3 saved: red=26 roi=t003_175610_score=26_blob=8_red=26_asp=8.0.png ctx=t003_175610_context.png
17:56:11 INFO Thread-3 (process) T pressed (event scan_code=20 name=t) - template reset
17:56:12 INFO Thread-1 T-snapshot #4 saved: red=49 roi=t004_175612_score=49_blob=32_red=177_asp=32.0.png ctx=t004_175612_context.png
17:56:13 INFO Thread-3 (process) T pressed (event scan_code=20 name=t) - template reset
17:56:13 INFO Thread-3 (process) T pressed (event scan_code=20 name=t) - template reset
17:56:14 INFO Thread-3 (process) T pressed (event scan_code=20 name=T) - template reset
17:56:14 INFO Thread-1 T-snapshot #5 saved: red=5 roi=t005_175614_score=5_blob=42_red=47_asp=42.0.png ctx=t005_175614_context.png
17:56:15 INFO Thread-3 (process) T pressed (event scan_code=20 name=t) - template reset
17:56:16 INFO Thread-1 T-snapshot #6 saved: red=51 roi=t006_175616_score=51_blob=51_red=147_asp=20.0.png ctx=t006_175616_context.png
17:56:43 INFO Thread-3 (process) T pressed (event scan_code=20 name=t) - template reset
17:56:43 INFO Thread-3 (process) T pressed (event scan_code=20 name=t) - template reset
17:56:44 INFO Thread-3 (process) T pressed (event scan_code=20 name=t) - template reset
17:56:44 INFO Thread-3 (process) T pressed (event scan_code=20 name=t) - template reset
17:56:45 INFO Thread-1 T-snapshot #7 saved: red=54 roi=t007_175645_score=54_blob=45_red=99_asp=45.0.png ctx=t007_175645_context.png
17:56:46 INFO Thread-3 (process) T pressed (event scan_code=20 name=t) - template reset
17:56:46 INFO Thread-3 (process) T pressed (event scan_code=20 name=t) - template reset
17:56:47 INFO Thread-3 (process) T pressed (event scan_code=20 name=t) - template reset
17:56:47 INFO Thread-1 T-snapshot #8 saved: red=15 roi=t008_175647_score=15_blob=44_red=59_asp=44.0.png ctx=t008_175647_context.png
17:56:48 INFO Thread-3 (process) T pressed (event scan_code=20 name=t) - template reset
17:56:48 INFO Thread-3 (process) T pressed (event scan_code=20 name=t) - template reset
17:56:48 INFO Thread-3 (process) T pressed (event scan_code=20 name=t) - template reset
17:56:49 INFO Thread-1 T-snapshot #9 saved: red=15 roi=t009_175649_score=15_blob=12_red=27_asp=12.0.png ctx=t009_175649_context.png
17:56:51 INFO Thread-3 (process) T pressed (event scan_code=20 name=t) - template reset
17:56:53 INFO Thread-1 T-snapshot #10 saved: red=0 roi=t010_175653_score=0_blob=11_red=11_asp=11.0.png ctx=t010_175653_context.png
17:58:04 INFO MainThread === mainloop exited normally ===
17:58:04 INFO MainThread --- process exiting cleanly via atexit ---
17:58:12 INFO MainThread ================================================================
17:58:12 INFO MainThread SC Lock Radio module imported. pid=20968 python=3.12.4
17:58:12 INFO MainThread Script=c:\Users\Duke\Downloads\SCLockRadio\SCLockRadio.py
17:58:12 INFO MainThread === SC Lock Radio start. cwd=c:\Users\Duke\Downloads\SCLockRadio pid=20968 ===
17:58:12 INFO MainThread Running as admin: True
17:58:14 INFO Thread-1 Detector thread starting. Region={'left': 1152, 'top': 648, 'width': 256, 'height': 144} mon=(2560x1440)
17:58:14 INFO Thread-1 Keyboard hook installed for T
17:58:14 DEBUG Thread-1 scan t_age=None score=16/47 red_total=31 blob=15 aspect=15.00 fg='SC Lock Radio' sc=False A=False B=False playing=False
17:58:16 DEBUG Thread-1 scan t_age=None score=6/47 red_total=6 blob=2 aspect=2.00 fg='Star Citizen ' sc=True A=False B=False playing=False
17:58:18 DEBUG Thread-1 scan t_age=None score=13/47 red_total=13 blob=9 aspect=9.00 fg='Star Citizen ' sc=True A=False B=False playing=False
17:58:20 DEBUG Thread-1 scan t_age=None score=44/47 red_total=44 blob=8 aspect=4.00 fg='Star Citizen ' sc=True A=False B=False playing=False
17:58:20 INFO Thread-3 (process) T pressed (event scan_code=20 name=t) - template reset
17:58:22 INFO Thread-1 T-snapshot #1 saved: red=15 roi=t001_175822_score=15_blob=11_red=15_asp=1.0.png ctx=t001_175822_context.png
17:58:22 DEBUG Thread-1 scan t_age=1.89 score=15/47 red_total=15 blob=11 aspect=1.00 fg='Star Citizen ' sc=True A=True B=False playing=False
17:58:24 DEBUG Thread-1 scan t_age=3.99 score=2/47 red_total=2 blob=2 aspect=1.00 fg='Star Citizen ' sc=True A=True B=False playing=False
17:58:26 DEBUG Thread-1 scan t_age=6.02 score=7/47 red_total=7 blob=6 aspect=1.00 fg='Star Citizen ' sc=True A=True B=False playing=False
17:58:28 DEBUG Thread-1 scan t_age=8.06 score=0/47 red_total=0 blob=0 aspect=0.00 fg='Star Citizen ' sc=True A=True B=False playing=False
17:58:30 DEBUG Thread-1 scan t_age=10.10 score=24/47 red_total=24 blob=10 aspect=2.00 fg='Star Citizen ' sc=True A=True B=False playing=False
17:58:30 INFO Thread-3 (process) T pressed (event scan_code=20 name=t) - template reset
17:58:33 INFO Thread-1 T-snapshot #2 saved: red=167 roi=t002_175832_score=167_blob=22_red=178_asp=11.0.png ctx=t002_175832_context.png
17:58:33 DEBUG Thread-1 scan t_age=1.98 score=167/47 red_total=178 blob=22 aspect=11.00 fg='Star Citizen ' sc=True A=True B=True playing=False
17:58:33 INFO Thread-1 LOCK TRIGGER: starting music
17:58:33 INFO Thread-1 Music started: NA - Limp Bizkit - Break Stuff (Official Music Video)
17:58:35 DEBUG Thread-1 scan t_age=4.08 score=33/47 red_total=33 blob=5 aspect=4.00 fg='Star Citizen ' sc=True A=True B=False playing=True
17:58:37 DEBUG Thread-1 scan t_age=6.11 score=171/47 red_total=171 blob=12 aspect=9.00 fg='SC Lock Radio' sc=False A=True B=False playing=True
17:58:39 DEBUG Thread-1 scan t_age=8.16 score=0/47 red_total=0 blob=0 aspect=0.00 fg='Star Citizen ' sc=True A=True B=False playing=True
17:58:41 DEBUG Thread-1 scan t_age=10.20 score=0/47 red_total=0 blob=0 aspect=0.00 fg='Star Citizen ' sc=True A=True B=False playing=True
17:58:41 INFO Thread-1 Lock-lost timeout reached (5s): music stopped, T invalidated
17:58:43 DEBUG Thread-1 scan t_age=None score=0/47 red_total=0 blob=0 aspect=0.00 fg='Star Citizen ' sc=True A=False B=False playing=False
17:58:45 DEBUG Thread-1 scan t_age=None score=1/47 red_total=1 blob=1 aspect=1.00 fg='Star Citizen ' sc=True A=False B=False playing=False
17:58:47 DEBUG Thread-1 scan t_age=None score=1/47 red_total=1 blob=1 aspect=1.00 fg='Star Citizen ' sc=True A=False B=False playing=False
17:58:49 DEBUG Thread-1 scan t_age=None score=0/47 red_total=0 blob=0 aspect=0.00 fg='Star Citizen ' sc=True A=False B=False playing=False
17:58:51 DEBUG Thread-1 scan t_age=None score=1/47 red_total=1 blob=1 aspect=1.00 fg='Star Citizen ' sc=True A=False B=False playing=False
17:58:53 DEBUG Thread-1 scan t_age=None score=1/47 red_total=1 blob=1 aspect=1.00 fg='Star Citizen ' sc=True A=False B=False playing=False
17:58:54 INFO Thread-3 (process) T pressed (event scan_code=20 name=t) - template reset
17:58:55 INFO Thread-1 T-snapshot #3 saved: red=0 roi=t003_175855_score=0_blob=0_red=0_asp=0.0.png ctx=t003_175855_context.png
17:58:55 DEBUG Thread-1 scan t_age=0.73 score=0/47 red_total=0 blob=0 aspect=0.00 fg='Star Citizen ' sc=True A=True B=False playing=False
17:58:57 DEBUG Thread-1 scan t_age=2.81 score=22/47 red_total=22 blob=2 aspect=2.00 fg='Star Citizen ' sc=True A=True B=False playing=False
17:58:59 DEBUG Thread-1 scan t_age=4.85 score=19/47 red_total=19 blob=2 aspect=2.00 fg='Star Citizen ' sc=True A=True B=False playing=False
17:59:01 DEBUG Thread-1 scan t_age=6.89 score=17/47 red_total=17 blob=6 aspect=1.50 fg='Star Citizen ' sc=True A=True B=False playing=False
17:59:03 DEBUG Thread-1 scan t_age=8.94 score=8/47 red_total=8 blob=1 aspect=1.00 fg='Star Citizen ' sc=True A=True B=False playing=False
17:59:05 INFO Thread-3 (process) T pressed (event scan_code=20 name=t) - template reset
17:59:05 INFO Thread-1 T-snapshot #4 saved: red=22 roi=t004_175905_score=22_blob=17_red=22_asp=1.4.png ctx=t004_175905_context.png
17:59:05 DEBUG Thread-1 scan t_age=0.68 score=22/47 red_total=22 blob=17 aspect=1.44 fg='Star Citizen ' sc=True A=True B=False playing=False
17:59:07 DEBUG Thread-1 scan t_age=2.76 score=3/47 red_total=3 blob=1 aspect=1.00 fg='Star Citizen ' sc=True A=True B=False playing=False
17:59:09 DEBUG Thread-1 scan t_age=4.80 score=0/47 red_total=0 blob=0 aspect=0.00 fg='Star Citizen ' sc=True A=True B=False playing=False
17:59:11 DEBUG Thread-1 scan t_age=6.83 score=0/47 red_total=0 blob=0 aspect=0.00 fg='Star Citizen ' sc=True A=True B=False playing=False
17:59:13 INFO Thread-3 (process) T pressed (event scan_code=20 name=t) - template reset
17:59:13 INFO Thread-1 T-snapshot #5 saved: red=0 roi=t005_175913_score=0_blob=0_red=0_asp=0.0.png ctx=t005_175913_context.png
17:59:13 DEBUG Thread-1 scan t_age=0.59 score=0/47 red_total=0 blob=0 aspect=0.00 fg='Star Citizen ' sc=True A=True B=False playing=False
17:59:15 DEBUG Thread-1 scan t_age=2.68 score=0/47 red_total=0 blob=0 aspect=0.00 fg='SC Lock Radio' sc=False A=True B=False playing=False
17:59:17 INFO Thread-3 (process) T pressed (event scan_code=20 name=t) - template reset
17:59:18 INFO Thread-1 T-snapshot #6 saved: red=0 roi=t006_175918_score=0_blob=0_red=0_asp=0.0.png ctx=t006_175918_context.png
17:59:18 INFO Thread-3 (process) T pressed (event scan_code=20 name=t) - template reset
17:59:20 INFO Thread-1 T-snapshot #7 saved: red=0 roi=t007_175920_score=0_blob=0_red=0_asp=0.0.png ctx=t007_175920_context.png
17:59:24 INFO Thread-3 (process) T pressed (event scan_code=20 name=t) - template reset
17:59:24 INFO Thread-3 (process) T pressed (event scan_code=20 name=t) - template reset
17:59:25 INFO Thread-3 (process) T pressed (event scan_code=20 name=t) - template reset
17:59:25 INFO Thread-3 (process) T pressed (event scan_code=20 name=t) - template reset
17:59:26 INFO Thread-1 T-snapshot #8 saved: red=0 roi=t008_175926_score=0_blob=0_red=0_asp=0.0.png ctx=t008_175926_context.png
17:59:28 INFO Thread-3 (process) T pressed (event scan_code=20 name=t) - template reset
17:59:29 INFO Thread-3 (process) T pressed (event scan_code=20 name=t) - template reset
17:59:29 INFO Thread-3 (process) T pressed (event scan_code=20 name=t) - template reset
17:59:30 INFO Thread-3 (process) T pressed (event scan_code=20 name=t) - template reset
17:59:30 INFO Thread-1 T-snapshot #9 saved: red=0 roi=t009_175930_score=0_blob=0_red=0_asp=0.0.png ctx=t009_175930_context.png
17:59:31 INFO Thread-3 (process) T pressed (event scan_code=20 name=t) - template reset
17:59:31 INFO Thread-3 (process) T pressed (event scan_code=20 name=t) - template reset
17:59:32 INFO Thread-1 T-snapshot #10 saved: red=0 roi=t010_175932_score=0_blob=0_red=0_asp=0.0.png ctx=t010_175932_context.png
17:59:43 INFO Thread-3 (process) T pressed (event scan_code=20 name=t) - template reset
17:59:44 INFO Thread-1 T-snapshot #11 saved: red=3 roi=t011_175944_score=3_blob=2_red=3_asp=2.0.png ctx=t011_175944_context.png
17:59:44 DEBUG Thread-1 scan t_age=0.77 score=3/47 red_total=3 blob=2 aspect=2.00 fg='Star Citizen ' sc=True A=True B=False playing=False
17:59:46 DEBUG Thread-1 scan t_age=2.86 score=21/47 red_total=21 blob=3 aspect=2.00 fg='Star Citizen ' sc=True A=True B=False playing=False
17:59:48 DEBUG Thread-1 scan t_age=4.90 score=0/47 red_total=0 blob=0 aspect=0.00 fg='Star Citizen ' sc=True A=True B=False playing=False
17:59:50 INFO Thread-3 (process) T pressed (event scan_code=20 name=t) - template reset
17:59:50 INFO Thread-1 T-snapshot #12 saved: red=33 roi=t012_175950_score=33_blob=6_red=33_asp=3.0.png ctx=t012_175950_context.png
17:59:50 DEBUG Thread-1 scan t_age=0.35 score=33/47 red_total=33 blob=6 aspect=3.00 fg='Star Citizen ' sc=True A=True B=False playing=False
17:59:51 INFO Thread-3 (process) T pressed (event scan_code=20 name=t) - template reset
17:59:52 INFO Thread-1 T-snapshot #13 saved: red=101 roi=t013_175952_score=101_blob=36_red=137_asp=36.0.png ctx=t013_175952_context.png
17:59:52 DEBUG Thread-1 scan t_age=1.85 score=101/47 red_total=137 blob=36 aspect=36.00 fg='Star Citizen ' sc=True A=True B=True playing=False
17:59:52 INFO Thread-1 LOCK TRIGGER: starting music
17:59:53 INFO Thread-1 Music started: NA - Limp Bizkit - Break Stuff (Official Music Video)
17:59:55 DEBUG Thread-1 scan t_age=3.95 score=77/47 red_total=77 blob=8 aspect=5.00 fg='Star Citizen ' sc=True A=True B=True playing=True
17:59:55 INFO Thread-3 (process) T pressed (event scan_code=20 name=t) - template reset
17:59:57 INFO Thread-1 T-snapshot #14 saved: red=13 roi=t014_175957_score=13_blob=10_red=13_asp=1.0.png ctx=t014_175957_context.png
17:59:57 DEBUG Thread-1 scan t_age=1.24 score=13/47 red_total=13 blob=10 aspect=1.00 fg='Star Citizen ' sc=True A=True B=False playing=True
17:59:59 DEBUG Thread-1 scan t_age=3.32 score=56/47 red_total=98 blob=24 aspect=24.00 fg='Star Citizen ' sc=True A=True B=True playing=True
18:00:01 DEBUG Thread-1 scan t_age=5.36 score=22/47 red_total=22 blob=10 aspect=1.00 fg='Star Citizen ' sc=True A=True B=False playing=True
18:00:03 DEBUG Thread-1 scan t_age=7.41 score=33/47 red_total=33 blob=11 aspect=2.00 fg='Star Citizen ' sc=True A=True B=False playing=True
18:00:05 DEBUG Thread-1 scan t_age=9.45 score=0/47 red_total=0 blob=0 aspect=0.00 fg='Star Citizen ' sc=True A=True B=False playing=True
18:00:07 DEBUG Thread-1 scan t_age=11.48 score=0/47 red_total=0 blob=0 aspect=0.00 fg='Star Citizen ' sc=True A=True B=False playing=True
18:00:07 INFO Thread-1 Lock-lost timeout reached (5s): music stopped, T invalidated
18:00:08 INFO Thread-3 (process) T pressed (event scan_code=20 name=t) - template reset
18:00:09 INFO Thread-1 T-snapshot #15 saved: red=15 roi=t015_180009_score=15_blob=5_red=15_asp=5.0.png ctx=t015_180009_context.png
18:00:09 DEBUG Thread-1 scan t_age=1.17 score=15/47 red_total=15 blob=5 aspect=5.00 fg='Star Citizen ' sc=True A=True B=False playing=False
18:00:11 DEBUG Thread-1 scan t_age=3.25 score=7/47 red_total=7 blob=1 aspect=1.00 fg='Star Citizen ' sc=True A=True B=False playing=False
18:00:13 DEBUG Thread-1 scan t_age=5.29 score=7/47 red_total=7 blob=1 aspect=1.00 fg='Star Citizen ' sc=True A=True B=False playing=False
18:00:15 DEBUG Thread-1 scan t_age=7.32 score=14/47 red_total=14 blob=2 aspect=2.00 fg='Star Citizen ' sc=True A=True B=False playing=False
18:00:17 DEBUG Thread-1 scan t_age=9.36 score=58/47 red_total=58 blob=6 aspect=6.00 fg='Star Citizen ' sc=True A=True B=True playing=False
18:00:17 INFO Thread-1 LOCK TRIGGER: starting music
18:00:17 INFO Thread-1 Music started: NA - Limp Bizkit - Break Stuff (Official Music Video)
18:00:19 DEBUG Thread-1 scan t_age=11.41 score=14/47 red_total=14 blob=2 aspect=2.00 fg='Star Citizen ' sc=True A=True B=False playing=True
18:00:25 DEBUG Thread-1 scan t_age=17.52 score=0/47 red_total=0 blob=0 aspect=0.00 fg='SC Lock Radio' sc=False A=True B=False playing=True
18:00:25 INFO Thread-1 Lock-lost timeout reached (5s): music stopped, T invalidated
18:00:27 DEBUG Thread-1 scan t_age=None score=0/28 red_total=0 blob=0 aspect=0.00 fg='SC Lock Radio' sc=False A=False B=False playing=False
18:00:29 DEBUG Thread-1 scan t_age=None score=0/26 red_total=0 blob=0 aspect=0.00 fg='SC Lock Radio' sc=False A=False B=False playing=False
18:00:31 DEBUG Thread-1 scan t_age=None score=0/19 red_total=0 blob=0 aspect=0.00 fg='SC Lock Radio' sc=False A=False B=False playing=False
18:00:33 DEBUG Thread-1 scan t_age=None score=0/14 red_total=0 blob=0 aspect=0.00 fg='SC Lock Radio' sc=False A=False B=False playing=False
18:00:35 DEBUG Thread-1 scan t_age=None score=0/14 red_total=0 blob=0 aspect=0.00 fg='Star Citizen ' sc=True A=False B=False playing=False
18:00:36 INFO Thread-3 (process) T pressed (event scan_code=20 name=t) - template reset
18:00:37 INFO Thread-1 T-snapshot #16 saved: red=2 roi=t016_180037_score=2_blob=1_red=2_asp=1.0.png ctx=t016_180037_context.png
18:00:37 DEBUG Thread-1 scan t_age=1.79 score=2/14 red_total=2 blob=1 aspect=1.00 fg='Star Citizen ' sc=True A=True B=False playing=False
18:00:40 DEBUG Thread-1 scan t_age=3.89 score=0/14 red_total=0 blob=0 aspect=0.00 fg='Star Citizen ' sc=True A=True B=False playing=False
18:00:42 DEBUG Thread-1 scan t_age=5.92 score=0/14 red_total=0 blob=0 aspect=0.00 fg='Star Citizen ' sc=True A=True B=False playing=False
18:00:44 DEBUG Thread-1 scan t_age=7.96 score=21/14 red_total=21 blob=1 aspect=1.00 fg='Star Citizen ' sc=True A=True B=True playing=False
18:00:44 INFO Thread-1 LOCK TRIGGER: starting music
18:00:44 INFO Thread-1 Music started: NA - Limp Bizkit - Break Stuff (Official Music Video)
18:00:46 DEBUG Thread-1 scan t_age=10.01 score=0/14 red_total=0 blob=0 aspect=0.00 fg='Star Citizen ' sc=True A=True B=False playing=True
18:00:48 DEBUG Thread-1 scan t_age=12.06 score=8/14 red_total=8 blob=1 aspect=1.00 fg='Star Citizen ' sc=True A=True B=False playing=True
18:00:50 DEBUG Thread-1 scan t_age=14.09 score=0/14 red_total=0 blob=0 aspect=0.00 fg='Star Citizen ' sc=True A=True B=False playing=True
18:00:52 DEBUG Thread-1 scan t_age=16.13 score=1/14 red_total=1 blob=1 aspect=1.00 fg='Star Citizen ' sc=True A=True B=False playing=True
18:00:52 INFO Thread-1 Lock-lost timeout reached (5s): music stopped, T invalidated
18:00:54 DEBUG Thread-1 scan t_age=None score=2/14 red_total=2 blob=1 aspect=1.00 fg='Star Citizen ' sc=True A=False B=False playing=False
18:00:56 DEBUG Thread-1 scan t_age=None score=298/14 red_total=309 blob=13 aspect=11.00 fg='Star Citizen ' sc=True A=False B=True playing=False
18:00:58 DEBUG Thread-1 scan t_age=None score=0/14 red_total=0 blob=0 aspect=0.00 fg='Star Citizen ' sc=True A=False B=False playing=False
18:01:00 DEBUG Thread-1 scan t_age=None score=427/14 red_total=427 blob=19 aspect=8.00 fg='Star Citizen ' sc=True A=False B=True playing=False
18:01:02 DEBUG Thread-1 scan t_age=None score=459/14 red_total=459 blob=22 aspect=8.00 fg='Star Citizen ' sc=True A=False B=True playing=False
18:01:04 DEBUG Thread-1 scan t_age=None score=328/14 red_total=339 blob=12 aspect=11.00 fg='Star Citizen ' sc=True A=False B=True playing=False
18:01:05 INFO Thread-3 (process) T pressed (event scan_code=20 name=t) - template reset
18:01:06 INFO Thread-3 (process) T pressed (event scan_code=20 name=t) - template reset
18:01:06 INFO Thread-1 T-snapshot #17 saved: red=10 roi=t017_180106_score=10_blob=5_red=10_asp=1.5.png ctx=t017_180106_context.png
18:01:06 DEBUG Thread-1 scan t_age=0.78 score=10/14 red_total=10 blob=5 aspect=1.50 fg='Star Citizen ' sc=True A=True B=False playing=False
18:01:08 INFO Thread-1 T-snapshot #18 saved: red=45 roi=t018_180108_score=45_blob=52_red=154_asp=28.0.png ctx=t018_180108_context.png
18:01:08 DEBUG Thread-1 scan t_age=2.07 score=45/14 red_total=154 blob=52 aspect=28.00 fg='Star Citizen ' sc=True A=True B=True playing=False
18:01:08 INFO Thread-1 LOCK TRIGGER: starting music
18:01:08 INFO Thread-1 Music started: NA - Limp Bizkit - Break Stuff (Official Music Video)
18:01:10 DEBUG Thread-1 scan t_age=4.17 score=36/14 red_total=36 blob=19 aspect=6.00 fg='Star Citizen ' sc=True A=True B=True playing=True
18:01:12 DEBUG Thread-1 scan t_age=6.21 score=124/14 red_total=239 blob=90 aspect=41.50 fg='Star Citizen ' sc=True A=True B=True playing=True
18:01:14 DEBUG Thread-1 scan t_age=8.26 score=132/14 red_total=132 blob=9 aspect=9.00 fg='Star Citizen ' sc=True A=True B=True playing=True
18:01:16 DEBUG Thread-1 scan t_age=10.31 score=33/14 red_total=44 blob=11 aspect=11.00 fg='Star Citizen ' sc=True A=True B=True playing=True
18:01:18 DEBUG Thread-1 scan t_age=12.35 score=30/14 red_total=52 blob=22 aspect=22.00 fg='Star Citizen ' sc=True A=True B=True playing=True
18:01:21 DEBUG Thread-1 scan t_age=14.39 score=33/14 red_total=47 blob=14 aspect=14.00 fg='Star Citizen ' sc=True A=True B=True playing=True
18:01:23 DEBUG Thread-1 scan t_age=16.43 score=340/14 red_total=340 blob=17 aspect=10.00 fg='Star Citizen ' sc=True A=True B=True playing=True
18:01:25 DEBUG Thread-1 scan t_age=18.49 score=0/14 red_total=0 blob=0 aspect=0.00 fg='Star Citizen ' sc=True A=True B=False playing=True
18:01:27 DEBUG Thread-1 scan t_age=20.53 score=0/14 red_total=0 blob=0 aspect=0.00 fg='Star Citizen ' sc=True A=False B=False playing=True
18:01:29 DEBUG Thread-1 scan t_age=22.56 score=0/14 red_total=0 blob=0 aspect=0.00 fg='Star Citizen ' sc=True A=False B=False playing=True
18:01:31 DEBUG Thread-1 scan t_age=24.60 score=0/14 red_total=0 blob=0 aspect=0.00 fg='Star Citizen ' sc=True A=False B=False playing=True
18:01:31 INFO Thread-1 Lock-lost timeout reached (5s): music stopped, T invalidated
18:01:33 DEBUG Thread-1 scan t_age=None score=325/14 red_total=325 blob=13 aspect=6.00 fg='Star Citizen ' sc=True A=False B=True playing=False
18:01:33 INFO Thread-3 (process) T pressed (event scan_code=20 name=t) - template reset
18:01:34 INFO Thread-3 (process) T pressed (event scan_code=20 name=t) - template reset
18:01:35 INFO Thread-1 T-snapshot #19 saved: red=90 roi=t019_180135_score=90_blob=7_red=90_asp=6.0.png ctx=t019_180135_context.png
18:01:35 DEBUG Thread-1 scan t_age=1.01 score=90/14 red_total=90 blob=7 aspect=6.00 fg='Star Citizen ' sc=True A=True B=True playing=False
18:01:35 INFO Thread-1 LOCK TRIGGER: starting music
18:01:35 INFO Thread-1 Music started: NA - Limp Bizkit - Break Stuff (Official Music Video)
18:01:37 DEBUG Thread-1 scan t_age=3.10 score=27/14 red_total=40 blob=13 aspect=13.00 fg='Star Citizen ' sc=True A=True B=True playing=True
18:01:39 DEBUG Thread-1 scan t_age=5.15 score=18/14 red_total=61 blob=19 aspect=19.00 fg='Star Citizen ' sc=True A=True B=True playing=True
18:01:41 DEBUG Thread-1 scan t_age=7.19 score=0/14 red_total=0 blob=0 aspect=0.00 fg='Star Citizen ' sc=True A=True B=False playing=True
18:01:43 DEBUG Thread-1 scan t_age=9.22 score=0/14 red_total=0 blob=0 aspect=0.00 fg='Star Citizen ' sc=True A=True B=False playing=True
18:01:45 DEBUG Thread-1 scan t_age=11.26 score=0/14 red_total=0 blob=0 aspect=0.00 fg='Star Citizen ' sc=True A=True B=False playing=True
18:01:47 DEBUG Thread-1 scan t_age=13.29 score=0/14 red_total=0 blob=0 aspect=0.00 fg='Star Citizen ' sc=True A=True B=False playing=True
18:01:47 INFO Thread-1 Lock-lost timeout reached (5s): music stopped, T invalidated
18:01:48 INFO Thread-3 (process) T pressed (event scan_code=20 name=t) - template reset
18:01:49 INFO Thread-1 T-snapshot #20 saved: red=3 roi=t020_180149_score=3_blob=2_red=3_asp=2.0.png ctx=t020_180149_context.png
18:01:49 DEBUG Thread-1 scan t_age=0.73 score=3/14 red_total=3 blob=2 aspect=2.00 fg='Star Citizen ' sc=True A=True B=False playing=False
18:01:50 INFO Thread-3 (process) T pressed (event scan_code=20 name=t) - template reset
18:01:50 INFO Thread-3 (process) T pressed (event scan_code=20 name=t) - template reset
18:01:51 INFO Thread-1 T-snapshot #21 saved: red=1 roi=t021_180151_score=1_blob=1_red=1_asp=1.0.png ctx=t021_180151_context.png
18:01:51 DEBUG Thread-1 scan t_age=0.96 score=1/14 red_total=1 blob=1 aspect=1.00 fg='Star Citizen ' sc=True A=True B=False playing=False
18:01:53 INFO Thread-3 (process) T pressed (event scan_code=20 name=t) - template reset
18:01:53 INFO Thread-1 T-snapshot #22 saved: red=0 roi=t022_180153_score=0_blob=0_red=0_asp=0.0.png ctx=t022_180153_context.png
18:01:53 DEBUG Thread-1 scan t_age=0.45 score=0/14 red_total=0 blob=0 aspect=0.00 fg='Star Citizen ' sc=True A=True B=False playing=False
18:01:54 INFO Thread-3 (process) T pressed (event scan_code=20 name=t) - template reset
18:01:55 INFO Thread-1 T-snapshot #23 saved: red=0 roi=t023_180155_score=0_blob=0_red=0_asp=0.0.png ctx=t023_180155_context.png
18:01:55 DEBUG Thread-1 scan t_age=1.49 score=0/14 red_total=0 blob=0 aspect=0.00 fg='Star Citizen ' sc=True A=True B=False playing=False
18:01:57 DEBUG Thread-1 scan t_age=3.57 score=17/14 red_total=17 blob=10 aspect=10.00 fg='Star Citizen ' sc=True A=True B=True playing=False
18:01:57 INFO Thread-1 LOCK TRIGGER: starting music
18:01:57 INFO Thread-1 Music started: NA - Limp Bizkit - Break Stuff (Official Music Video)
18:02:00 DEBUG Thread-1 scan t_age=5.62 score=0/14 red_total=0 blob=0 aspect=0.00 fg='Star Citizen ' sc=True A=True B=False playing=True
18:02:02 DEBUG Thread-1 scan t_age=7.65 score=1/14 red_total=1 blob=1 aspect=1.00 fg='Star Citizen ' sc=True A=True B=False playing=True
18:02:04 DEBUG Thread-1 scan t_age=9.68 score=0/14 red_total=0 blob=0 aspect=0.00 fg='SC Lock Radio' sc=False A=True B=False playing=True
18:02:06 DEBUG Thread-1 scan t_age=11.72 score=0/25 red_total=0 blob=0 aspect=0.00 fg='SC Lock Radio' sc=False A=True B=False playing=True
18:02:06 INFO Thread-1 Lock-lost timeout reached (5s): music stopped, T invalidated
18:02:08 DEBUG Thread-1 scan t_age=None score=57/27 red_total=57 blob=19 aspect=6.00 fg='Star Citizen ' sc=True A=False B=True playing=False
18:02:09 INFO Thread-3 (process) T pressed (event scan_code=20 name=t) - template reset
18:02:10 INFO Thread-1 T-snapshot #24 saved: red=0 roi=t024_180210_score=0_blob=0_red=0_asp=0.0.png ctx=t024_180210_context.png
18:02:10 DEBUG Thread-1 scan t_age=0.68 score=0/27 red_total=0 blob=0 aspect=0.00 fg='Star Citizen ' sc=True A=True B=False playing=False
18:02:12 DEBUG Thread-1 scan t_age=2.77 score=0/27 red_total=0 blob=0 aspect=0.00 fg='Star Citizen ' sc=True A=True B=False playing=False
18:02:14 DEBUG Thread-1 scan t_age=4.81 score=0/27 red_total=0 blob=0 aspect=0.00 fg='Star Citizen ' sc=True A=True B=False playing=False
18:02:16 DEBUG Thread-1 scan t_age=6.85 score=0/27 red_total=0 blob=0 aspect=0.00 fg='Star Citizen ' sc=True A=True B=False playing=False
18:02:18 DEBUG Thread-1 scan t_age=8.89 score=315/27 red_total=342 blob=16 aspect=16.00 fg='Star Citizen ' sc=True A=True B=True playing=False
18:02:18 INFO Thread-1 LOCK TRIGGER: starting music
18:02:18 INFO Thread-1 Music started: NA - Limp Bizkit - Break Stuff (Official Music Video)
18:02:20 DEBUG Thread-1 scan t_age=10.95 score=10/27 red_total=10 blob=2 aspect=2.00 fg='Star Citizen ' sc=True A=True B=False playing=True
18:02:22 DEBUG Thread-1 scan t_age=12.98 score=0/27 red_total=0 blob=0 aspect=0.00 fg='Star Citizen ' sc=True A=True B=False playing=True
18:02:24 DEBUG Thread-1 scan t_age=15.02 score=1/27 red_total=1 blob=1 aspect=1.00 fg='Star Citizen ' sc=True A=True B=False playing=True
18:02:26 DEBUG Thread-1 scan t_age=17.05 score=0/27 red_total=0 blob=0 aspect=0.00 fg='Star Citizen ' sc=True A=True B=False playing=True
18:02:26 INFO Thread-1 Lock-lost timeout reached (5s): music stopped, T invalidated
18:02:28 DEBUG Thread-1 scan t_age=None score=20/27 red_total=20 blob=6 aspect=2.00 fg='Star Citizen ' sc=True A=False B=False playing=False
18:02:30 DEBUG Thread-1 scan t_age=None score=51/27 red_total=51 blob=6 aspect=6.00 fg='Star Citizen ' sc=True A=False B=True playing=False
18:02:31 INFO Thread-3 (process) T pressed (event scan_code=20 name=t) - template reset
18:02:32 INFO Thread-1 T-snapshot #25 saved: red=25 roi=t025_180232_score=25_blob=2_red=25_asp=2.0.png ctx=t025_180232_context.png
18:02:32 DEBUG Thread-1 scan t_age=0.82 score=25/27 red_total=25 blob=2 aspect=2.00 fg='Star Citizen ' sc=True A=True B=False playing=False
18:02:32 INFO Thread-3 (process) T pressed (event scan_code=20 name=t) - template reset
18:02:34 INFO Thread-1 T-snapshot #26 saved: red=72 roi=t026_180234_score=72_blob=6_red=72_asp=2.0.png ctx=t026_180234_context.png
18:02:34 DEBUG Thread-1 scan t_age=2.01 score=72/27 red_total=72 blob=6 aspect=2.00 fg='Star Citizen ' sc=True A=True B=True playing=False
18:02:34 INFO Thread-1 LOCK TRIGGER: starting music
18:02:34 INFO Thread-1 Music started: NA - Limp Bizkit - Break Stuff (Official Music Video)
18:02:36 DEBUG Thread-1 scan t_age=4.11 score=48/27 red_total=297 blob=161 aspect=161.00 fg='Star Citizen ' sc=True A=True B=True playing=True
18:02:38 DEBUG Thread-1 scan t_age=6.15 score=18/27 red_total=43 blob=25 aspect=11.50 fg='Star Citizen ' sc=True A=True B=False playing=True
18:02:40 DEBUG Thread-1 scan t_age=8.19 score=3/27 red_total=3 blob=1 aspect=1.00 fg='Star Citizen ' sc=True A=True B=False playing=True
18:02:42 DEBUG Thread-1 scan t_age=10.23 score=12/27 red_total=12 blob=1 aspect=1.00 fg='Star Citizen ' sc=True A=True B=False playing=True
18:02:45 DEBUG Thread-1 scan t_age=12.27 score=7/27 red_total=7 blob=1 aspect=1.00 fg='Star Citizen ' sc=True A=True B=False playing=True
18:02:45 INFO Thread-1 Lock-lost timeout reached (5s): music stopped, T invalidated
18:02:47 DEBUG Thread-1 scan t_age=None score=25/27 red_total=25 blob=10 aspect=3.00 fg='SC Lock Radio' sc=False A=False B=False playing=False
18:02:49 DEBUG Thread-1 scan t_age=None score=29/10 red_total=29 blob=18 aspect=3.00 fg='SC Lock Radio' sc=False A=False B=False playing=False
18:02:50 INFO Thread-4 Detector thread starting. Region={'left': 1152, 'top': 648, 'width': 256, 'height': 144} mon=(2560x1440)
18:02:50 INFO Thread-4 Keyboard hook installed for T
18:02:50 DEBUG Thread-4 scan t_age=None score=34/10 red_total=34 blob=11 aspect=4.00 fg='SC Lock Radio' sc=False A=False B=False playing=False
18:02:52 DEBUG Thread-4 scan t_age=None score=39/10 red_total=39 blob=12 aspect=4.00 fg='Star Citizen ' sc=True A=False B=True playing=False
18:02:54 INFO Thread-3 (process) T pressed (event scan_code=20 name=t) - template reset
18:02:55 INFO Thread-4 T-snapshot #1 saved: red=0 roi=t001_180254_score=0_blob=0_red=0_asp=0.0.png ctx=t001_180254_context.png
18:02:55 DEBUG Thread-4 scan t_age=0.18 score=0/10 red_total=0 blob=0 aspect=0.00 fg='Star Citizen ' sc=True A=True B=False playing=False
18:02:55 INFO Thread-3 (process) T pressed (event scan_code=20 name=t) - template reset
18:02:57 INFO Thread-4 T-snapshot #2 saved: red=37 roi=t002_180257_score=37_blob=13_red=50_asp=13.0.png ctx=t002_180257_context.png
18:02:57 DEBUG Thread-4 scan t_age=1.17 score=37/10 red_total=50 blob=13 aspect=13.00 fg='Star Citizen ' sc=True A=True B=True playing=False
18:02:57 INFO Thread-4 LOCK TRIGGER: starting music
18:02:57 INFO Thread-4 Music started: NA - Limp Bizkit - Break Stuff (Official Music Video)
18:02:59 DEBUG Thread-4 scan t_age=3.27 score=93/10 red_total=93 blob=10 aspect=6.00 fg='Star Citizen ' sc=True A=True B=True playing=True
18:03:01 DEBUG Thread-4 scan t_age=5.31 score=81/10 red_total=81 blob=13 aspect=5.00 fg='Star Citizen ' sc=True A=True B=True playing=True
18:03:03 DEBUG Thread-4 scan t_age=7.35 score=87/10 red_total=87 blob=8 aspect=6.00 fg='Star Citizen ' sc=True A=True B=True playing=True
18:03:05 DEBUG Thread-4 scan t_age=9.40 score=188/10 red_total=188 blob=20 aspect=7.00 fg='Star Citizen ' sc=True A=True B=True playing=True
18:03:07 DEBUG Thread-4 scan t_age=11.44 score=33/10 red_total=33 blob=9 aspect=6.00 fg='Star Citizen ' sc=True A=True B=True playing=True
18:03:09 DEBUG Thread-4 scan t_age=13.48 score=26/10 red_total=26 blob=7 aspect=4.00 fg='Star Citizen ' sc=True A=True B=True playing=True
18:03:11 DEBUG Thread-4 scan t_age=15.52 score=26/10 red_total=26 blob=7 aspect=5.00 fg='Star Citizen ' sc=True A=True B=True playing=True
18:03:13 DEBUG Thread-4 scan t_age=17.57 score=26/10 red_total=26 blob=7 aspect=6.00 fg='Star Citizen ' sc=True A=True B=True playing=True
18:03:15 DEBUG Thread-4 scan t_age=19.61 score=23/10 red_total=23 blob=7 aspect=6.00 fg='Star Citizen ' sc=True A=True B=True playing=True
18:03:16 INFO Thread-3 (process) T pressed (event scan_code=20 name=t) - template reset
18:03:17 INFO Thread-4 T-snapshot #3 saved: red=337 roi=t003_180317_score=337_blob=12_red=337_asp=8.0.png ctx=t003_180317_context.png
18:03:17 DEBUG Thread-4 scan t_age=0.73 score=337/10 red_total=337 blob=12 aspect=8.00 fg='Star Citizen ' sc=True A=True B=True playing=True
18:03:19 DEBUG Thread-4 scan t_age=2.84 score=371/10 red_total=371 blob=17 aspect=9.00 fg='SC Lock Radio' sc=False A=True B=False playing=True
18:03:21 DEBUG Thread-4 scan t_age=4.90 score=48/10 red_total=48 blob=20 aspect=6.00 fg='SC Lock Radio' sc=False A=True B=False playing=True
18:03:23 DEBUG Thread-4 scan t_age=6.94 score=33/10 red_total=33 blob=19 aspect=6.00 fg='Star Citizen ' sc=True A=True B=True playing=True
18:03:25 DEBUG Thread-4 scan t_age=8.98 score=26/10 red_total=26 blob=7 aspect=5.00 fg='SC Lock Radio' sc=False A=True B=False playing=True
18:03:27 DEBUG Thread-4 scan t_age=11.01 score=27/37 red_total=27 blob=20 aspect=2.00 fg='Star Citizen ' sc=True A=True B=False playing=True
18:03:29 DEBUG Thread-4 scan t_age=13.04 score=37/37 red_total=37 blob=18 aspect=5.00 fg='Star Citizen ' sc=True A=True B=True playing=True
18:03:31 DEBUG Thread-4 scan t_age=15.08 score=35/37 red_total=35 blob=20 aspect=5.00 fg='Star Citizen ' sc=True A=True B=False playing=True
18:03:32 INFO Thread-3 (process) T pressed (event scan_code=20 name=t) - template reset
18:03:33 INFO Thread-4 T-snapshot #4 saved: red=0 roi=t004_180333_score=0_blob=0_red=0_asp=0.0.png ctx=t004_180333_context.png
18:03:33 DEBUG Thread-4 scan t_age=1.74 score=0/37 red_total=0 blob=0 aspect=0.00 fg='Star Citizen ' sc=True A=True B=False playing=True
18:03:36 DEBUG Thread-4 scan t_age=3.82 score=54/37 red_total=188 blob=40 aspect=40.00 fg='Star Citizen ' sc=True A=True B=True playing=True
18:03:38 DEBUG Thread-4 scan t_age=5.86 score=16/37 red_total=16 blob=4 aspect=2.00 fg='Star Citizen ' sc=True A=True B=False playing=True
18:03:40 DEBUG Thread-4 scan t_age=7.89 score=1/37 red_total=1 blob=1 aspect=1.00 fg='Star Citizen ' sc=True A=True B=False playing=True
18:03:40 INFO Thread-3 (process) T pressed (event scan_code=20 name=t) - template reset
18:03:42 INFO Thread-4 T-snapshot #5 saved: red=73 roi=t005_180342_score=73_blob=12_red=73_asp=9.0.png ctx=t005_180342_context.png
18:03:42 DEBUG Thread-4 scan t_age=1.74 score=73/37 red_total=73 blob=12 aspect=9.00 fg='Star Citizen ' sc=True A=True B=True playing=True
18:03:44 DEBUG Thread-4 scan t_age=3.83 score=273/37 red_total=273 blob=12 aspect=8.00 fg='Star Citizen ' sc=True A=True B=True playing=True
18:03:46 DEBUG Thread-4 scan t_age=5.88 score=14/37 red_total=14 blob=2 aspect=2.00 fg='Star Citizen ' sc=True A=True B=False playing=True
18:03:48 DEBUG Thread-4 scan t_age=7.91 score=12/37 red_total=12 blob=2 aspect=1.00 fg='Star Citizen ' sc=True A=True B=False playing=True
18:03:50 DEBUG Thread-4 scan t_age=9.95 score=0/37 red_total=0 blob=0 aspect=0.00 fg='Star Citizen ' sc=True A=True B=False playing=True
18:03:52 DEBUG Thread-4 scan t_age=11.99 score=28/37 red_total=28 blob=3 aspect=3.00 fg='Star Citizen ' sc=True A=True B=False playing=True
18:03:52 INFO Thread-4 Lock-lost timeout reached (5s): music stopped, T invalidated
18:03:54 DEBUG Thread-4 scan t_age=None score=15/37 red_total=15 blob=4 aspect=2.00 fg='Star Citizen ' sc=True A=False B=False playing=False
18:03:56 DEBUG Thread-4 scan t_age=None score=12/12 red_total=12 blob=3 aspect=3.00 fg='SC Lock Radio' sc=False A=False B=False playing=False
18:03:58 DEBUG Thread-4 scan t_age=None score=30/17 red_total=30 blob=10 aspect=4.00 fg='Star Citizen ' sc=True A=False B=True playing=False
18:04:00 DEBUG Thread-4 scan t_age=None score=33/17 red_total=33 blob=21 aspect=6.00 fg='Star Citizen ' sc=True A=False B=True playing=False
18:04:02 DEBUG Thread-4 scan t_age=None score=1/17 red_total=1 blob=1 aspect=1.00 fg='Star Citizen ' sc=True A=False B=False playing=False
18:04:04 DEBUG Thread-4 scan t_age=None score=0/17 red_total=0 blob=0 aspect=0.00 fg='Star Citizen ' sc=True A=False B=False playing=False
18:04:06 DEBUG Thread-4 scan t_age=None score=0/17 red_total=0 blob=0 aspect=0.00 fg='Star Citizen ' sc=True A=False B=False playing=False
18:04:07 INFO Thread-3 (process) T pressed (event scan_code=20 name=t) - template reset
18:04:08 INFO Thread-3 (process) T pressed (event scan_code=20 name=t) - template reset
18:04:08 INFO Thread-4 T-snapshot #6 saved: red=249 roi=t006_180408_score=249_blob=26_red=286_asp=26.0.png ctx=t006_180408_context.png
18:04:08 DEBUG Thread-4 scan t_age=0.32 score=249/17 red_total=286 blob=26 aspect=26.00 fg='Star Citizen ' sc=True A=True B=True playing=False
18:04:08 INFO Thread-4 LOCK TRIGGER: starting music
18:04:08 INFO Thread-4 Music started: NA - Limp Bizkit - Break Stuff (Official Music Video)
18:04:10 DEBUG Thread-4 scan t_age=2.43 score=18/17 red_total=18 blob=3 aspect=3.00 fg='Star Citizen ' sc=True A=True B=True playing=True
18:04:12 DEBUG Thread-4 scan t_age=4.48 score=0/17 red_total=0 blob=0 aspect=0.00 fg='Star Citizen ' sc=True A=True B=False playing=True
18:04:14 DEBUG Thread-4 scan t_age=6.52 score=4/17 red_total=4 blob=4 aspect=4.00 fg='Star Citizen ' sc=True A=True B=False playing=True
18:04:16 DEBUG Thread-4 scan t_age=8.55 score=11/17 red_total=11 blob=5 aspect=1.00 fg='Star Citizen ' sc=True A=True B=False playing=True
18:04:18 DEBUG Thread-4 scan t_age=10.58 score=349/17 red_total=349 blob=17 aspect=9.00 fg='Star Citizen ' sc=True A=True B=True playing=True
18:04:20 DEBUG Thread-4 scan t_age=12.63 score=44/17 red_total=44 blob=14 aspect=6.00 fg='Star Citizen ' sc=True A=True B=True playing=True
18:04:23 DEBUG Thread-4 scan t_age=14.67 score=92/17 red_total=319 blob=75 aspect=75.00 fg='Star Citizen ' sc=True A=True B=True playing=True
18:04:25 DEBUG Thread-4 scan t_age=16.71 score=66/17 red_total=66 blob=3 aspect=2.00 fg='Star Citizen ' sc=True A=True B=True playing=True
18:04:27 DEBUG Thread-4 scan t_age=18.75 score=53/17 red_total=171 blob=70 aspect=70.00 fg='Star Citizen ' sc=True A=True B=True playing=True
18:04:29 DEBUG Thread-4 scan t_age=20.80 score=20/17 red_total=20 blob=5 aspect=5.00 fg='Star Citizen ' sc=True A=False B=True playing=True
18:04:31 DEBUG Thread-4 scan t_age=22.84 score=34/17 red_total=34 blob=16 aspect=6.00 fg='Star Citizen ' sc=True A=False B=True playing=True
18:04:33 DEBUG Thread-4 scan t_age=24.88 score=12/17 red_total=12 blob=10 aspect=1.60 fg='Star Citizen ' sc=True A=False B=False playing=True
18:04:35 DEBUG Thread-4 scan t_age=26.91 score=19/17 red_total=19 blob=6 aspect=4.00 fg='Star Citizen ' sc=True A=False B=True playing=True
18:04:37 DEBUG Thread-4 scan t_age=28.95 score=23/17 red_total=23 blob=6 aspect=6.00 fg='Star Citizen ' sc=True A=False B=True playing=True
18:04:39 DEBUG Thread-4 scan t_age=30.99 score=29/17 red_total=29 blob=8 aspect=7.00 fg='Star Citizen ' sc=True A=False B=True playing=True
18:04:41 DEBUG Thread-4 scan t_age=33.03 score=28/17 red_total=28 blob=14 aspect=6.00 fg='Star Citizen ' sc=True A=False B=True playing=True
18:04:43 DEBUG Thread-4 scan t_age=35.07 score=35/17 red_total=35 blob=20 aspect=6.00 fg='Star Citizen ' sc=True A=False B=True playing=True
18:04:45 DEBUG Thread-4 scan t_age=37.11 score=27/17 red_total=27 blob=15 aspect=5.00 fg='Star Citizen ' sc=True A=False B=True playing=True
18:04:47 DEBUG Thread-4 scan t_age=39.16 score=37/17 red_total=37 blob=14 aspect=6.00 fg='Star Citizen ' sc=True A=False B=True playing=True
18:04:49 DEBUG Thread-4 scan t_age=41.20 score=31/17 red_total=31 blob=17 aspect=6.00 fg='Star Citizen ' sc=True A=False B=True playing=True
18:04:51 DEBUG Thread-4 scan t_age=43.23 score=55/17 red_total=55 blob=14 aspect=5.00 fg='Star Citizen ' sc=True A=False B=True playing=True
18:04:53 DEBUG Thread-4 scan t_age=45.27 score=65/17 red_total=65 blob=9 aspect=9.00 fg='Star Citizen ' sc=True A=False B=True playing=True
18:04:55 DEBUG Thread-4 scan t_age=47.32 score=20/17 red_total=20 blob=5 aspect=3.00 fg='Star Citizen ' sc=True A=False B=True playing=True
18:04:57 DEBUG Thread-4 scan t_age=49.36 score=66/17 red_total=66 blob=13 aspect=6.00 fg='Star Citizen ' sc=True A=False B=True playing=True
18:04:59 DEBUG Thread-4 scan t_age=51.39 score=63/17 red_total=63 blob=16 aspect=6.00 fg='Star Citizen ' sc=True A=False B=True playing=True
18:05:01 DEBUG Thread-4 scan t_age=53.43 score=67/17 red_total=67 blob=20 aspect=6.00 fg='Star Citizen ' sc=True A=False B=True playing=True
18:05:03 DEBUG Thread-4 scan t_age=55.47 score=58/17 red_total=58 blob=13 aspect=10.00 fg='Star Citizen ' sc=True A=False B=True playing=True
18:05:05 DEBUG Thread-4 scan t_age=57.52 score=50/17 red_total=50 blob=14 aspect=5.00 fg='Star Citizen ' sc=True A=False B=True playing=True
18:05:07 DEBUG Thread-4 scan t_age=59.56 score=17/17 red_total=17 blob=2 aspect=2.00 fg='Star Citizen ' sc=True A=False B=True playing=True
18:05:09 DEBUG Thread-4 scan t_age=61.60 score=13/17 red_total=13 blob=5 aspect=2.00 fg='Star Citizen ' sc=True A=False B=False playing=True
18:05:11 DEBUG Thread-4 scan t_age=63.64 score=5/17 red_total=5 blob=1 aspect=1.00 fg='Star Citizen ' sc=True A=False B=False playing=True
18:05:14 DEBUG Thread-4 scan t_age=65.67 score=20/17 red_total=45 blob=14 aspect=14.00 fg='Star Citizen ' sc=True A=False B=True playing=True
18:05:16 DEBUG Thread-4 scan t_age=67.71 score=39/17 red_total=39 blob=11 aspect=4.00 fg='Star Citizen ' sc=True A=False B=True playing=True
18:05:18 INFO Thread-3 (process) T pressed (event scan_code=20 name=t) - template reset
18:05:20 INFO Thread-3 (process) T pressed (event scan_code=20 name=t) - template reset
18:05:20 INFO Thread-4 T-snapshot #7 saved: red=21 roi=t007_180520_score=21_blob=4_red=21_asp=4.0.png ctx=t007_180520_context.png
18:05:20 INFO Thread-3 (process) T pressed (event scan_code=20 name=t) - template reset
18:05:22 INFO Thread-4 T-snapshot #8 saved: red=19 roi=t008_180522_score=19_blob=86_red=187_asp=86.0.png ctx=t008_180522_context.png
18:05:24 INFO Thread-4 Lock-lost timeout reached (5s): music stopped, T invalidated
18:05:32 DEBUG Thread-4 scan t_age=None score=70/17 red_total=70 blob=9 aspect=7.00 fg='Star Citizen ' sc=True A=False B=True playing=False
18:05:34 DEBUG Thread-4 scan t_age=None score=0/17 red_total=0 blob=0 aspect=0.00 fg='Star Citizen ' sc=True A=False B=False playing=False
18:05:36 DEBUG Thread-4 scan t_age=None score=36/17 red_total=36 blob=16 aspect=4.00 fg='Star Citizen ' sc=True A=False B=True playing=False
18:05:38 DEBUG Thread-4 scan t_age=None score=49/17 red_total=49 blob=19 aspect=4.00 fg='Star Citizen ' sc=True A=False B=True playing=False
18:05:40 DEBUG Thread-4 scan t_age=None score=38/17 red_total=38 blob=8 aspect=2.00 fg='Star Citizen ' sc=True A=False B=True playing=False
18:05:42 DEBUG Thread-4 scan t_age=None score=9/17 red_total=9 blob=3 aspect=1.00 fg='Star Citizen ' sc=True A=False B=False playing=False
18:05:44 DEBUG Thread-4 scan t_age=None score=17/17 red_total=17 blob=3 aspect=2.00 fg='Star Citizen ' sc=True A=False B=True playing=False
18:05:46 DEBUG Thread-4 scan t_age=None score=48/17 red_total=48 blob=19 aspect=5.00 fg='Star Citizen ' sc=True A=False B=True playing=False
18:05:48 DEBUG Thread-4 scan t_age=None score=20/17 red_total=20 blob=10 aspect=1.11 fg='Star Citizen ' sc=True A=False B=True playing=False
18:05:50 DEBUG Thread-4 scan t_age=None score=18/17 red_total=18 blob=10 aspect=2.00 fg='Star Citizen ' sc=True A=False B=True playing=False
18:05:52 DEBUG Thread-4 scan t_age=None score=12/17 red_total=12 blob=11 aspect=1.00 fg='Star Citizen ' sc=True A=False B=False playing=False
18:05:56 INFO MainThread === mainloop exited normally ===
18:05:56 INFO MainThread --- process exiting cleanly via atexit ---
18:08:00 INFO MainThread ================================================================
18:08:00 INFO MainThread SC Lock Radio module imported. pid=44704 python=3.12.4
18:08:00 INFO MainThread Script=c:\Users\Duke\Downloads\SCLockRadio\SCLockRadio.py
18:08:00 INFO MainThread === SC Lock Radio start. cwd=c:\Users\Duke\Downloads\SCLockRadio pid=44704 ===
18:08:00 INFO MainThread Running as admin: True
18:08:02 INFO Thread-1 Detector thread starting. Region={'left': 1152, 'top': 648, 'width': 256, 'height': 144} mon=(2560x1440)
18:08:02 INFO Thread-1 Keyboard hook installed for T
18:08:02 DEBUG Thread-1 scan t_age=None score=8/17 red_total=8 blob=5 aspect=1.25 fg='SC Lock Radio' sc=False A=False B=False playing=False
18:08:04 DEBUG Thread-1 scan t_age=None score=19/17 red_total=19 blob=10 aspect=1.00 fg='SC Lock Radio' sc=False A=False B=False playing=False
18:08:06 INFO Thread-3 (process) T pressed (event scan_code=20 name=t) - template reset
18:08:06 INFO Thread-1 T-snapshot #1 saved: red=19 roi=t001_180806_score=19_blob=6_red=19_asp=3.0.png ctx=t001_180806_context.png
18:08:06 DEBUG Thread-1 scan t_age=0.25 score=19/17 red_total=19 blob=6 aspect=3.00 fg='Star Citizen ' sc=True A=True B=True playing=False
18:08:06 INFO Thread-1 LOCK TRIGGER: starting music
18:08:06 INFO Thread-1 Music started: NA - System Of A Down - Toxicity (Official HD Video)
18:08:08 DEBUG Thread-1 scan t_age=2.36 score=52/17 red_total=52 blob=9 aspect=9.00 fg='Star Citizen ' sc=True A=True B=True playing=True
18:08:09 INFO Thread-3 (process) T pressed (event scan_code=20 name=t) - template reset
18:08:09 INFO Thread-3 (process) T pressed (event scan_code=20 name=t) - template reset
18:08:10 INFO Thread-1 T-snapshot #2 saved: red=206 roi=t002_180810_score=206_blob=14_red=206_asp=5.0.png ctx=t002_180810_context.png
18:08:10 DEBUG Thread-1 scan t_age=0.74 score=206/17 red_total=206 blob=14 aspect=5.00 fg='Star Citizen ' sc=True A=True B=True playing=True
18:08:10 INFO Thread-3 (process) T pressed (event scan_code=20 name=t) - template reset
18:08:12 INFO Thread-1 T-snapshot #3 saved: red=51 roi=t003_180812_score=51_blob=19_red=51_asp=3.0.png ctx=t003_180812_context.png
18:08:12 DEBUG Thread-1 scan t_age=1.89 score=51/17 red_total=51 blob=19 aspect=3.00 fg='Star Citizen ' sc=True A=True B=True playing=True
18:08:14 DEBUG Thread-1 scan t_age=3.98 score=49/17 red_total=49 blob=20 aspect=4.25 fg='Star Citizen ' sc=True A=True B=True playing=True
18:08:16 DEBUG Thread-1 scan t_age=6.01 score=49/17 red_total=49 blob=21 aspect=4.50 fg='Star Citizen ' sc=True A=True B=True playing=True
18:08:18 DEBUG Thread-1 scan t_age=8.04 score=49/17 red_total=49 blob=21 aspect=4.50 fg='Star Citizen ' sc=True A=True B=True playing=True
18:08:20 DEBUG Thread-1 scan t_age=10.07 score=49/17 red_total=49 blob=21 aspect=4.50 fg='SC Lock Radio' sc=False A=True B=False playing=True
18:08:22 DEBUG Thread-1 scan t_age=12.11 score=49/12 red_total=49 blob=21 aspect=4.50 fg='SC Lock Radio' sc=False A=True B=False playing=True
18:08:24 DEBUG Thread-1 scan t_age=14.14 score=47/10 red_total=47 blob=18 aspect=3.75 fg='Star Citizen ' sc=True A=True B=True playing=True
18:08:26 DEBUG Thread-1 scan t_age=16.16 score=306/10 red_total=306 blob=23 aspect=9.00 fg='Star Citizen ' sc=True A=True B=True playing=True
18:08:28 DEBUG Thread-1 scan t_age=18.20 score=50/10 red_total=50 blob=20 aspect=5.00 fg='Star Citizen ' sc=True A=True B=True playing=True
18:08:30 DEBUG Thread-1 scan t_age=20.24 score=29/10 red_total=29 blob=14 aspect=3.50 fg='Star Citizen ' sc=True A=False B=True playing=True
18:08:32 DEBUG Thread-1 scan t_age=22.27 score=36/13 red_total=36 blob=18 aspect=4.00 fg='SC Lock Radio' sc=False A=False B=False playing=True
18:08:34 DEBUG Thread-1 scan t_age=24.31 score=43/18 red_total=43 blob=19 aspect=3.00 fg='Star Citizen ' sc=True A=False B=True playing=True
18:08:37 DEBUG Thread-1 scan t_age=26.35 score=36/18 red_total=36 blob=17 aspect=3.75 fg='Star Citizen ' sc=True A=False B=True playing=True
18:08:39 DEBUG Thread-1 scan t_age=28.38 score=48/18 red_total=48 blob=19 aspect=4.00 fg='Star Citizen ' sc=True A=False B=True playing=True
18:08:41 DEBUG Thread-1 scan t_age=30.41 score=47/18 red_total=47 blob=19 aspect=4.00 fg='Star Citizen ' sc=True A=False B=True playing=True
18:08:43 DEBUG Thread-1 scan t_age=32.44 score=44/18 red_total=44 blob=17 aspect=4.00 fg='Star Citizen ' sc=True A=False B=True playing=True
18:08:45 DEBUG Thread-1 scan t_age=34.47 score=43/18 red_total=43 blob=16 aspect=4.00 fg='Star Citizen ' sc=True A=False B=True playing=True
18:08:47 DEBUG Thread-1 scan t_age=36.50 score=42/18 red_total=42 blob=19 aspect=4.50 fg='SC Lock Radio' sc=False A=False B=False playing=True
18:08:49 DEBUG Thread-1 scan t_age=38.53 score=38/26 red_total=38 blob=16 aspect=4.00 fg='SC Lock Radio' sc=False A=False B=False playing=True
18:08:51 DEBUG Thread-1 scan t_age=40.57 score=42/26 red_total=42 blob=19 aspect=4.25 fg='Star Citizen ' sc=True A=False B=True playing=True
18:08:53 DEBUG Thread-1 scan t_age=42.61 score=233/26 red_total=233 blob=19 aspect=8.00 fg='Star Citizen ' sc=True A=False B=True playing=True
18:08:55 DEBUG Thread-1 scan t_age=44.66 score=42/26 red_total=42 blob=17 aspect=3.50 fg='Star Citizen ' sc=True A=False B=True playing=True
18:08:57 DEBUG Thread-1 scan t_age=46.69 score=43/26 red_total=43 blob=19 aspect=6.00 fg='Star Citizen ' sc=True A=False B=True playing=True
18:08:59 DEBUG Thread-1 scan t_age=48.72 score=38/26 red_total=38 blob=15 aspect=6.00 fg='SC Lock Radio' sc=False A=False B=False playing=True
18:09:01 DEBUG Thread-1 scan t_age=50.76 score=38/34 red_total=38 blob=17 aspect=5.00 fg='Star Citizen ' sc=True A=False B=True playing=True
18:09:03 DEBUG Thread-1 scan t_age=52.79 score=163/34 red_total=163 blob=23 aspect=4.00 fg='Star Citizen ' sc=True A=False B=True playing=True
18:09:05 DEBUG Thread-1 scan t_age=54.83 score=49/34 red_total=49 blob=19 aspect=3.00 fg='Star Citizen ' sc=True A=False B=True playing=True
18:09:07 DEBUG Thread-1 scan t_age=56.87 score=39/34 red_total=39 blob=16 aspect=3.50 fg='Star Citizen ' sc=True A=False B=True playing=True
18:09:09 DEBUG Thread-1 scan t_age=58.90 score=4/34 red_total=4 blob=3 aspect=3.00 fg='SC Lock Radio' sc=False A=False B=False playing=True
18:09:10 INFO Thread-4 Detector thread starting. Region={'left': 1152, 'top': 648, 'width': 256, 'height': 144} mon=(2560x1440)
18:09:10 INFO Thread-4 Keyboard hook installed for T
18:09:10 DEBUG Thread-4 scan t_age=None score=3/34 red_total=3 blob=2 aspect=2.00 fg='SC Lock Radio' sc=False A=False B=False playing=False
18:09:12 DEBUG Thread-4 scan t_age=None score=4/34 red_total=4 blob=3 aspect=3.00 fg='Star Citizen ' sc=True A=False B=False playing=False
18:09:13 INFO Thread-3 (process) T pressed (event scan_code=20 name=t) - template reset
18:09:14 INFO Thread-4 T-snapshot #1 saved: red=46 roi=t001_180914_score=46_blob=20_red=46_asp=3.5.png ctx=t001_180914_context.png
18:09:14 DEBUG Thread-4 scan t_age=0.58 score=46/34 red_total=46 blob=20 aspect=3.50 fg='Star Citizen ' sc=True A=True B=True playing=False
18:09:14 INFO Thread-4 LOCK TRIGGER: starting music
18:09:14 INFO Thread-4 Music started: NA - System Of A Down - Toxicity (Official HD Video)
18:09:14 INFO Thread-3 (process) T pressed (event scan_code=20 name=t) - template reset
18:09:15 INFO Thread-3 (process) T pressed (event scan_code=20 name=t) - template reset
18:09:16 INFO Thread-3 (process) T pressed (event scan_code=20 name=t) - template reset
18:09:16 INFO Thread-4 T-snapshot #2 saved: red=155 roi=t002_180916_score=155_blob=25_red=155_asp=5.5.png ctx=t002_180916_context.png
18:09:16 DEBUG Thread-4 scan t_age=0.19 score=155/34 red_total=155 blob=25 aspect=5.50 fg='Star Citizen ' sc=True A=True B=True playing=True
18:09:18 DEBUG Thread-4 scan t_age=2.28 score=30/34 red_total=30 blob=19 aspect=4.00 fg='Star Citizen ' sc=True A=True B=False playing=True
18:09:20 DEBUG Thread-4 scan t_age=4.31 score=49/34 red_total=49 blob=20 aspect=4.25 fg='Star Citizen ' sc=True A=True B=True playing=True
18:09:22 DEBUG Thread-4 scan t_age=6.34 score=33/34 red_total=33 blob=18 aspect=4.00 fg='Star Citizen ' sc=True A=True B=False playing=True
18:09:24 DEBUG Thread-4 scan t_age=8.37 score=49/34 red_total=49 blob=21 aspect=4.25 fg='Star Citizen ' sc=True A=True B=True playing=True
18:09:26 DEBUG Thread-4 scan t_age=10.39 score=37/34 red_total=37 blob=10 aspect=4.50 fg='Star Citizen ' sc=True A=True B=True playing=True
18:09:28 DEBUG Thread-4 scan t_age=12.43 score=42/34 red_total=42 blob=19 aspect=4.00 fg='Star Citizen ' sc=True A=True B=True playing=True
18:09:30 DEBUG Thread-4 scan t_age=14.46 score=45/34 red_total=45 blob=17 aspect=8.00 fg='Star Citizen ' sc=True A=True B=True playing=True
18:09:32 DEBUG Thread-4 scan t_age=16.49 score=43/34 red_total=43 blob=18 aspect=4.00 fg='Star Citizen ' sc=True A=True B=True playing=True
18:09:34 DEBUG Thread-4 scan t_age=18.53 score=43/34 red_total=43 blob=19 aspect=4.00 fg='Star Citizen ' sc=True A=True B=True playing=True
18:09:36 DEBUG Thread-4 scan t_age=20.56 score=20/34 red_total=20 blob=7 aspect=4.00 fg='Star Citizen ' sc=True A=False B=False playing=True
18:09:38 DEBUG Thread-4 scan t_age=22.60 score=294/34 red_total=294 blob=15 aspect=9.00 fg='Star Citizen ' sc=True A=False B=True playing=True
18:09:41 DEBUG Thread-4 scan t_age=24.65 score=34/34 red_total=34 blob=12 aspect=5.50 fg='Star Citizen ' sc=True A=False B=True playing=True
18:09:43 DEBUG Thread-4 scan t_age=26.67 score=10/34 red_total=10 blob=3 aspect=2.00 fg='SC Lock Radio' sc=False A=False B=False playing=True
18:09:45 DEBUG Thread-4 scan t_age=28.71 score=9/34 red_total=9 blob=3 aspect=3.00 fg='Star Citizen ' sc=True A=False B=False playing=True
18:09:47 DEBUG Thread-4 scan t_age=30.74 score=38/34 red_total=38 blob=17 aspect=3.50 fg='Star Citizen ' sc=True A=False B=True playing=True
18:09:49 DEBUG Thread-4 scan t_age=32.77 score=32/34 red_total=32 blob=13 aspect=4.33 fg='SC Lock Radio' sc=False A=False B=False playing=True
18:09:53 INFO Thread-3 (process) T pressed (event scan_code=20 name=t) - template reset
18:09:55 INFO Thread-4 T-snapshot #3 saved: red=14 roi=t003_180955_score=14_blob=5_red=14_asp=5.0.png ctx=t003_180955_context.png
18:09:55 INFO Thread-4 Lock-lost timeout reached (5s): music stopped, T invalidated
18:09:56 INFO Thread-3 (process) T pressed (event scan_code=20 name=t) - template reset
18:09:57 INFO Thread-3 (process) T pressed (event scan_code=20 name=t) - template reset
18:09:57 INFO Thread-4 T-snapshot #4 saved: red=34 roi=t004_180957_score=34_blob=19_red=34_asp=3.0.png ctx=t004_180957_context.png
18:09:57 INFO Thread-3 (process) T pressed (event scan_code=20 name=t) - template reset
18:09:58 INFO Thread-3 (process) T pressed (event scan_code=20 name=t) - template reset
18:09:58 INFO Thread-3 (process) T pressed (event scan_code=20 name=t) - template reset
18:09:59 INFO Thread-3 (process) T pressed (event scan_code=20 name=t) - template reset
18:09:59 INFO Thread-4 T-snapshot #5 saved: red=43 roi=t005_180959_score=43_blob=19_red=43_asp=3.2.png ctx=t005_180959_context.png
18:10:00 INFO Thread-3 (process) T pressed (event scan_code=20 name=t) - template reset
18:10:01 INFO Thread-3 (process) T pressed (event scan_code=20 name=t) - template reset
18:10:01 INFO Thread-4 T-snapshot #6 saved: red=42 roi=t006_181001_score=42_blob=19_red=42_asp=4.0.png ctx=t006_181001_context.png
18:10:02 INFO Thread-3 (process) T pressed (event scan_code=20 name=t) - template reset
18:10:02 INFO Thread-3 (process) T pressed (event scan_code=20 name=t) - template reset
18:10:03 INFO Thread-4 T-snapshot #7 saved: red=49 roi=t007_181003_score=49_blob=20_red=49_asp=4.0.png ctx=t007_181003_context.png
18:10:11 INFO MainThread === mainloop exited normally ===
18:10:11 INFO MainThread --- process exiting cleanly via atexit ---
18:11:09 INFO MainThread ================================================================
18:11:09 INFO MainThread SC Lock Radio module imported. pid=8948 python=3.12.4
18:11:09 INFO MainThread Script=c:\Users\Duke\Downloads\SCLockRadio\SCLockRadio.py
18:11:09 INFO MainThread === SC Lock Radio start. cwd=c:\Users\Duke\Downloads\SCLockRadio pid=8948 ===
18:11:09 INFO MainThread Running as admin: True
18:11:13 INFO Thread-1 Detector thread starting. Region={'left': 1152, 'top': 648, 'width': 256, 'height': 144} mon=(2560x1440)
18:11:13 INFO Thread-1 Keyboard hook installed for T
18:11:13 DEBUG Thread-1 scan t_age=None score=70/34 red_total=70 blob=19 aspect=4.00 fg='SC Lock Radio' sc=False A=False B=False playing=False
18:11:15 DEBUG Thread-1 scan t_age=None score=65/34 red_total=65 blob=20 aspect=5.00 fg='SC Lock Radio' sc=False A=False B=False playing=False
18:11:17 DEBUG Thread-1 scan t_age=None score=49/34 red_total=49 blob=19 aspect=4.00 fg='SC Lock Radio' sc=False A=False B=False playing=False
18:11:18 INFO Thread-3 (process) T pressed (event scan_code=20 name=t) - template reset
18:11:19 INFO Thread-1 T-snapshot #1 saved: red=242 roi=t001_181119_score=242_blob=20_red=242_asp=7.0.png ctx=t001_181119_context.png
18:11:19 DEBUG Thread-1 scan t_age=1.10 score=242/34 red_total=242 blob=20 aspect=7.00 fg='Star Citizen ' sc=True A=True B=True playing=False
18:11:19 INFO Thread-1 LOCK TRIGGER: starting music
18:11:19 INFO Thread-1 Music started: NA - SOILWORK - Rejection Role (OFFICIAL MUSIC VIDEO)
18:11:21 DEBUG Thread-1 scan t_age=3.21 score=35/34 red_total=35 blob=20 aspect=4.25 fg='Star Citizen ' sc=True A=True B=True playing=True
18:11:23 DEBUG Thread-1 scan t_age=5.25 score=7/34 red_total=7 blob=3 aspect=3.00 fg='Star Citizen ' sc=True A=True B=False playing=True
18:11:25 DEBUG Thread-1 scan t_age=7.29 score=18/34 red_total=18 blob=8 aspect=8.00 fg='Star Citizen ' sc=True A=True B=False playing=True
18:11:27 DEBUG Thread-1 scan t_age=9.32 score=417/34 red_total=428 blob=20 aspect=11.00 fg='Star Citizen ' sc=True A=True B=True playing=True
18:11:29 DEBUG Thread-1 scan t_age=11.36 score=342/34 red_total=342 blob=25 aspect=7.00 fg='Star Citizen ' sc=True A=True B=True playing=True
18:11:31 DEBUG Thread-1 scan t_age=13.40 score=14/34 red_total=14 blob=5 aspect=4.00 fg='Star Citizen ' sc=True A=True B=False playing=True
18:11:33 DEBUG Thread-1 scan t_age=15.44 score=39/34 red_total=39 blob=18 aspect=6.00 fg='Star Citizen ' sc=True A=True B=True playing=True
18:11:35 DEBUG Thread-1 scan t_age=17.47 score=255/34 red_total=255 blob=20 aspect=8.00 fg='Star Citizen ' sc=True A=True B=True playing=True
18:11:37 DEBUG Thread-1 scan t_age=19.51 score=325/34 red_total=325 blob=20 aspect=8.00 fg='Star Citizen ' sc=True A=True B=True playing=True
18:11:39 DEBUG Thread-1 scan t_age=21.55 score=471/34 red_total=482 blob=21 aspect=11.00 fg='Star Citizen ' sc=True A=False B=True playing=True
18:11:42 DEBUG Thread-1 scan t_age=23.60 score=447/34 red_total=447 blob=20 aspect=10.00 fg='Star Citizen ' sc=True A=False B=True playing=True
18:11:44 DEBUG Thread-1 scan t_age=25.64 score=324/34 red_total=324 blob=21 aspect=10.00 fg='Star Citizen ' sc=True A=False B=True playing=True
18:11:46 DEBUG Thread-1 scan t_age=27.68 score=483/34 red_total=483 blob=30 aspect=8.00 fg='Star Citizen ' sc=True A=False B=True playing=True
18:11:48 DEBUG Thread-1 scan t_age=29.72 score=362/34 red_total=362 blob=21 aspect=7.00 fg='SC Lock Radio' sc=False A=False B=False playing=True
18:11:50 DEBUG Thread-1 scan t_age=31.76 score=363/24 red_total=375 blob=22 aspect=12.00 fg='SC Lock Radio' sc=False A=False B=False playing=True
18:11:52 DEBUG Thread-1 scan t_age=33.80 score=420/27 red_total=443 blob=19 aspect=12.00 fg='Star Citizen ' sc=True A=False B=True playing=True
18:11:54 DEBUG Thread-1 scan t_age=35.84 score=390/27 red_total=390 blob=23 aspect=10.00 fg='Star Citizen ' sc=True A=False B=True playing=True
18:11:56 DEBUG Thread-1 scan t_age=37.88 score=69/27 red_total=69 blob=19 aspect=8.00 fg='Star Citizen ' sc=True A=False B=True playing=True
18:11:58 DEBUG Thread-1 scan t_age=39.92 score=83/27 red_total=83 blob=21 aspect=6.00 fg='Star Citizen ' sc=True A=False B=True playing=True
18:12:00 DEBUG Thread-1 scan t_age=41.95 score=85/27 red_total=85 blob=20 aspect=6.00 fg='Star Citizen ' sc=True A=False B=True playing=True
18:12:02 DEBUG Thread-1 scan t_age=43.99 score=82/28 red_total=82 blob=21 aspect=6.00 fg='SC Lock Radio' sc=False A=False B=False playing=True
18:12:04 DEBUG Thread-1 scan t_age=46.02 score=80/41 red_total=80 blob=21 aspect=4.50 fg='SC Lock Radio' sc=False A=False B=False playing=True
18:12:06 DEBUG Thread-1 scan t_age=48.06 score=81/40 red_total=81 blob=21 aspect=5.00 fg='SC Lock Radio' sc=False A=False B=False playing=True
18:12:08 DEBUG Thread-1 scan t_age=50.10 score=11/40 red_total=11 blob=3 aspect=3.00 fg='Star Citizen ' sc=True A=False B=False playing=True
18:12:08 INFO Thread-1 Lock-lost timeout reached (5s): music stopped, T invalidated
18:12:10 DEBUG Thread-1 scan t_age=None score=0/40 red_total=0 blob=0 aspect=0.00 fg='Star Citizen ' sc=True A=False B=False playing=False
18:12:10 INFO Thread-3 (process) T pressed (event scan_code=20 name=t) - template reset
18:12:12 INFO Thread-1 T-snapshot #2 saved: red=26 roi=t002_181212_score=26_blob=9_red=26_asp=9.0.png ctx=t002_181212_context.png
18:12:12 DEBUG Thread-1 scan t_age=1.72 score=26/40 red_total=26 blob=9 aspect=9.00 fg='Star Citizen ' sc=True A=True B=False playing=False
18:12:14 DEBUG Thread-1 scan t_age=3.81 score=20/40 red_total=20 blob=8 aspect=2.00 fg='Star Citizen ' sc=True A=True B=False playing=False
18:12:16 DEBUG Thread-1 scan t_age=5.84 score=340/40 red_total=340 blob=194 aspect=4.00 fg='Star Citizen ' sc=True A=True B=True playing=False
18:12:16 INFO Thread-1 LOCK TRIGGER: starting music
18:12:16 INFO Thread-1 Music started: NA - SOILWORK - Rejection Role (OFFICIAL MUSIC VIDEO)
18:12:18 DEBUG Thread-1 scan t_age=7.88 score=62/31 red_total=62 blob=14 aspect=8.00 fg='SC Lock Radio' sc=False A=True B=False playing=True
18:12:20 DEBUG Thread-1 scan t_age=9.92 score=41/34 red_total=52 blob=16 aspect=11.00 fg='SC Lock Radio' sc=False A=True B=False playing=True
18:12:22 INFO Thread-3 (process) T pressed (event scan_code=20 name=t) - template reset
18:12:22 INFO Thread-1 T-snapshot #3 saved: red=30 roi=t003_181222_score=30_blob=6_red=30_asp=4.0.png ctx=t003_181222_context.png
18:12:22 DEBUG Thread-1 scan t_age=0.13 score=30/34 red_total=30 blob=6 aspect=4.00 fg='Star Citizen ' sc=True A=True B=False playing=True
18:12:24 DEBUG Thread-1 scan t_age=2.22 score=50/34 red_total=50 blob=20 aspect=3.20 fg='Star Citizen ' sc=True A=True B=True playing=True
18:12:26 DEBUG Thread-1 scan t_age=4.25 score=58/34 red_total=58 blob=18 aspect=4.00 fg='Star Citizen ' sc=True A=True B=True playing=True
18:12:28 DEBUG Thread-1 scan t_age=6.29 score=78/34 red_total=78 blob=19 aspect=4.00 fg='Star Citizen ' sc=True A=True B=True playing=True
18:12:30 DEBUG Thread-1 scan t_age=8.32 score=5/34 red_total=5 blob=2 aspect=2.00 fg='Star Citizen ' sc=True A=True B=False playing=True
18:12:33 DEBUG Thread-1 scan t_age=10.37 score=0/34 red_total=0 blob=0 aspect=0.00 fg='Star Citizen ' sc=True A=True B=False playing=True
18:12:35 DEBUG Thread-1 scan t_age=12.40 score=14/34 red_total=14 blob=2 aspect=2.00 fg='Star Citizen ' sc=True A=True B=False playing=True
18:12:37 DEBUG Thread-1 scan t_age=14.44 score=1/34 red_total=1 blob=1 aspect=1.00 fg='Star Citizen ' sc=True A=True B=False playing=True
18:12:37 INFO Thread-1 Lock-lost timeout reached (5s): music stopped, T invalidated
18:12:39 DEBUG Thread-1 scan t_age=None score=2/34 red_total=2 blob=1 aspect=1.00 fg='Star Citizen ' sc=True A=False B=False playing=False
18:12:41 DEBUG Thread-1 scan t_age=None score=49/34 red_total=49 blob=19 aspect=3.00 fg='Star Citizen ' sc=True A=False B=True playing=False
18:12:43 DEBUG Thread-1 scan t_age=None score=58/34 red_total=58 blob=19 aspect=6.00 fg='Star Citizen ' sc=True A=False B=True playing=False
18:12:44 INFO Thread-3 (process) T pressed (event scan_code=20 name=t) - template reset
18:12:45 INFO Thread-1 T-snapshot #4 saved: red=0 roi=t004_181245_score=0_blob=0_red=0_asp=0.0.png ctx=t004_181245_context.png
18:12:45 DEBUG Thread-1 scan t_age=0.42 score=0/34 red_total=0 blob=0 aspect=0.00 fg='Star Citizen ' sc=True A=True B=False playing=False
18:12:47 DEBUG Thread-1 scan t_age=2.51 score=0/34 red_total=0 blob=0 aspect=0.00 fg='Star Citizen ' sc=True A=True B=False playing=False
18:12:49 DEBUG Thread-1 scan t_age=4.54 score=10/34 red_total=10 blob=4 aspect=4.00 fg='Star Citizen ' sc=True A=True B=False playing=False
18:12:50 INFO Thread-3 (process) T pressed (event scan_code=20 name=t) - template reset
18:12:51 INFO Thread-1 T-snapshot #5 saved: red=101 roi=t005_181251_score=101_blob=29_red=101_asp=4.5.png ctx=t005_181251_context.png
18:12:51 DEBUG Thread-1 scan t_age=0.90 score=101/34 red_total=101 blob=29 aspect=4.50 fg='Star Citizen ' sc=True A=True B=True playing=False
18:12:51 INFO Thread-1 LOCK TRIGGER: starting music
18:12:51 INFO Thread-1 Music started: NA - SOILWORK - Rejection Role (OFFICIAL MUSIC VIDEO)
18:12:53 DEBUG Thread-1 scan t_age=2.98 score=5/34 red_total=5 blob=1 aspect=1.00 fg='Star Citizen ' sc=True A=True B=False playing=True
18:12:55 DEBUG Thread-1 scan t_age=5.02 score=7/34 red_total=7 blob=3 aspect=3.00 fg='Star Citizen ' sc=True A=True B=False playing=True
18:12:57 DEBUG Thread-1 scan t_age=7.06 score=6/34 red_total=6 blob=2 aspect=2.00 fg='Star Citizen ' sc=True A=True B=False playing=True
18:12:59 DEBUG Thread-1 scan t_age=9.09 score=0/34 red_total=0 blob=0 aspect=0.00 fg='Star Citizen ' sc=True A=True B=False playing=True
18:12:59 INFO Thread-1 Lock-lost timeout reached (5s): music stopped, T invalidated
18:13:01 DEBUG Thread-1 scan t_age=None score=1/34 red_total=1 blob=1 aspect=1.00 fg='SC Lock Radio' sc=False A=False B=False playing=False
18:13:03 DEBUG Thread-1 scan t_age=None score=2/24 red_total=2 blob=2 aspect=2.00 fg='SC Lock Radio' sc=False A=False B=False playing=False
18:13:05 DEBUG Thread-1 scan t_age=None score=0/24 red_total=0 blob=0 aspect=0.00 fg='Star Citizen ' sc=True A=False B=False playing=False
18:13:07 DEBUG Thread-1 scan t_age=None score=0/24 red_total=0 blob=0 aspect=0.00 fg='Star Citizen ' sc=True A=False B=False playing=False
18:13:09 INFO Thread-3 (process) T pressed (event scan_code=20 name=t) - template reset
18:13:09 INFO Thread-1 T-snapshot #6 saved: red=0 roi=t006_181309_score=0_blob=0_red=0_asp=0.0.png ctx=t006_181309_context.png
18:13:09 DEBUG Thread-1 scan t_age=0.40 score=0/24 red_total=0 blob=0 aspect=0.00 fg='Star Citizen ' sc=True A=True B=False playing=False
18:13:11 DEBUG Thread-1 scan t_age=2.48 score=0/24 red_total=0 blob=0 aspect=0.00 fg='Star Citizen ' sc=True A=True B=False playing=False
18:13:13 DEBUG Thread-1 scan t_age=4.51 score=227/24 red_total=227 blob=11 aspect=10.00 fg='Star Citizen ' sc=True A=True B=True playing=False
18:13:13 INFO Thread-1 LOCK TRIGGER: starting music
18:13:13 INFO Thread-1 Music started: NA - SOILWORK - Rejection Role (OFFICIAL MUSIC VIDEO)
18:13:15 DEBUG Thread-1 scan t_age=6.56 score=134/24 red_total=145 blob=17 aspect=11.00 fg='Star Citizen ' sc=True A=True B=True playing=True
18:13:17 DEBUG Thread-1 scan t_age=8.60 score=1/24 red_total=1 blob=1 aspect=1.00 fg='Star Citizen ' sc=True A=True B=False playing=True
18:13:20 DEBUG Thread-1 scan t_age=10.63 score=0/24 red_total=0 blob=0 aspect=0.00 fg='Star Citizen ' sc=True A=True B=False playing=True
18:13:22 DEBUG Thread-1 scan t_age=12.67 score=52/24 red_total=52 blob=6 aspect=3.00 fg='Star Citizen ' sc=True A=True B=True playing=True
18:13:24 DEBUG Thread-1 scan t_age=14.71 score=106/24 red_total=106 blob=7 aspect=3.00 fg='Star Citizen ' sc=True A=True B=True playing=True
18:13:26 DEBUG Thread-1 scan t_age=16.75 score=149/24 red_total=149 blob=11 aspect=3.50 fg='Star Citizen ' sc=True A=True B=True playing=True
18:13:28 DEBUG Thread-1 scan t_age=18.79 score=0/24 red_total=0 blob=0 aspect=0.00 fg='Star Citizen ' sc=True A=True B=False playing=True
18:13:30 DEBUG Thread-1 scan t_age=20.83 score=17/24 red_total=17 blob=12 aspect=2.00 fg='Star Citizen ' sc=True A=False B=False playing=True
18:13:32 DEBUG Thread-1 scan t_age=22.87 score=0/24 red_total=0 blob=0 aspect=0.00 fg='Star Citizen ' sc=True A=False B=False playing=True
18:13:34 DEBUG Thread-1 scan t_age=24.91 score=0/24 red_total=0 blob=0 aspect=0.00 fg='Star Citizen ' sc=True A=False B=False playing=True
18:13:34 INFO Thread-1 Lock-lost timeout reached (5s): music stopped, T invalidated
18:13:35 INFO Thread-3 (process) T pressed (event scan_code=20 name=t) - template reset
18:13:36 INFO Thread-1 T-snapshot #7 saved: red=0 roi=t007_181336_score=0_blob=0_red=0_asp=0.0.png ctx=t007_181336_context.png
18:13:36 DEBUG Thread-1 scan t_age=0.39 score=0/24 red_total=0 blob=0 aspect=0.00 fg='Star Citizen ' sc=True A=True B=False playing=False
18:13:38 DEBUG Thread-1 scan t_age=2.47 score=0/24 red_total=0 blob=0 aspect=0.00 fg='Star Citizen ' sc=True A=True B=False playing=False
18:13:40 DEBUG Thread-1 scan t_age=4.51 score=0/24 red_total=0 blob=0 aspect=0.00 fg='Star Citizen ' sc=True A=True B=False playing=False
18:13:42 DEBUG Thread-1 scan t_age=6.54 score=2/24 red_total=2 blob=1 aspect=1.00 fg='Star Citizen ' sc=True A=True B=False playing=False
18:13:42 INFO Thread-3 (process) T pressed (event scan_code=20 name=t) - template reset
18:13:43 INFO Thread-3 (process) T pressed (event scan_code=20 name=t) - template reset
18:13:44 INFO Thread-1 T-snapshot #8 saved: red=15 roi=t008_181344_score=15_blob=3_red=15_asp=3.0.png ctx=t008_181344_context.png
18:13:44 DEBUG Thread-1 scan t_age=1.51 score=15/24 red_total=15 blob=3 aspect=3.00 fg='Star Citizen ' sc=True A=True B=False playing=False
18:13:46 DEBUG Thread-1 scan t_age=3.60 score=19/24 red_total=19 blob=3 aspect=3.00 fg='Star Citizen ' sc=True A=True B=False playing=False
18:13:48 DEBUG Thread-1 scan t_age=5.64 score=52/24 red_total=52 blob=9 aspect=7.00 fg='Star Citizen ' sc=True A=True B=True playing=False
18:13:48 INFO Thread-1 LOCK TRIGGER: starting music
18:13:48 INFO Thread-1 Music started: NA - SOILWORK - Rejection Role (OFFICIAL MUSIC VIDEO)
18:13:50 DEBUG Thread-1 scan t_age=7.68 score=36/24 red_total=36 blob=8 aspect=6.00 fg='Star Citizen ' sc=True A=True B=True playing=True
18:13:52 DEBUG Thread-1 scan t_age=9.71 score=8/24 red_total=8 blob=2 aspect=2.00 fg='Star Citizen ' sc=True A=True B=False playing=True
18:13:54 DEBUG Thread-1 scan t_age=11.75 score=0/24 red_total=0 blob=0 aspect=0.00 fg='Star Citizen ' sc=True A=True B=False playing=True
18:13:56 DEBUG Thread-1 scan t_age=13.79 score=10/24 red_total=10 blob=4 aspect=2.00 fg='Star Citizen ' sc=True A=True B=False playing=True
18:13:58 DEBUG Thread-1 scan t_age=15.82 score=35/24 red_total=35 blob=5 aspect=3.00 fg='Star Citizen ' sc=True A=True B=True playing=True
18:14:00 DEBUG Thread-1 scan t_age=17.86 score=0/24 red_total=0 blob=0 aspect=0.00 fg='Star Citizen ' sc=True A=True B=False playing=True
18:14:02 DEBUG Thread-1 scan t_age=19.90 score=9/24 red_total=9 blob=4 aspect=4.00 fg='Star Citizen ' sc=True A=True B=False playing=True
18:14:06 INFO Thread-1 Lock-lost timeout reached (5s): music stopped, T invalidated
18:14:15 INFO Thread-3 (process) T pressed (event scan_code=20 name=t) - template reset
18:14:16 INFO Thread-3 (process) T pressed (event scan_code=20 name=t) - template reset
18:14:17 INFO Thread-1 T-snapshot #9 saved: red=0 roi=t009_181417_score=0_blob=0_red=0_asp=0.0.png ctx=t009_181417_context.png
18:14:19 DEBUG Thread-1 scan t_age=3.01 score=2/24 red_total=2 blob=1 aspect=1.00 fg='Star Citizen ' sc=True A=True B=False playing=False
18:14:21 DEBUG Thread-1 scan t_age=5.05 score=1/24 red_total=1 blob=1 aspect=1.00 fg='Star Citizen ' sc=True A=True B=False playing=False
18:14:23 DEBUG Thread-1 scan t_age=7.09 score=0/24 red_total=0 blob=0 aspect=0.00 fg='Star Citizen ' sc=True A=True B=False playing=False
18:14:25 DEBUG Thread-1 scan t_age=9.12 score=55/24 red_total=55 blob=7 aspect=3.50 fg='Star Citizen ' sc=True A=True B=True playing=False
18:14:25 INFO Thread-1 LOCK TRIGGER: starting music
18:14:25 INFO Thread-1 Music started: NA - SOILWORK - Rejection Role (OFFICIAL MUSIC VIDEO)
18:14:25 INFO Thread-3 (process) T pressed (event scan_code=20 name=t) - template reset
18:14:26 INFO Thread-3 (process) T pressed (event scan_code=20 name=t) - template reset
18:14:27 INFO Thread-1 T-snapshot #10 saved: red=20 roi=t010_181427_score=20_blob=5_red=20_asp=5.0.png ctx=t010_181427_context.png
18:14:27 DEBUG Thread-1 scan t_age=1.32 score=20/24 red_total=20 blob=5 aspect=5.00 fg='Star Citizen ' sc=True A=True B=False playing=True
18:14:29 DEBUG Thread-1 scan t_age=3.40 score=78/24 red_total=78 blob=10 aspect=5.00 fg='Star Citizen ' sc=True A=True B=True playing=True
18:14:31 DEBUG Thread-1 scan t_age=5.44 score=18/24 red_total=18 blob=2 aspect=2.00 fg='Star Citizen ' sc=True A=True B=False playing=True
18:14:33 DEBUG Thread-1 scan t_age=7.48 score=0/24 red_total=0 blob=0 aspect=0.00 fg='Star Citizen ' sc=True A=True B=False playing=True
18:14:35 DEBUG Thread-1 scan t_age=9.52 score=225/24 red_total=225 blob=21 aspect=9.00 fg='Star Citizen ' sc=True A=True B=True playing=True
18:14:37 DEBUG Thread-1 scan t_age=11.56 score=124/24 red_total=124 blob=24 aspect=4.00 fg='Star Citizen ' sc=True A=True B=True playing=True
18:14:39 DEBUG Thread-1 scan t_age=13.59 score=126/24 red_total=126 blob=39 aspect=4.00 fg='Star Citizen ' sc=True A=True B=True playing=True
18:14:41 DEBUG Thread-1 scan t_age=15.63 score=39/24 red_total=39 blob=17 aspect=2.00 fg='Star Citizen ' sc=True A=True B=True playing=True
18:14:43 DEBUG Thread-1 scan t_age=17.67 score=34/24 red_total=34 blob=3 aspect=3.00 fg='Star Citizen ' sc=True A=True B=True playing=True
18:14:45 DEBUG Thread-1 scan t_age=19.70 score=36/24 red_total=36 blob=19 aspect=3.00 fg='Star Citizen ' sc=True A=True B=True playing=True
18:14:47 DEBUG Thread-1 scan t_age=21.73 score=30/24 red_total=30 blob=7 aspect=7.00 fg='Star Citizen ' sc=True A=False B=True playing=True
18:14:49 DEBUG Thread-1 scan t_age=23.77 score=30/24 red_total=30 blob=7 aspect=7.00 fg='Star Citizen ' sc=True A=False B=True playing=True
18:14:51 DEBUG Thread-1 scan t_age=25.81 score=30/24 red_total=30 blob=8 aspect=8.00 fg='Star Citizen ' sc=True A=False B=True playing=True
18:14:53 DEBUG Thread-1 scan t_age=27.84 score=30/24 red_total=30 blob=10 aspect=10.00 fg='Star Citizen ' sc=True A=False B=True playing=True
18:14:55 DEBUG Thread-1 scan t_age=29.88 score=31/24 red_total=31 blob=9 aspect=9.00 fg='Star Citizen ' sc=True A=False B=True playing=True
18:15:00 INFO Thread-3 (process) T pressed (event scan_code=20 name=t) - template reset
18:15:01 INFO Thread-3 (process) T pressed (event scan_code=20 name=t) - template reset
18:15:01 INFO Thread-3 (process) T pressed (event scan_code=20 name=t) - template reset
18:15:02 INFO Thread-1 T-snapshot #11 saved: red=30 roi=t011_181502_score=30_blob=10_red=30_asp=10.0.png ctx=t011_181502_context.png
18:15:02 INFO Thread-3 (process) T pressed (event scan_code=20 name=t) - template reset
18:15:03 INFO Thread-3 (process) T pressed (event scan_code=20 name=t) - template reset
18:15:03 INFO Thread-3 (process) T pressed (event scan_code=20 name=t) - template reset
18:15:04 INFO Thread-3 (process) T pressed (event scan_code=20 name=t) - template reset
18:15:04 INFO Thread-1 T-snapshot #12 saved: red=20 roi=t012_181504_score=20_blob=12_red=32_asp=12.0.png ctx=t012_181504_context.png
18:15:04 INFO Thread-1 Lock-lost timeout reached (5s): music stopped, T invalidated
18:15:04 INFO Thread-3 (process) T pressed (event scan_code=20 name=t) - template reset
18:15:04 INFO Thread-3 (process) T pressed (event scan_code=20 name=t) - template reset
18:15:06 INFO Thread-1 T-snapshot #13 saved: red=31 roi=t013_181506_score=31_blob=8_red=31_asp=8.0.png ctx=t013_181506_context.png
18:15:06 INFO Thread-3 (process) T pressed (event scan_code=20 name=t) - template reset
18:15:08 INFO Thread-1 T-snapshot #14 saved: red=33 roi=t014_181508_score=33_blob=14_red=33_asp=5.0.png ctx=t014_181508_context.png
18:15:11 INFO MainThread === mainloop exited normally ===
18:15:12 INFO MainThread --- process exiting cleanly via atexit ---
18:15:15 INFO MainThread ================================================================
18:15:15 INFO MainThread SC Lock Radio module imported. pid=41008 python=3.12.4
18:15:15 INFO MainThread Script=c:\Users\Duke\Downloads\SCLockRadio\SCLockRadio.py
18:15:15 INFO MainThread === SC Lock Radio start. cwd=c:\Users\Duke\Downloads\SCLockRadio pid=41008 ===
18:15:15 INFO MainThread Running as admin: True
18:15:19 INFO Thread-1 Detector thread starting. Region={'left': 1152, 'top': 648, 'width': 256, 'height': 144} mon=(2560x1440)
18:15:19 INFO Thread-1 Keyboard hook installed for T
18:15:19 DEBUG Thread-1 scan t_age=None score=30/40 red_total=30 blob=8 aspect=8.00 fg='SC Lock Radio' sc=False A=False B=False playing=False
18:15:21 DEBUG Thread-1 scan t_age=None score=31/40 red_total=31 blob=10 aspect=10.00 fg='Star Citizen ' sc=True A=False B=False playing=False
18:15:22 INFO Thread-3 (process) T pressed (event scan_code=20 name=t) - template reset
18:15:23 INFO Thread-1 T-snapshot #1 saved: red=32 roi=t001_181523_score=32_blob=17_red=32_asp=1.3.png ctx=t001_181523_context.png
18:15:23 DEBUG Thread-1 scan t_age=0.78 score=32/40 red_total=32 blob=17 aspect=1.33 fg='Star Citizen ' sc=True A=True B=False playing=False
18:15:25 DEBUG Thread-1 scan t_age=2.88 score=1/40 red_total=1 blob=1 aspect=1.00 fg='Star Citizen ' sc=True A=True B=False playing=False
18:15:27 DEBUG Thread-1 scan t_age=4.92 score=0/40 red_total=0 blob=0 aspect=0.00 fg='Star Citizen ' sc=True A=True B=False playing=False
18:15:29 DEBUG Thread-1 scan t_age=6.95 score=11/40 red_total=11 blob=2 aspect=2.00 fg='Star Citizen ' sc=True A=True B=False playing=False
18:15:31 DEBUG Thread-1 scan t_age=8.99 score=0/40 red_total=0 blob=0 aspect=0.00 fg='Star Citizen ' sc=True A=True B=False playing=False
18:15:33 DEBUG Thread-1 scan t_age=11.02 score=0/40 red_total=0 blob=0 aspect=0.00 fg='Star Citizen ' sc=True A=True B=False playing=False
18:15:35 DEBUG Thread-1 scan t_age=13.05 score=1/40 red_total=1 blob=1 aspect=1.00 fg='Star Citizen ' sc=True A=True B=False playing=False
18:15:37 DEBUG Thread-1 scan t_age=15.09 score=19/40 red_total=19 blob=2 aspect=2.00 fg='Star Citizen ' sc=True A=True B=False playing=False
18:15:39 DEBUG Thread-1 scan t_age=17.12 score=0/40 red_total=0 blob=0 aspect=0.00 fg='SC Lock Radio' sc=False A=True B=False playing=False
18:15:41 DEBUG Thread-1 scan t_age=19.16 score=1/30 red_total=1 blob=1 aspect=1.00 fg='SC Lock Radio' sc=False A=True B=False playing=False
18:15:43 DEBUG Thread-1 scan t_age=21.19 score=0/30 red_total=0 blob=0 aspect=0.00 fg='Star Citizen ' sc=True A=False B=False playing=False
18:15:45 DEBUG Thread-1 scan t_age=23.24 score=4/30 red_total=4 blob=2 aspect=2.00 fg='Star Citizen ' sc=True A=False B=False playing=False
18:15:47 DEBUG Thread-1 scan t_age=25.27 score=0/30 red_total=0 blob=0 aspect=0.00 fg='Star Citizen ' sc=True A=False B=False playing=False
18:15:50 DEBUG Thread-1 scan t_age=27.30 score=52/30 red_total=52 blob=6 aspect=5.00 fg='Star Citizen ' sc=True A=False B=True playing=False
18:15:52 DEBUG Thread-1 scan t_age=29.34 score=1/30 red_total=1 blob=1 aspect=1.00 fg='Star Citizen ' sc=True A=False B=False playing=False
18:15:54 DEBUG Thread-1 scan t_age=31.37 score=1/30 red_total=1 blob=1 aspect=1.00 fg='Star Citizen ' sc=True A=False B=False playing=False
18:15:56 DEBUG Thread-1 scan t_age=33.41 score=0/30 red_total=0 blob=0 aspect=0.00 fg='Star Citizen ' sc=True A=False B=False playing=False
18:15:58 DEBUG Thread-1 scan t_age=35.44 score=0/24 red_total=0 blob=0 aspect=0.00 fg='SC Lock Radio' sc=False A=False B=False playing=False
18:16:00 DEBUG Thread-1 scan t_age=37.48 score=1/20 red_total=1 blob=1 aspect=1.00 fg='Star Citizen ' sc=True A=False B=False playing=False
18:16:02 DEBUG Thread-1 scan t_age=39.51 score=1/20 red_total=1 blob=1 aspect=1.00 fg='Star Citizen ' sc=True A=False B=False playing=False
18:16:03 INFO Thread-3 (process) T pressed (event scan_code=20 name=t) - template reset
18:16:04 INFO Thread-1 T-snapshot #2 saved: red=0 roi=t002_181604_score=0_blob=0_red=0_asp=0.0.png ctx=t002_181604_context.png
18:16:04 DEBUG Thread-1 scan t_age=0.55 score=0/20 red_total=0 blob=0 aspect=0.00 fg='Star Citizen ' sc=True A=True B=False playing=False
18:16:04 INFO Thread-3 (process) T pressed (event scan_code=20 name=t) - template reset
18:16:05 INFO Thread-3 (process) T pressed (event scan_code=20 name=t) - template reset
18:16:06 INFO Thread-1 T-snapshot #3 saved: red=15 roi=t003_181606_score=15_blob=14_red=29_asp=14.0.png ctx=t003_181606_context.png
18:16:06 DEBUG Thread-1 scan t_age=0.41 score=15/20 red_total=29 blob=14 aspect=14.00 fg='Star Citizen ' sc=True A=True B=False playing=False
18:16:08 DEBUG Thread-1 scan t_age=2.49 score=0/20 red_total=0 blob=0 aspect=0.00 fg='Star Citizen ' sc=True A=True B=False playing=False
18:16:10 DEBUG Thread-1 scan t_age=4.53 score=0/20 red_total=0 blob=0 aspect=0.00 fg='Star Citizen ' sc=True A=True B=False playing=False
18:16:12 DEBUG Thread-1 scan t_age=6.56 score=9/20 red_total=9 blob=3 aspect=3.00 fg='Star Citizen ' sc=True A=True B=False playing=False
18:16:14 DEBUG Thread-1 scan t_age=8.60 score=6/20 red_total=6 blob=6 aspect=6.00 fg='Star Citizen ' sc=True A=True B=False playing=False
18:16:16 DEBUG Thread-1 scan t_age=10.64 score=0/20 red_total=0 blob=0 aspect=0.00 fg='Star Citizen ' sc=True A=True B=False playing=False
18:16:18 DEBUG Thread-1 scan t_age=12.68 score=0/20 red_total=0 blob=0 aspect=0.00 fg='SC Lock Radio' sc=False A=True B=False playing=False
18:16:22 INFO Thread-3 (process) T pressed (event scan_code=20 name=t) - template reset
18:16:22 INFO Thread-3 (process) T pressed (event scan_code=20 name=t) - template reset
18:16:22 INFO Thread-1 T-snapshot #4 saved: red=0 roi=t004_181622_score=0_blob=0_red=0_asp=0.0.png ctx=t004_181622_context.png
18:16:22 INFO Thread-3 (process) T pressed (event scan_code=20 name=t) - template reset
18:16:23 INFO Thread-3 (process) T pressed (event scan_code=20 name=t) - template reset
18:16:24 INFO Thread-1 T-snapshot #5 saved: red=0 roi=t005_181624_score=0_blob=0_red=0_asp=0.0.png ctx=t005_181624_context.png
18:16:25 INFO Thread-3 (process) T pressed (event scan_code=20 name=t) - template reset
18:16:26 INFO Thread-3 (process) T pressed (event scan_code=20 name=T) - template reset
18:16:26 INFO Thread-1 T-snapshot #6 saved: red=15 roi=t006_181626_score=15_blob=3_red=15_asp=3.0.png ctx=t006_181626_context.png
18:16:41 DEBUG Thread-1 scan t_age=15.00 score=0/20 red_total=0 blob=0 aspect=0.00 fg='Star Citizen ' sc=True A=True B=False playing=False
18:16:42 INFO Thread-3 (process) T pressed (event scan_code=20 name=t) - template reset
18:16:42 INFO Thread-3 (process) T pressed (event scan_code=20 name=t) - template reset
18:16:43 INFO Thread-1 T-snapshot #7 saved: red=0 roi=t007_181643_score=0_blob=0_red=0_asp=0.0.png ctx=t007_181643_context.png
18:16:43 DEBUG Thread-1 scan t_age=0.22 score=0/20 red_total=0 blob=0 aspect=0.00 fg='Star Citizen ' sc=True A=True B=False playing=False
18:16:45 DEBUG Thread-1 scan t_age=2.31 score=0/20 red_total=0 blob=0 aspect=0.00 fg='Star Citizen ' sc=True A=True B=False playing=False
18:16:47 DEBUG Thread-1 scan t_age=4.35 score=3/20 red_total=3 blob=2 aspect=2.00 fg='Star Citizen ' sc=True A=True B=False playing=False
18:16:49 DEBUG Thread-1 scan t_age=6.39 score=0/20 red_total=0 blob=0 aspect=0.00 fg='Star Citizen ' sc=True A=True B=False playing=False
18:16:51 DEBUG Thread-1 scan t_age=8.43 score=7/20 red_total=7 blob=4 aspect=4.00 fg='Star Citizen ' sc=True A=True B=False playing=False
18:16:53 DEBUG Thread-1 scan t_age=10.47 score=0/20 red_total=0 blob=0 aspect=0.00 fg='Star Citizen ' sc=True A=True B=False playing=False
18:16:57 DEBUG Thread-1 scan t_age=14.54 score=0/10 red_total=0 blob=0 aspect=0.00 fg='SC Lock Radio' sc=False A=True B=False playing=False
18:16:59 INFO Thread-3 (process) T pressed (event scan_code=20 name=t) - template reset
18:16:59 INFO Thread-1 T-snapshot #8 saved: red=0 roi=t008_181659_score=0_blob=0_red=0_asp=0.0.png ctx=t008_181659_context.png
18:16:59 DEBUG Thread-1 scan t_age=0.10 score=0/10 red_total=0 blob=0 aspect=0.00 fg='Star Citizen ' sc=True A=True B=False playing=False
18:17:00 INFO Thread-3 (process) T pressed (event scan_code=20 name=t) - template reset
18:17:01 INFO Thread-1 T-snapshot #9 saved: red=1 roi=t009_181701_score=1_blob=1_red=1_asp=1.0.png ctx=t009_181701_context.png
18:17:01 DEBUG Thread-1 scan t_age=0.80 score=1/10 red_total=1 blob=1 aspect=1.00 fg='Star Citizen ' sc=True A=True B=False playing=False
18:17:02 INFO Thread-3 (process) T pressed (event scan_code=20 name=t) - template reset
18:17:03 INFO Thread-3 (process) T pressed (event scan_code=20 name=t) - template reset
18:17:03 INFO Thread-1 T-snapshot #10 saved: red=0 roi=t010_181703_score=0_blob=0_red=0_asp=0.0.png ctx=t010_181703_context.png
18:17:03 DEBUG Thread-1 scan t_age=0.01 score=0/10 red_total=0 blob=0 aspect=0.00 fg='Star Citizen ' sc=True A=True B=False playing=False
18:17:05 DEBUG Thread-1 scan t_age=2.10 score=0/10 red_total=0 blob=0 aspect=0.00 fg='Star Citizen ' sc=True A=True B=False playing=False
18:17:07 DEBUG Thread-1 scan t_age=4.13 score=0/10 red_total=0 blob=0 aspect=0.00 fg='Star Citizen ' sc=True A=True B=False playing=False
18:17:09 DEBUG Thread-1 scan t_age=6.17 score=2/10 red_total=79 blob=77 aspect=77.00 fg='Star Citizen ' sc=True A=True B=False playing=False
18:17:11 DEBUG Thread-1 scan t_age=8.20 score=5/10 red_total=27 blob=22 aspect=10.50 fg='Star Citizen ' sc=True A=True B=False playing=False
18:17:12 INFO Thread-3 (process) T pressed (event scan_code=20 name=t) - template reset
18:17:14 INFO Thread-1 T-snapshot #11 saved: red=0 roi=t011_181713_score=0_blob=0_red=0_asp=0.0.png ctx=t011_181713_context.png
18:17:14 DEBUG Thread-1 scan t_age=1.65 score=0/10 red_total=0 blob=0 aspect=0.00 fg='Star Citizen ' sc=True A=True B=False playing=False
18:17:16 DEBUG Thread-1 scan t_age=3.73 score=0/10 red_total=0 blob=0 aspect=0.00 fg='Star Citizen ' sc=True A=True B=False playing=False
18:17:18 DEBUG Thread-1 scan t_age=5.77 score=1/10 red_total=1 blob=1 aspect=1.00 fg='Star Citizen ' sc=True A=True B=False playing=False
18:17:20 DEBUG Thread-1 scan t_age=7.80 score=6/10 red_total=6 blob=2 aspect=2.00 fg='Star Citizen ' sc=True A=True B=False playing=False
18:17:22 DEBUG Thread-1 scan t_age=9.84 score=0/10 red_total=0 blob=0 aspect=0.00 fg='Star Citizen ' sc=True A=True B=False playing=False
18:17:24 DEBUG Thread-1 scan t_age=11.87 score=8/10 red_total=8 blob=2 aspect=2.00 fg='Star Citizen ' sc=True A=True B=False playing=False
18:17:27 INFO MainThread === mainloop exited normally ===
18:17:27 INFO MainThread --- process exiting cleanly via atexit ---
18:17:36 INFO MainThread ================================================================
18:17:36 INFO MainThread SC Lock Radio module imported. pid=22132 python=3.12.4
18:17:36 INFO MainThread Script=c:\Users\Duke\Downloads\SCLockRadio\SCLockRadio.py
18:17:36 INFO MainThread === SC Lock Radio start. cwd=c:\Users\Duke\Downloads\SCLockRadio pid=22132 ===
18:17:36 INFO MainThread Running as admin: True
18:17:41 INFO Thread-1 Detector thread starting. Region={'left': 1152, 'top': 648, 'width': 256, 'height': 144} mon=(2560x1440)
18:17:41 INFO Thread-1 Keyboard hook installed for T
18:17:41 DEBUG Thread-1 scan t_age=None score=0/10 red_total=0 blob=0 aspect=0.00 fg='SC Lock Radio' sc=False A=False B=False playing=False
18:17:43 DEBUG Thread-1 scan t_age=None score=0/10 red_total=0 blob=0 aspect=0.00 fg='SC Lock Radio' sc=False A=False B=False playing=False
18:17:45 DEBUG Thread-1 scan t_age=None score=0/10 red_total=0 blob=0 aspect=0.00 fg='Star Citizen ' sc=True A=False B=False playing=False
18:17:46 INFO Thread-3 (process) T pressed (event scan_code=20 name=t) - template reset
18:17:47 INFO Thread-3 (process) T pressed (event scan_code=20 name=t) - template reset
18:17:48 INFO Thread-1 T-snapshot #1 saved: red=112 roi=t001_181747_score=112_blob=22_red=112_asp=8.0.png ctx=t001_181747_context.png
18:17:48 DEBUG Thread-1 scan t_age=0.66 score=112/10 red_total=112 blob=22 aspect=8.00 fg='Star Citizen ' sc=True A=True B=True playing=False
18:17:48 INFO Thread-1 LOCK TRIGGER: starting music
18:17:48 INFO Thread-1 Music started: Hans Zimmer - Epilogue
18:17:50 DEBUG Thread-1 scan t_age=2.77 score=0/10 red_total=0 blob=0 aspect=0.00 fg='Star Citizen ' sc=True A=True B=False playing=True
18:17:52 DEBUG Thread-1 scan t_age=4.81 score=0/10 red_total=0 blob=0 aspect=0.00 fg='Star Citizen ' sc=True A=True B=False playing=True
18:17:54 DEBUG Thread-1 scan t_age=6.85 score=1/10 red_total=1 blob=1 aspect=1.00 fg='Star Citizen ' sc=True A=True B=False playing=True
18:17:56 DEBUG Thread-1 scan t_age=8.88 score=40/10 red_total=56 blob=16 aspect=16.00 fg='Star Citizen ' sc=True A=True B=True playing=True
18:17:58 DEBUG Thread-1 scan t_age=10.92 score=121/10 red_total=121 blob=8 aspect=6.00 fg='Star Citizen ' sc=True A=True B=True playing=True
18:18:00 DEBUG Thread-1 scan t_age=12.95 score=1/10 red_total=1 blob=1 aspect=1.00 fg='Star Citizen ' sc=True A=True B=False playing=True
18:18:02 DEBUG Thread-1 scan t_age=14.99 score=4/10 red_total=4 blob=2 aspect=2.00 fg='Star Citizen ' sc=True A=True B=False playing=True
18:18:04 DEBUG Thread-1 scan t_age=17.02 score=0/10 red_total=0 blob=0 aspect=0.00 fg='Star Citizen ' sc=True A=True B=False playing=True
18:18:06 DEBUG Thread-1 scan t_age=19.06 score=4/10 red_total=4 blob=1 aspect=1.00 fg='Star Citizen ' sc=True A=True B=False playing=True
18:18:06 INFO Thread-1 Lock-lost timeout reached (5s): music stopped, T invalidated
18:18:08 DEBUG Thread-1 scan t_age=None score=3/10 red_total=3 blob=2 aspect=2.00 fg='Star Citizen ' sc=True A=False B=False playing=False
18:18:10 DEBUG Thread-1 scan t_age=None score=0/10 red_total=0 blob=0 aspect=0.00 fg='Star Citizen ' sc=True A=False B=False playing=False
18:18:11 INFO Thread-3 (process) T pressed (event scan_code=20 name=t) - template reset
18:18:12 INFO Thread-1 T-snapshot #2 saved: red=19 roi=t002_181812_score=19_blob=19_red=19_asp=1.0.png ctx=t002_181812_context.png
18:18:12 DEBUG Thread-1 scan t_age=0.87 score=19/10 red_total=19 blob=19 aspect=1.00 fg='Star Citizen ' sc=True A=True B=True playing=False
18:18:12 INFO Thread-1 LOCK TRIGGER: starting music
18:18:12 INFO Thread-1 Music started: Hans Zimmer - Epilogue
18:18:13 INFO Thread-3 (process) T pressed (event scan_code=20 name=t) - template reset
18:18:14 INFO Thread-1 T-snapshot #3 saved: red=0 roi=t003_181814_score=0_blob=0_red=0_asp=0.0.png ctx=t003_181814_context.png
18:18:14 DEBUG Thread-1 scan t_age=1.46 score=0/10 red_total=0 blob=0 aspect=0.00 fg='Star Citizen ' sc=True A=True B=False playing=True
18:18:16 DEBUG Thread-1 scan t_age=3.54 score=50/10 red_total=50 blob=5 aspect=3.00 fg='Star Citizen ' sc=True A=True B=True playing=True
18:18:18 DEBUG Thread-1 scan t_age=5.58 score=38/10 red_total=38 blob=7 aspect=7.00 fg='Star Citizen ' sc=True A=True B=True playing=True
18:18:20 DEBUG Thread-1 scan t_age=7.62 score=1/10 red_total=1 blob=1 aspect=1.00 fg='Star Citizen ' sc=True A=True B=False playing=True
18:18:22 DEBUG Thread-1 scan t_age=9.66 score=0/10 red_total=0 blob=0 aspect=0.00 fg='Star Citizen ' sc=True A=True B=False playing=True
18:18:24 DEBUG Thread-1 scan t_age=11.69 score=0/10 red_total=0 blob=0 aspect=0.00 fg='Star Citizen ' sc=True A=True B=False playing=True
18:18:26 DEBUG Thread-1 scan t_age=13.72 score=0/10 red_total=0 blob=0 aspect=0.00 fg='Star Citizen ' sc=True A=True B=False playing=True
18:18:26 INFO Thread-1 Lock-lost timeout reached (5s): music stopped, T invalidated
18:18:28 DEBUG Thread-1 scan t_age=None score=2/10 red_total=2 blob=2 aspect=2.00 fg='SC Lock Radio' sc=False A=False B=False playing=False
18:18:35 DEBUG Thread-1 scan t_age=None score=0/10 red_total=0 blob=0 aspect=0.00 fg='Star Citizen ' sc=True A=False B=False playing=False
18:18:37 DEBUG Thread-1 scan t_age=None score=2/10 red_total=2 blob=1 aspect=1.00 fg='Star Citizen ' sc=True A=False B=False playing=False
18:18:39 DEBUG Thread-1 scan t_age=None score=0/10 red_total=0 blob=0 aspect=0.00 fg='Star Citizen ' sc=True A=False B=False playing=False
18:18:39 INFO Thread-3 (process) T pressed (event scan_code=20 name=t) - template reset
18:18:40 INFO Thread-3 (process) T pressed (event scan_code=20 name=t) - template reset
18:18:41 INFO Thread-1 T-snapshot #4 saved: red=0 roi=t004_181841_score=0_blob=0_red=0_asp=0.0.png ctx=t004_181841_context.png
18:18:41 DEBUG Thread-1 scan t_age=1.10 score=0/10 red_total=0 blob=0 aspect=0.00 fg='Star Citizen ' sc=True A=True B=False playing=False
18:18:43 DEBUG Thread-1 scan t_age=3.18 score=36/10 red_total=36 blob=19 aspect=5.00 fg='Star Citizen ' sc=True A=True B=True playing=False
18:18:43 INFO Thread-1 LOCK TRIGGER: starting music
18:18:43 INFO Thread-1 Music started: Hans Zimmer - Epilogue
18:18:45 DEBUG Thread-1 scan t_age=5.23 score=18/10 red_total=18 blob=3 aspect=3.00 fg='Star Citizen ' sc=True A=True B=True playing=True
18:18:47 DEBUG Thread-1 scan t_age=7.26 score=7/10 red_total=7 blob=1 aspect=1.00 fg='Star Citizen ' sc=True A=True B=False playing=True
18:18:49 DEBUG Thread-1 scan t_age=9.30 score=20/10 red_total=20 blob=3 aspect=3.00 fg='Star Citizen ' sc=True A=True B=True playing=True
18:18:51 DEBUG Thread-1 scan t_age=11.34 score=0/10 red_total=0 blob=0 aspect=0.00 fg='Star Citizen ' sc=True A=True B=False playing=True
18:18:53 DEBUG Thread-1 scan t_age=13.37 score=0/10 red_total=0 blob=0 aspect=0.00 fg='Star Citizen ' sc=True A=True B=False playing=True
18:18:55 DEBUG Thread-1 scan t_age=15.41 score=1/10 red_total=1 blob=1 aspect=1.00 fg='Star Citizen ' sc=True A=True B=False playing=True
18:18:57 DEBUG Thread-1 scan t_age=17.44 score=1/10 red_total=1 blob=1 aspect=1.00 fg='Star Citizen ' sc=True A=True B=False playing=True
18:18:57 INFO Thread-1 Lock-lost timeout reached (5s): music stopped, T invalidated
18:19:01 DEBUG Thread-1 scan t_age=None score=0/10 red_total=0 blob=0 aspect=0.00 fg='SC Lock Radio' sc=False A=False B=False playing=False
18:19:03 DEBUG Thread-1 scan t_age=None score=0/10 red_total=0 blob=0 aspect=0.00 fg='Star Citizen ' sc=True A=False B=False playing=False
18:19:05 DEBUG Thread-1 scan t_age=None score=0/10 red_total=0 blob=0 aspect=0.00 fg='Star Citizen ' sc=True A=False B=False playing=False
18:19:06 INFO Thread-3 (process) T pressed (event scan_code=20 name=t) - template reset
18:19:07 INFO Thread-1 T-snapshot #5 saved: red=0 roi=t005_181907_score=0_blob=0_red=0_asp=0.0.png ctx=t005_181907_context.png
18:19:07 DEBUG Thread-1 scan t_age=1.47 score=0/10 red_total=0 blob=0 aspect=0.00 fg='Star Citizen ' sc=True A=True B=False playing=False
18:19:09 DEBUG Thread-1 scan t_age=3.55 score=4/10 red_total=4 blob=1 aspect=1.00 fg='Star Citizen ' sc=True A=True B=False playing=False
18:19:11 DEBUG Thread-1 scan t_age=5.59 score=5/10 red_total=5 blob=1 aspect=1.00 fg='Star Citizen ' sc=True A=True B=False playing=False
18:19:13 DEBUG Thread-1 scan t_age=7.63 score=0/10 red_total=0 blob=0 aspect=0.00 fg='Star Citizen ' sc=True A=True B=False playing=False
18:19:15 INFO Thread-3 (process) T pressed (event scan_code=20 name=t) - template reset
18:19:15 INFO Thread-1 T-snapshot #6 saved: red=0 roi=t006_181915_score=0_blob=0_red=0_asp=0.0.png ctx=t006_181915_context.png
18:19:15 DEBUG Thread-1 scan t_age=0.49 score=0/10 red_total=0 blob=0 aspect=0.00 fg='Star Citizen ' sc=True A=True B=False playing=False
18:19:17 DEBUG Thread-1 scan t_age=2.58 score=33/10 red_total=33 blob=3 aspect=3.00 fg='Star Citizen ' sc=True A=True B=True playing=False
18:19:17 INFO Thread-1 LOCK TRIGGER: starting music
18:19:17 INFO Thread-1 Music started: Hans Zimmer - Epilogue
18:19:19 DEBUG Thread-1 scan t_age=4.62 score=58/10 red_total=84 blob=26 aspect=26.00 fg='Star Citizen ' sc=True A=True B=True playing=True
18:19:22 DEBUG Thread-1 scan t_age=6.66 score=336/10 red_total=336 blob=14 aspect=8.00 fg='Star Citizen ' sc=True A=True B=True playing=True
18:19:24 DEBUG Thread-1 scan t_age=8.70 score=0/10 red_total=0 blob=0 aspect=0.00 fg='Star Citizen ' sc=True A=True B=False playing=True
18:19:26 DEBUG Thread-1 scan t_age=10.74 score=1/10 red_total=1 blob=1 aspect=1.00 fg='Star Citizen ' sc=True A=True B=False playing=True
18:19:27 INFO Thread-3 (process) T pressed (event scan_code=20 name=t) - template reset
18:19:28 INFO Thread-1 T-snapshot #7 saved: red=0 roi=t007_181928_score=0_blob=0_red=0_asp=0.0.png ctx=t007_181928_context.png
18:19:28 DEBUG Thread-1 scan t_age=0.88 score=0/10 red_total=0 blob=0 aspect=0.00 fg='Star Citizen ' sc=True A=True B=False playing=True
18:19:30 DEBUG Thread-1 scan t_age=2.96 score=0/10 red_total=0 blob=0 aspect=0.00 fg='Star Citizen ' sc=True A=True B=False playing=True
18:19:30 INFO Thread-1 Lock-lost timeout reached (5s): music stopped, T invalidated
18:19:32 DEBUG Thread-1 scan t_age=None score=2/10 red_total=2 blob=1 aspect=1.00 fg='Star Citizen ' sc=True A=False B=False playing=False
18:19:34 DEBUG Thread-1 scan t_age=None score=0/10 red_total=0 blob=0 aspect=0.00 fg='SC Lock Radio' sc=False A=False B=False playing=False
18:19:36 INFO Thread-3 (process) T pressed (event scan_code=20 name=t) - template reset
18:19:38 INFO Thread-1 T-snapshot #8 saved: red=10 roi=t008_181938_score=10_blob=3_red=10_asp=1.5.png ctx=t008_181938_context.png
18:19:39 INFO Thread-3 (process) T pressed (event scan_code=20 name=t) - template reset
18:19:40 INFO Thread-1 T-snapshot #9 saved: red=0 roi=t009_181940_score=0_blob=0_red=0_asp=0.0.png ctx=t009_181940_context.png
18:19:41 INFO Thread-3 (process) T pressed (event scan_code=20 name=t) - template reset
18:19:41 INFO Thread-3 (process) T pressed (event scan_code=20 name=t) - template reset
18:19:42 INFO Thread-1 T-snapshot #10 saved: red=0 roi=t010_181942_score=0_blob=0_red=0_asp=0.0.png ctx=t010_181942_context.png
18:19:42 INFO Thread-3 (process) T pressed (event scan_code=20 name=t) - template reset
18:19:44 INFO Thread-1 T-snapshot #11 saved: red=0 roi=t011_181944_score=0_blob=0_red=0_asp=0.0.png ctx=t011_181944_context.png
18:19:52 DEBUG Thread-1 scan t_age=10.10 score=2/10 red_total=2 blob=1 aspect=1.00 fg='Star Citizen ' sc=True A=True B=False playing=False
18:19:53 INFO Thread-3 (process) T pressed (event scan_code=20 name=t) - template reset
18:19:54 INFO Thread-1 T-snapshot #12 saved: red=0 roi=t012_181954_score=0_blob=0_red=0_asp=0.0.png ctx=t012_181954_context.png
18:19:54 DEBUG Thread-1 scan t_age=1.59 score=0/10 red_total=0 blob=0 aspect=0.00 fg='Star Citizen ' sc=True A=True B=False playing=False
18:19:56 DEBUG Thread-1 scan t_age=3.68 score=0/10 red_total=0 blob=0 aspect=0.00 fg='Star Citizen ' sc=True A=True B=False playing=False
18:19:59 DEBUG Thread-1 scan t_age=5.72 score=71/10 red_total=71 blob=3 aspect=3.00 fg='Star Citizen ' sc=True A=True B=True playing=False
18:19:59 INFO Thread-1 LOCK TRIGGER: starting music
18:19:59 INFO Thread-1 Music started: Hans Zimmer - Epilogue
18:20:01 DEBUG Thread-1 scan t_age=7.77 score=18/10 red_total=18 blob=2 aspect=2.00 fg='Star Citizen ' sc=True A=True B=True playing=True
18:20:03 DEBUG Thread-1 scan t_age=9.81 score=0/10 red_total=0 blob=0 aspect=0.00 fg='Star Citizen ' sc=True A=True B=False playing=True
18:20:09 INFO Thread-1 Lock-lost timeout reached (5s): music stopped, T invalidated
18:20:13 DEBUG Thread-1 scan t_age=None score=0/10 red_total=0 blob=0 aspect=0.00 fg='' sc=False A=False B=False playing=False
18:20:14 INFO MainThread === mainloop exited normally ===
18:20:14 INFO MainThread --- process exiting cleanly via atexit ---
18:21:05 INFO MainThread ================================================================
18:21:05 INFO MainThread SC Lock Radio module imported. pid=11816 python=3.12.4
18:21:05 INFO MainThread Script=c:\Users\Duke\Downloads\SCLockRadio\SCLockRadio.py
18:21:05 INFO MainThread === SC Lock Radio start. cwd=c:\Users\Duke\Downloads\SCLockRadio pid=11816 ===
18:21:05 INFO MainThread Running as admin: True
18:21:15 INFO Thread-1 Detector thread starting. Region={'left': 1152, 'top': 648, 'width': 256, 'height': 144} mon=(2560x1440)
18:21:15 INFO Thread-1 Keyboard hook installed for T
18:21:15 DEBUG Thread-1 scan t_age=None score=0/5 red_total=0 blob=0 aspect=0.00 fg='SC Lock Radio' sc=False A=False B=False playing=False
18:21:17 DEBUG Thread-1 scan t_age=None score=0/5 red_total=0 blob=0 aspect=0.00 fg='SC Lock Radio' sc=False A=False B=False playing=False
18:21:19 DEBUG Thread-1 scan t_age=None score=0/5 red_total=0 blob=0 aspect=0.00 fg='Star Citizen ' sc=True A=False B=False playing=False
18:21:21 DEBUG Thread-1 scan t_age=None score=0/5 red_total=0 blob=0 aspect=0.00 fg='Star Citizen ' sc=True A=False B=False playing=False
18:21:23 DEBUG Thread-1 scan t_age=None score=1/5 red_total=1 blob=1 aspect=1.00 fg='Star Citizen ' sc=True A=False B=False playing=False
18:21:25 DEBUG Thread-1 scan t_age=None score=1/5 red_total=1 blob=1 aspect=1.00 fg='Star Citizen ' sc=True A=False B=False playing=False
18:21:25 INFO Thread-3 (process) T pressed (event scan_code=20 name=t) - template reset
18:21:27 INFO Thread-1 T-snapshot #1 saved: red=1 roi=t001_182127_score=1_blob=1_red=1_asp=1.0.png ctx=t001_182127_context.png
18:21:27 DEBUG Thread-1 scan t_age=1.90 score=1/5 red_total=1 blob=1 aspect=1.00 fg='Star Citizen ' sc=True A=True B=False playing=False
18:21:29 DEBUG Thread-1 scan t_age=4.00 score=0/5 red_total=0 blob=0 aspect=0.00 fg='Star Citizen ' sc=True A=True B=False playing=False
18:21:30 INFO Thread-3 (process) T pressed (event scan_code=20 name=t) - template reset
18:21:31 INFO Thread-1 T-snapshot #2 saved: red=132 roi=t002_182131_score=132_blob=56_red=132_asp=5.0.png ctx=t002_182131_context.png
18:21:31 DEBUG Thread-1 scan t_age=1.23 score=132/5 red_total=132 blob=56 aspect=5.00 fg='Star Citizen ' sc=True A=True B=True playing=False
18:21:31 INFO Thread-1 LOCK TRIGGER: starting music
18:21:31 INFO Thread-1 Music started: NA - Scar Symmetry - Alpha and Omega
18:21:33 DEBUG Thread-1 scan t_age=3.32 score=28/5 red_total=28 blob=4 aspect=3.00 fg='Star Citizen ' sc=True A=True B=True playing=True
18:21:35 DEBUG Thread-1 scan t_age=5.36 score=46/5 red_total=89 blob=23 aspect=23.00 fg='Star Citizen ' sc=True A=True B=True playing=True
18:21:37 DEBUG Thread-1 scan t_age=7.40 score=0/5 red_total=0 blob=0 aspect=0.00 fg='Star Citizen ' sc=True A=True B=False playing=True
18:21:40 DEBUG Thread-1 scan t_age=9.44 score=0/5 red_total=0 blob=0 aspect=0.00 fg='Star Citizen ' sc=True A=True B=False playing=True
18:21:42 DEBUG Thread-1 scan t_age=11.47 score=0/5 red_total=0 blob=0 aspect=0.00 fg='Star Citizen ' sc=True A=True B=False playing=True
18:21:44 DEBUG Thread-1 scan t_age=13.51 score=0/5 red_total=0 blob=0 aspect=0.00 fg='Star Citizen ' sc=True A=True B=False playing=True
18:21:44 INFO Thread-1 Lock-lost timeout reached (5s): music stopped, T invalidated
18:21:46 DEBUG Thread-1 scan t_age=None score=3/5 red_total=3 blob=2 aspect=2.00 fg='Star Citizen ' sc=True A=False B=False playing=False
18:21:47 INFO Thread-3 (process) T pressed (event scan_code=20 name=t) - template reset
18:21:47 INFO Thread-3 (process) T pressed (event scan_code=20 name=t) - template reset
18:21:48 INFO Thread-1 T-snapshot #3 saved: red=343 roi=t003_182148_score=343_blob=17_red=343_asp=9.0.png ctx=t003_182148_context.png
18:21:48 DEBUG Thread-1 scan t_age=0.69 score=343/5 red_total=343 blob=17 aspect=9.00 fg='Star Citizen ' sc=True A=True B=True playing=False
18:21:48 INFO Thread-1 LOCK TRIGGER: starting music
18:21:48 INFO Thread-1 Music started: NA - Scar Symmetry - Alpha and Omega
18:21:50 DEBUG Thread-1 scan t_age=2.79 score=17/5 red_total=17 blob=3 aspect=3.00 fg='Star Citizen ' sc=True A=True B=True playing=True
18:21:52 DEBUG Thread-1 scan t_age=4.83 score=3/5 red_total=3 blob=2 aspect=2.00 fg='Star Citizen ' sc=True A=True B=False playing=True
18:21:54 DEBUG Thread-1 scan t_age=6.87 score=0/5 red_total=0 blob=0 aspect=0.00 fg='Star Citizen ' sc=True A=True B=False playing=True
18:21:56 DEBUG Thread-1 scan t_age=8.90 score=0/5 red_total=0 blob=0 aspect=0.00 fg='Star Citizen ' sc=True A=True B=False playing=True
18:21:58 DEBUG Thread-1 scan t_age=10.94 score=230/5 red_total=230 blob=11 aspect=11.00 fg='Star Citizen ' sc=True A=True B=True playing=True
18:22:00 DEBUG Thread-1 scan t_age=12.98 score=0/5 red_total=0 blob=0 aspect=0.00 fg='Star Citizen ' sc=True A=True B=False playing=True
18:22:02 DEBUG Thread-1 scan t_age=15.02 score=13/5 red_total=13 blob=2 aspect=2.00 fg='Star Citizen ' sc=True A=True B=True playing=True
18:22:04 DEBUG Thread-1 scan t_age=17.06 score=25/5 red_total=25 blob=7 aspect=4.00 fg='Star Citizen ' sc=True A=True B=True playing=True
18:22:06 DEBUG Thread-1 scan t_age=19.09 score=36/5 red_total=36 blob=5 aspect=3.00 fg='Star Citizen ' sc=True A=True B=True playing=True
18:22:08 DEBUG Thread-1 scan t_age=21.13 score=26/5 red_total=26 blob=4 aspect=4.00 fg='Star Citizen ' sc=True A=False B=True playing=True
18:22:10 DEBUG Thread-1 scan t_age=23.17 score=0/5 red_total=0 blob=0 aspect=0.00 fg='Star Citizen ' sc=True A=False B=False playing=True
18:22:12 DEBUG Thread-1 scan t_age=25.20 score=0/5 red_total=0 blob=0 aspect=0.00 fg='Star Citizen ' sc=True A=False B=False playing=True
18:22:14 DEBUG Thread-1 scan t_age=27.23 score=0/5 red_total=0 blob=0 aspect=0.00 fg='Star Citizen ' sc=True A=False B=False playing=True
18:22:16 DEBUG Thread-1 scan t_age=29.27 score=0/5 red_total=0 blob=0 aspect=0.00 fg='Star Citizen ' sc=True A=False B=False playing=True
18:22:16 INFO Thread-1 Lock-lost timeout reached (5s): music stopped, T invalidated
18:22:18 DEBUG Thread-1 scan t_age=None score=0/5 red_total=0 blob=0 aspect=0.00 fg='SC Lock Radio' sc=False A=False B=False playing=False
18:22:20 DEBUG Thread-1 scan t_age=None score=0/5 red_total=0 blob=0 aspect=0.00 fg='SC Lock Radio' sc=False A=False B=False playing=False
18:22:22 DEBUG Thread-1 scan t_age=None score=0/5 red_total=0 blob=0 aspect=0.00 fg='SC Lock Radio' sc=False A=False B=False playing=False
18:22:24 DEBUG Thread-1 scan t_age=None score=0/5 red_total=0 blob=0 aspect=0.00 fg='SC Lock Radio' sc=False A=False B=False playing=False
18:22:26 DEBUG Thread-1 scan t_age=None score=0/5 red_total=0 blob=0 aspect=0.00 fg='SC Lock Radio' sc=False A=False B=False playing=False
18:22:28 DEBUG Thread-1 scan t_age=None score=0/5 red_total=0 blob=0 aspect=0.00 fg='SC Lock Radio' sc=False A=False B=False playing=False
18:22:31 DEBUG Thread-1 scan t_age=None score=0/5 red_total=0 blob=0 aspect=0.00 fg='SC Lock Radio' sc=False A=False B=False playing=False
18:22:33 DEBUG Thread-1 scan t_age=None score=0/5 red_total=0 blob=0 aspect=0.00 fg='SC Lock Radio' sc=False A=False B=False playing=False
18:22:35 DEBUG Thread-1 scan t_age=None score=1/5 red_total=1 blob=1 aspect=1.00 fg='SC Lock Radio' sc=False A=False B=False playing=False
18:22:37 DEBUG Thread-1 scan t_age=None score=0/5 red_total=0 blob=0 aspect=0.00 fg='SC Lock Radio' sc=False A=False B=False playing=False
18:22:39 INFO Thread-3 (process) T pressed (event scan_code=20 name=t) - template reset
18:22:40 INFO Thread-3 (process) T pressed (event scan_code=20 name=t) - template reset
18:22:41 INFO Thread-1 T-snapshot #4 saved: red=1 roi=t004_182241_score=1_blob=1_red=1_asp=1.0.png ctx=t004_182241_context.png
18:22:41 INFO Thread-3 (process) T pressed (event scan_code=20 name=t) - template reset
18:22:43 INFO Thread-1 T-snapshot #5 saved: red=0 roi=t005_182243_score=0_blob=0_red=0_asp=0.0.png ctx=t005_182243_context.png
18:22:50 INFO Thread-3 (process) T pressed (event scan_code=20 name=t) - template reset
18:22:51 INFO Thread-1 T-snapshot #6 saved: red=0 roi=t006_182251_score=0_blob=0_red=0_asp=0.0.png ctx=t006_182251_context.png
18:22:51 INFO Thread-3 (process) T pressed (event scan_code=20 name=t) - template reset
18:22:52 INFO Thread-3 (process) T pressed (event scan_code=20 name=t) - template reset
18:22:53 INFO Thread-1 T-snapshot #7 saved: red=0 roi=t007_182253_score=0_blob=0_red=0_asp=0.0.png ctx=t007_182253_context.png
18:32:15 INFO Thread-3 (process) T pressed (event scan_code=20 name=t) - template reset
18:32:15 INFO Thread-1 T-snapshot #8 saved: red=0 roi=t008_183215_score=0_blob=0_red=0_asp=0.0.png ctx=t008_183215_context.png
18:32:16 INFO Thread-3 (process) T pressed (event scan_code=20 name=t) - template reset
18:32:17 INFO Thread-3 (process) T pressed (event scan_code=20 name=t) - template reset
18:32:17 INFO Thread-1 T-snapshot #9 saved: red=0 roi=t009_183217_score=0_blob=0_red=0_asp=0.0.png ctx=t009_183217_context.png
18:32:30 DEBUG Thread-1 scan t_age=12.50 score=0/5 red_total=0 blob=0 aspect=0.00 fg='Star Citizen ' sc=True A=True B=False playing=False
18:32:34 DEBUG Thread-1 scan t_age=16.56 score=0/5 red_total=0 blob=0 aspect=0.00 fg='New Tab - Google Chrome' sc=False A=True B=False playing=False
18:32:36 DEBUG Thread-1 scan t_age=18.59 score=0/5 red_total=0 blob=0 aspect=0.00 fg='New repository - Google Chrome' sc=False A=True B=False playing=False
18:32:38 DEBUG Thread-1 scan t_age=20.63 score=0/5 red_total=0 blob=0 aspect=0.00 fg='New repository - Google Chrome' sc=False A=False B=False playing=False
18:32:40 DEBUG Thread-1 scan t_age=22.67 score=0/5 red_total=0 blob=0 aspect=0.00 fg='New repository - Google Chrome' sc=False A=False B=False playing=False
18:32:42 DEBUG Thread-1 scan t_age=24.70 score=0/5 red_total=0 blob=0 aspect=0.00 fg='New repository - Google Chrome' sc=False A=False B=False playing=False
18:32:44 DEBUG Thread-1 scan t_age=26.74 score=0/5 red_total=0 blob=0 aspect=0.00 fg='New repository - Google Chrome' sc=False A=False B=False playing=False
18:32:46 DEBUG Thread-1 scan t_age=28.77 score=0/5 red_total=0 blob=0 aspect=0.00 fg='New repository - Google Chrome' sc=False A=False B=False playing=False
18:32:48 DEBUG Thread-1 scan t_age=30.81 score=0/5 red_total=0 blob=0 aspect=0.00 fg='New repository - Google Chrome' sc=False A=False B=False playing=False
18:32:50 DEBUG Thread-1 scan t_age=32.84 score=0/5 red_total=0 blob=0 aspect=0.00 fg='New repository - Google Chrome' sc=False A=False B=False playing=False
18:32:52 DEBUG Thread-1 scan t_age=34.87 score=0/5 red_total=0 blob=0 aspect=0.00 fg='New repository - Google Chrome' sc=False A=False B=False playing=False
18:32:54 DEBUG Thread-1 scan t_age=36.91 score=0/5 red_total=0 blob=0 aspect=0.00 fg='New repository - Google Chrome' sc=False A=False B=False playing=False
18:32:56 DEBUG Thread-1 scan t_age=38.94 score=0/5 red_total=0 blob=0 aspect=0.00 fg='New repository - Google Chrome' sc=False A=False B=False playing=False
18:32:58 DEBUG Thread-1 scan t_age=40.98 score=0/5 red_total=0 blob=0 aspect=0.00 fg='New repository - Google Chrome' sc=False A=False B=False playing=False
18:33:00 DEBUG Thread-1 scan t_age=43.01 score=0/5 red_total=0 blob=0 aspect=0.00 fg='New repository - Google Chrome' sc=False A=False B=False playing=False
18:33:02 DEBUG Thread-1 scan t_age=45.05 score=0/5 red_total=0 blob=0 aspect=0.00 fg='New repository - Google Chrome' sc=False A=False B=False playing=False
18:33:04 DEBUG Thread-1 scan t_age=47.08 score=0/5 red_total=0 blob=0 aspect=0.00 fg='New repository - Google Chrome' sc=False A=False B=False playing=False
18:33:06 DEBUG Thread-1 scan t_age=49.12 score=0/5 red_total=0 blob=0 aspect=0.00 fg='New repository - Google Chrome' sc=False A=False B=False playing=False
18:33:08 DEBUG Thread-1 scan t_age=51.15 score=0/5 red_total=0 blob=0 aspect=0.00 fg='New repository - Google Chrome' sc=False A=False B=False playing=False
18:33:10 DEBUG Thread-1 scan t_age=53.19 score=0/5 red_total=0 blob=0 aspect=0.00 fg='New repository - Google Chrome' sc=False A=False B=False playing=False
18:33:12 DEBUG Thread-1 scan t_age=55.22 score=224/5 red_total=224 blob=16 aspect=8.00 fg='New repository - Google Chrome' sc=False A=False B=False playing=False
18:33:15 INFO Thread-3 (process) T pressed (event scan_code=20 name=t) - template reset
18:33:16 INFO Thread-1 T-snapshot #10 saved: red=0 roi=t010_183316_score=0_blob=0_red=0_asp=0.0.png ctx=t010_183316_context.png
18:33:29 DEBUG Thread-1 scan t_age=13.88 score=0/5 red_total=0 blob=0 aspect=0.00 fg='Open' sc=False A=True B=False playing=False
18:33:31 DEBUG Thread-1 scan t_age=15.92 score=0/5 red_total=0 blob=0 aspect=0.00 fg='Open' sc=False A=True B=False playing=False
18:33:33 DEBUG Thread-1 scan t_age=17.96 score=0/5 red_total=0 blob=0 aspect=0.00 fg='Open' sc=False A=True B=False playing=False
18:33:35 DEBUG Thread-1 scan t_age=19.99 score=0/5 red_total=0 blob=0 aspect=0.00 fg='Open' sc=False A=True B=False playing=False
18:33:37 DEBUG Thread-1 scan t_age=22.04 score=0/5 red_total=0 blob=0 aspect=0.00 fg='Open' sc=False A=False B=False playing=False
18:33:39 DEBUG Thread-1 scan t_age=24.07 score=0/5 red_total=0 blob=0 aspect=0.00 fg='Open' sc=False A=False B=False playing=False
18:33:41 DEBUG Thread-1 scan t_age=26.11 score=0/5 red_total=0 blob=0 aspect=0.00 fg='Open' sc=False A=False B=False playing=False
18:33:43 DEBUG Thread-1 scan t_age=28.15 score=0/5 red_total=0 blob=0 aspect=0.00 fg='Open' sc=False A=False B=False playing=False
